hotel,market_segment,deposit_type,lead_time,previous_cancellations,previous_bookings_not_canceled,days_in_waiting_list,booking_changes,total_of_special_requests,Actual,Predicted
0,2,0,14,0,0,0,1,0,0,0
0,6,0,6,0,0,0,0,1,0,0
0,6,0,120,0,0,0,0,0,1,1
1,3,0,0,0,0,0,0,0,0,0
0,4,0,138,0,0,0,0,1,0,0
1,4,1,103,0,0,0,0,0,1,1
0,5,1,226,0,0,0,0,0,1,1
0,6,0,82,0,0,0,0,0,0,1
1,6,0,7,0,0,0,0,2,0,0
0,5,0,151,0,0,63,1,0,0,0
0,6,0,29,0,0,0,0,4,1,0
0,6,0,166,0,0,0,0,1,0,0
0,6,0,110,0,0,0,0,0,0,1
0,6,0,35,0,0,0,0,1,1,0
0,6,0,121,0,0,0,0,1,1,0
0,5,0,53,0,0,0,0,0,0,0
0,6,0,60,0,0,0,0,3,0,0
0,5,1,99,0,0,0,0,0,1,1
0,4,0,9,0,0,0,0,0,0,0
1,4,1,149,0,0,0,0,0,1,1
0,4,0,95,0,0,0,0,1,0,0
0,3,0,9,0,0,0,1,1,0,0
0,5,0,256,0,0,0,0,0,0,0
1,6,0,33,0,0,0,0,1,0,0
0,5,0,301,0,0,0,0,1,0,0
0,6,0,38,0,0,0,0,1,0,0
0,2,0,7,0,1,0,0,0,0,0
0,6,0,13,0,0,0,0,0,0,1
0,6,0,138,0,0,0,0,1,1,0
0,6,0,141,0,0,0,0,2,1,0
0,6,0,7,0,0,0,0,1,1,0
0,5,0,50,0,0,43,0,1,0,0
0,5,0,177,0,0,0,0,0,1,1
0,4,0,55,0,0,0,0,0,0,0
1,5,0,53,0,0,0,0,0,0,0
0,6,0,37,0,0,0,0,1,1,0
0,6,0,0,0,0,0,0,1,0,0
0,1,0,34,0,0,0,0,1,0,0
0,5,1,108,1,0,0,0,0,1,1
1,4,0,26,0,0,0,0,0,1,0
1,4,0,302,0,0,0,0,0,1,1
0,3,0,0,0,0,0,0,0,0,0
1,6,0,37,0,0,0,1,1,0,0
1,5,0,126,0,0,0,0,0,0,0
0,6,0,267,0,0,0,0,0,1,1
0,5,1,102,0,0,0,0,0,1,1
0,6,0,19,0,0,0,1,0,1,0
1,6,0,319,0,0,0,0,1,1,1
0,6,0,126,0,0,0,0,1,0,0
0,4,1,92,0,0,0,0,0,1,1
0,6,0,139,0,0,0,0,0,1,1
0,6,0,245,0,0,0,0,1,0,0
0,6,0,3,0,0,0,0,1,0,0
0,3,0,224,0,0,0,0,2,1,0
0,6,0,22,0,0,0,0,0,1,1
0,3,0,4,0,1,0,0,1,0,0
0,2,0,3,0,0,0,0,0,0,0
1,6,0,225,0,0,0,0,1,1,1
0,4,1,358,0,0,0,0,0,1,1
1,6,0,119,0,0,0,0,1,1,0
1,4,0,40,0,0,0,0,0,0,0
0,5,1,162,0,0,0,0,0,1,1
0,5,0,151,0,0,0,0,0,0,0
0,6,0,332,0,0,0,0,0,1,1
0,3,0,150,0,0,0,0,0,0,0
0,5,0,153,0,0,0,0,3,0,0
1,3,0,34,0,0,0,0,3,0,0
0,6,0,129,0,0,0,1,0,0,0
1,6,0,80,0,0,0,0,1,0,1
0,6,0,29,0,0,0,0,0,1,1
0,6,0,239,0,0,0,0,3,0,0
1,6,0,130,0,0,0,1,2,0,0
1,4,0,0,0,0,0,0,0,0,0
0,2,0,0,0,0,0,0,0,0,0
0,2,0,27,0,0,0,2,0,0,0
0,6,0,18,0,0,0,0,0,1,1
0,6,0,72,0,0,0,0,0,0,1
0,6,0,178,0,0,0,0,2,0,0
0,3,0,184,0,0,0,0,0,0,0
1,4,0,9,0,0,0,0,0,0,1
1,6,0,56,0,0,0,0,1,0,0
1,2,0,23,1,8,0,0,0,0,0
0,5,0,7,0,0,0,0,1,0,0
0,3,0,8,0,0,0,0,0,0,0
0,4,0,233,0,0,0,0,1,0,0
0,5,0,192,0,0,0,0,0,0,0
0,6,0,81,0,0,0,0,1,0,0
0,4,1,278,1,0,0,0,0,1,1
0,3,0,26,0,0,0,0,1,0,0
1,6,0,92,0,0,0,0,0,1,1
1,5,0,272,0,0,0,0,0,0,0
0,6,0,142,0,0,0,0,2,0,0
1,6,0,303,0,0,0,0,3,1,0
1,5,0,55,0,0,0,0,0,0,0
0,5,0,386,0,0,0,0,1,0,0
1,6,0,53,0,0,0,0,1,0,0
0,6,0,27,0,0,0,1,1,0,0
1,6,0,128,0,0,0,0,1,1,1
0,6,0,199,0,0,0,1,2,0,1
0,6,0,183,0,0,0,2,1,0,0
1,6,0,20,0,0,0,0,1,1,0
1,4,0,57,0,0,0,0,0,1,0
0,6,0,6,0,0,0,0,0,1,0
0,4,1,447,0,0,0,0,0,1,1
0,6,0,3,0,0,0,0,1,0,0
0,6,0,97,0,0,0,0,0,1,1
0,4,0,72,0,0,58,0,0,0,0
0,6,0,169,0,0,0,0,1,0,0
0,4,0,198,0,0,98,0,0,0,0
0,5,0,106,0,0,0,0,2,0,0
0,5,0,76,0,0,0,0,0,1,1
0,3,0,6,0,0,0,0,0,0,0
0,5,0,220,1,0,0,0,0,1,1
0,4,0,68,0,0,0,0,0,1,0
0,3,0,6,0,0,0,0,2,0,0
0,6,0,69,0,0,0,0,1,0,0
1,3,0,0,0,0,0,0,1,0,0
1,2,0,6,0,0,0,0,0,0,0
1,3,0,0,0,0,0,0,0,0,0
1,5,0,11,0,0,0,0,0,0,0
0,6,0,47,0,0,0,0,1,0,0
0,6,0,30,0,0,0,2,0,0,0
0,6,0,39,0,0,0,0,2,0,0
1,6,0,27,0,0,0,0,1,0,0
0,6,0,11,0,0,0,0,2,0,0
0,4,1,104,0,0,0,0,0,1,1
0,6,0,5,0,0,0,0,0,0,0
0,6,0,203,0,0,0,1,1,0,0
0,5,0,145,0,0,0,0,1,0,0
0,2,0,22,0,0,0,0,0,1,0
0,5,0,3,0,0,0,0,1,0,0
0,6,0,66,0,0,0,0,1,0,0
0,3,0,0,0,0,0,0,0,0,0
0,6,0,199,0,0,0,1,1,1,0
0,3,0,0,0,0,0,0,0,0,0
1,5,0,115,0,0,0,3,1,0,0
0,5,0,89,1,0,0,0,0,1,1
1,6,0,1,0,0,0,0,1,0,0
0,6,0,0,0,0,0,0,0,0,0
0,6,0,53,0,0,0,0,0,0,1
0,4,0,8,0,0,0,0,0,0,0
1,3,0,23,0,0,0,0,1,0,0
0,6,0,214,0,0,0,0,0,1,1
1,6,0,3,0,0,0,0,0,0,0
0,6,0,55,1,0,0,0,0,1,1
0,6,0,19,0,0,0,0,1,0,0
0,6,0,84,0,0,0,0,1,0,0
0,6,0,158,0,0,0,0,0,0,1
0,5,0,405,0,0,0,0,0,0,0
1,3,0,5,0,0,0,1,0,0,0
0,4,0,70,0,0,0,0,0,0,0
0,4,0,27,0,0,0,0,0,0,1
0,4,0,215,0,0,0,1,0,0,0
0,6,0,51,0,0,0,0,2,1,0
1,3,0,0,0,0,0,0,0,0,0
0,6,0,88,0,0,0,0,2,0,0
1,6,0,51,0,0,0,0,2,0,0
0,6,0,207,0,0,0,0,3,0,0
1,5,0,39,0,0,0,0,0,0,0
0,4,1,126,0,0,39,0,0,1,1
1,6,0,4,0,0,0,0,2,0,0
0,6,0,148,0,0,0,0,0,0,1
1,5,0,96,0,0,0,0,0,0,0
1,5,0,207,1,0,0,0,0,1,1
1,4,1,232,0,0,0,0,0,1,1
0,6,0,50,0,0,0,0,1,0,0
0,3,0,13,0,0,0,0,0,0,0
1,6,0,95,0,0,0,0,1,0,1
0,3,0,1,0,0,0,1,0,0,0
0,4,1,247,0,0,0,0,0,1,1
1,6,0,269,0,0,0,1,0,1,1
0,6,0,8,0,0,0,0,1,1,0
0,4,1,358,1,0,0,0,0,1,1
0,5,0,138,0,0,0,0,0,0,0
0,6,0,4,0,0,0,0,2,0,0
1,6,0,56,0,0,0,0,2,0,1
0,6,0,118,0,0,0,0,1,1,0
0,4,1,343,1,0,0,0,0,1,1
1,6,0,2,0,0,0,0,1,0,0
0,6,0,42,0,0,0,0,0,1,1
1,6,0,110,0,0,0,0,0,1,1
0,6,0,236,0,0,0,0,2,1,0
1,6,0,10,0,0,0,0,1,0,0
0,5,0,33,0,0,0,0,1,1,0
0,2,0,41,0,0,0,0,0,0,0
0,6,0,173,0,0,0,0,1,0,0
0,4,1,358,1,0,0,0,0,1,1
0,6,0,205,0,0,0,3,0,1,0
1,6,0,4,0,0,0,1,2,1,0
0,4,1,359,1,0,0,0,0,1,1
0,6,0,25,0,0,0,0,0,1,0
0,3,0,54,0,0,0,0,0,0,1
0,5,1,444,1,0,39,0,0,1,1
1,6,0,48,0,0,0,1,0,0,0
1,5,0,29,0,0,0,0,0,0,0
0,5,1,197,1,0,25,0,0,1,1
0,5,0,53,0,0,0,0,0,1,0
1,3,0,1,0,0,0,0,1,1,0
1,4,0,244,24,0,0,0,0,1,1
0,5,0,15,0,0,0,0,0,0,0
1,3,0,1,0,0,0,0,0,0,0
0,4,0,158,0,0,0,0,1,0,0
0,4,1,440,0,0,0,0,0,1,1
1,5,0,0,0,0,0,0,0,0,0
0,4,1,59,0,0,0,0,0,1,1
0,6,0,89,0,0,0,0,2,1,0
1,4,0,155,0,0,0,0,1,0,0
1,3,0,154,0,0,0,0,2,0,0
1,5,0,41,0,0,0,0,1,0,0
0,6,0,247,0,0,0,0,1,0,1
0,5,0,359,0,0,0,1,3,0,0
1,6,0,9,0,0,0,0,1,0,0
0,6,0,11,0,0,0,0,1,0,0
1,6,0,115,0,0,0,0,0,1,1
1,6,0,55,0,0,0,2,1,0,0
1,3,0,46,0,0,0,5,0,0,0
0,5,0,298,0,0,0,0,0,1,1
0,6,0,37,0,0,0,0,0,1,1
0,6,0,5,0,0,0,1,1,0,0
1,4,0,49,0,0,0,0,0,0,1
0,6,0,272,0,0,0,3,2,0,0
0,3,0,91,0,0,0,0,0,1,0
0,6,0,47,0,0,0,0,0,0,1
0,3,0,86,0,0,0,1,1,0,0
1,3,0,0,0,0,0,1,1,0,0
0,6,0,11,0,0,0,0,1,0,0
1,6,0,337,0,0,0,0,1,0,1
0,4,0,263,0,0,0,1,1,1,0
0,5,0,16,0,0,0,1,0,0,0
0,5,1,176,1,0,0,0,0,1,1
0,3,0,50,0,0,0,0,3,1,1
1,4,0,62,0,0,0,1,0,0,0
0,6,0,25,0,0,0,0,1,0,0
0,6,0,81,0,0,0,0,2,0,0
0,6,0,26,0,0,0,0,0,1,1
0,6,0,8,0,0,0,0,2,0,0
1,3,0,0,0,0,0,0,0,1,0
0,6,0,76,0,0,0,0,1,0,0
0,4,0,269,1,0,0,0,0,1,1
1,5,0,234,0,0,0,0,1,0,0
1,4,0,80,0,0,0,3,0,0,0
0,6,0,23,0,0,0,0,0,0,1
1,3,0,68,0,0,0,0,0,0,0
1,3,0,9,0,0,0,0,0,0,0
0,3,0,2,0,0,0,0,2,0,0
0,3,0,1,0,0,0,2,0,0,0
0,6,0,69,0,0,0,2,0,1,0
0,6,0,123,0,0,0,0,1,0,1
0,5,0,265,0,0,0,1,0,0,0
0,4,1,96,0,0,0,0,0,1,1
1,6,0,60,0,0,0,0,1,1,0
0,5,0,120,0,0,0,0,0,0,0
0,4,0,213,0,0,0,1,0,0,0
0,6,0,55,0,0,0,0,0,1,1
0,5,0,181,0,0,0,0,0,0,0
0,6,0,47,0,0,0,0,1,0,0
0,3,0,20,0,0,0,0,1,1,0
1,3,0,12,0,1,0,2,0,0,0
0,3,0,18,0,0,0,0,0,1,1
1,5,0,207,1,0,0,0,0,1,1
0,5,0,192,0,0,0,0,0,0,0
0,6,0,39,0,0,0,0,0,0,1
1,6,0,13,0,0,0,0,0,0,1
1,6,0,60,0,0,0,0,0,1,1
0,6,0,79,0,0,0,1,1,0,0
0,5,1,205,0,0,0,0,0,1,1
0,6,0,7,0,0,0,0,0,0,0
0,4,0,17,0,0,0,0,0,1,0
0,4,0,12,1,0,0,0,0,1,1
0,6,0,25,0,0,0,0,0,0,0
0,6,0,75,0,0,0,0,1,0,0
1,6,0,184,0,0,0,0,1,1,1
1,6,0,8,0,0,0,0,0,0,0
0,5,0,73,0,0,27,0,0,0,0
1,6,0,98,0,0,0,0,0,0,1
1,5,0,43,0,0,0,0,0,0,0
1,4,0,279,1,0,0,0,0,1,1
0,6,0,69,0,0,0,0,3,0,0
0,6,0,150,0,0,0,0,3,0,0
0,4,0,72,0,0,0,0,0,0,0
1,5,0,272,0,0,0,0,0,0,0
1,6,0,76,0,0,0,0,2,0,0
0,4,0,282,0,0,48,0,0,1,1
1,4,0,24,0,0,0,1,0,0,0
0,6,0,229,0,0,0,0,0,1,1
0,6,0,6,0,0,0,0,0,0,0
0,1,0,4,0,0,0,0,2,0,0
0,6,0,119,0,0,0,0,0,0,0
0,6,0,12,0,0,0,0,0,0,1
0,5,0,257,0,0,0,0,0,0,0
0,4,1,311,1,0,0,0,0,1,1
1,6,0,46,0,0,0,0,0,1,1
1,5,0,64,0,0,0,0,0,0,0
0,6,0,130,0,0,0,0,1,0,0
1,3,0,26,0,0,0,0,1,1,0
0,6,0,156,0,0,0,0,0,1,1
0,5,0,70,0,0,0,0,1,0,0
0,2,1,113,0,0,0,0,0,1,1
0,5,1,161,0,0,101,0,0,1,1
1,6,0,26,0,0,0,1,1,0,0
1,5,0,89,0,0,0,0,0,0,0
0,6,0,152,0,0,0,0,1,1,0
0,6,0,8,0,0,0,0,1,0,0
0,6,0,47,0,0,0,0,2,0,0
0,6,0,1,0,0,0,0,0,0,0
1,6,0,44,0,0,0,0,2,1,0
0,5,0,192,0,0,0,1,0,0,0
0,6,0,233,0,0,0,0,0,1,1
0,4,1,120,0,0,0,0,0,1,1
1,6,0,29,0,0,0,0,0,0,1
0,6,0,45,0,0,0,0,2,1,0
0,6,0,208,0,0,0,0,0,1,1
0,6,0,45,0,0,0,1,0,0,0
1,5,0,147,0,0,0,0,1,0,0
1,3,0,66,0,0,0,1,0,0,0
0,6,0,42,0,0,0,0,2,0,0
0,6,0,31,0,0,0,1,1,0,0
0,6,0,262,0,0,0,0,2,0,1
1,6,0,46,0,0,0,0,0,1,1
1,6,0,102,0,0,0,0,2,0,0
0,6,0,46,0,0,0,0,1,0,0
0,6,0,178,0,0,0,0,2,0,0
0,2,0,32,0,0,0,1,0,0,0
1,5,0,83,0,0,0,0,2,0,0
0,1,0,4,2,0,0,0,2,1,0
0,6,0,3,0,0,0,0,2,0,0
1,6,0,3,0,0,0,0,1,0,0
0,5,1,210,0,0,0,0,0,1,1
0,2,1,11,0,0,0,0,0,1,1
1,2,0,2,0,12,0,0,0,0,0
0,6,0,116,0,0,0,0,1,0,0
1,6,0,58,0,0,0,0,0,0,1
1,6,0,168,0,0,0,0,0,1,1
1,5,0,156,0,0,0,0,0,0,0
0,5,0,207,1,0,0,0,0,1,1
1,6,0,15,0,0,0,0,1,0,0
1,6,0,131,0,0,0,0,2,0,0
0,6,0,30,0,0,0,0,0,1,1
1,2,0,4,0,0,0,1,0,0,0
0,5,1,317,0,0,0,0,0,1,1
0,5,0,47,0,0,0,0,1,0,0
0,5,0,36,0,0,0,0,0,1,0
0,4,0,414,0,0,0,1,0,0,0
0,2,0,51,0,0,0,0,0,1,0
0,4,1,337,0,0,0,0,0,1,1
1,6,0,10,0,0,0,1,1,0,0
0,6,0,14,0,0,0,0,1,0,0
0,6,0,42,0,0,0,0,0,0,1
0,4,1,302,0,0,0,0,0,1,1
0,4,0,279,1,0,0,0,0,1,1
0,5,1,245,0,0,0,0,0,1,1
0,0,0,4,0,2,0,1,0,0,0
1,5,0,173,0,0,0,0,0,0,0
1,5,0,107,0,0,0,0,1,0,0
0,6,0,12,0,0,0,0,2,0,0
0,5,1,245,0,0,0,0,0,1,1
0,5,0,0,0,0,0,0,0,0,0
0,6,0,333,0,0,0,0,0,1,1
0,5,0,395,0,0,0,0,1,0,0
1,3,0,19,0,0,0,1,0,1,0
0,6,0,185,0,0,0,0,2,0,0
1,5,0,102,0,0,0,0,1,0,0
1,1,0,45,0,0,0,1,0,0,1
1,6,0,0,0,0,0,2,0,0,0
0,5,0,25,0,0,0,0,0,0,0
1,4,1,259,1,0,0,0,0,1,1
1,5,0,6,0,0,0,1,0,0,0
0,5,0,28,0,0,0,0,1,0,0
0,5,1,105,0,0,0,0,0,1,1
0,6,0,217,0,0,0,0,0,0,1
0,3,0,3,0,0,0,0,0,0,0
0,3,0,76,0,0,0,0,0,0,1
1,4,1,155,0,0,0,0,0,1,1
0,3,0,0,0,0,0,0,0,0,0
0,6,0,258,0,0,0,0,2,1,0
1,5,0,136,0,0,0,1,0,0,0
0,5,1,140,0,0,0,0,0,1,1
0,3,0,112,0,0,0,0,3,1,0
0,6,0,22,0,0,0,0,3,0,0
0,5,0,26,0,0,0,0,0,0,0
1,5,0,63,0,0,0,0,0,0,0
0,6,0,238,1,0,0,0,2,1,1
1,3,0,1,0,0,0,0,0,0,0
0,4,1,299,1,0,0,0,0,1,1
0,6,0,23,0,0,0,0,1,0,0
0,6,0,16,0,0,0,1,1,0,0
0,6,0,31,0,0,0,0,0,1,1
1,4,1,108,0,0,0,0,0,1,1
1,5,0,14,0,0,0,1,0,0,0
1,6,0,65,0,0,0,0,1,0,0
0,6,0,6,0,0,0,0,3,0,0
1,3,0,21,0,0,0,0,0,0,0
1,5,0,230,0,0,0,0,1,0,0
1,2,0,8,0,1,0,0,0,0,0
0,6,0,0,0,0,0,0,0,1,0
0,6,0,221,0,0,0,1,1,0,1
1,6,0,42,0,0,0,0,1,0,0
0,3,0,75,0,0,0,2,1,1,1
0,6,0,66,0,0,0,0,2,0,0
1,6,0,85,0,0,0,0,0,1,1
1,2,0,2,0,0,0,0,0,0,0
0,6,0,0,0,0,0,0,1,0,0
0,6,0,4,0,0,0,0,1,0,0
0,4,0,81,0,0,0,0,0,1,1
0,6,0,3,0,0,0,0,2,0,0
0,4,1,126,0,0,39,0,0,1,1
0,6,0,65,0,0,0,0,2,0,0
0,5,0,335,0,0,0,0,0,0,0
0,6,0,22,0,0,0,0,1,0,0
0,6,0,179,0,0,0,0,1,0,0
0,6,0,13,0,0,0,0,0,0,1
1,3,0,328,0,0,0,0,0,1,1
0,4,1,489,0,0,0,0,0,1,1
1,6,0,293,0,0,0,0,0,1,1
1,4,0,3,0,0,0,0,0,0,0
0,6,0,0,0,0,0,1,3,0,0
1,5,0,19,0,0,0,1,0,0,0
1,6,0,245,0,0,0,0,2,1,1
1,3,0,26,0,0,0,0,0,1,0
1,6,0,0,0,0,0,0,2,0,0
1,6,0,20,0,0,0,0,1,0,0
0,6,0,121,0,0,0,0,1,0,0
0,6,0,58,0,0,0,0,1,0,0
0,6,0,52,0,0,0,0,1,0,0
0,5,1,92,0,0,0,0,0,1,1
0,5,1,180,0,0,0,0,0,1,1
1,6,0,161,0,0,0,1,0,1,0
0,5,0,219,0,0,0,2,0,0,0
0,2,0,10,0,6,0,0,0,0,0
0,5,1,155,0,0,0,0,0,1,1
0,6,0,36,0,0,0,0,1,0,0
0,4,1,318,1,0,0,0,0,1,1
1,6,0,90,0,0,0,0,0,1,0
0,5,0,88,0,0,0,1,1,0,0
0,6,0,11,0,0,0,0,1,0,0
0,5,1,161,0,0,101,0,0,1,1
1,6,0,165,0,0,0,0,1,1,0
0,6,0,34,0,0,0,0,1,0,0
0,4,0,265,1,0,0,0,0,1,1
0,5,0,138,0,0,0,0,0,0,0
0,5,1,210,0,0,0,0,0,1,1
0,6,0,178,0,0,0,0,0,1,1
0,5,0,150,0,0,63,1,0,1,0
1,5,0,128,0,0,0,0,0,0,0
1,6,0,55,0,0,0,0,2,0,0
1,4,1,74,0,0,0,0,0,1,1
1,4,0,195,0,0,0,1,0,1,0
0,3,0,0,0,0,0,1,0,0,0
1,6,0,148,0,0,0,1,2,1,0
1,6,0,39,0,0,0,0,2,0,0
0,3,0,37,0,0,0,0,0,0,0
1,3,0,263,0,0,0,1,1,0,0
0,5,0,36,0,0,0,0,1,0,0
0,6,0,173,0,0,0,0,0,0,1
0,6,0,249,0,0,0,0,1,1,0
1,5,0,0,0,0,0,0,1,0,0
0,5,0,33,1,0,0,0,1,1,1
0,3,0,220,0,0,0,0,0,0,0
0,5,1,278,0,0,0,0,0,1,1
0,6,0,1,0,0,0,0,0,0,0
0,6,0,287,0,0,0,0,0,1,1
0,6,0,44,0,0,0,0,1,0,0
0,6,0,170,0,0,0,0,1,0,0
1,3,0,4,0,0,0,0,2,0,0
0,6,0,218,0,0,0,0,3,1,0
0,4,0,2,0,0,0,0,1,0,0
1,6,0,202,0,0,0,0,0,0,1
0,3,0,155,0,0,0,2,0,0,1
0,4,1,89,0,0,0,0,0,1,1
0,4,1,538,0,0,0,0,0,1,1
0,6,0,84,0,0,0,1,1,0,0
0,6,0,243,0,0,0,0,1,0,0
0,6,0,195,0,0,0,0,1,0,1
0,5,0,386,0,0,0,0,1,0,0
1,6,0,76,0,1,0,0,1,0,0
1,5,0,44,0,0,0,0,1,0,0
0,3,0,19,0,0,0,0,1,0,0
1,5,0,338,0,0,0,0,2,0,0
0,5,1,103,0,0,0,0,0,1,1
0,5,1,30,0,0,0,0,0,1,1
0,5,1,364,1,0,0,0,0,1,1
0,6,0,103,0,0,0,0,0,0,1
0,6,0,54,0,0,0,2,0,0,1
0,6,0,240,0,0,0,0,1,1,1
0,6,0,0,0,0,0,0,0,0,0
1,4,0,100,0,0,0,6,0,0,0
1,6,0,319,0,0,0,0,2,1,1
0,3,0,27,0,0,0,1,0,0,0
1,3,0,27,0,0,0,1,1,0,0
0,6,0,8,0,0,0,0,1,1,0
0,4,0,297,0,0,236,0,0,0,0
0,5,1,167,0,0,0,0,0,1,1
0,5,0,39,0,0,0,0,1,0,0
0,4,1,175,0,0,0,0,0,1,1
1,6,0,35,0,0,0,0,1,0,0
0,4,1,5,0,0,0,0,0,1,1
0,2,0,12,0,0,0,0,0,0,0
0,1,0,0,0,0,0,0,2,0,0
0,6,0,35,0,0,0,0,1,0,0
0,6,0,11,0,0,0,0,1,1,0
0,6,0,178,0,0,0,0,1,0,0
0,3,0,9,0,0,0,0,0,0,0
0,5,0,127,0,0,0,0,0,0,0
0,4,0,14,0,0,0,1,1,0,0
1,3,0,143,0,0,0,0,1,0,0
0,3,0,218,0,0,0,2,1,0,0
1,6,0,11,0,0,0,2,1,0,0
1,3,0,193,0,0,0,0,2,0,0
0,4,1,165,1,0,0,0,0,1,1
0,6,0,64,0,0,0,0,2,1,0
0,5,0,85,0,0,0,0,0,0,0
0,1,0,6,0,0,0,0,0,0,0
0,6,0,152,0,0,0,0,1,1,0
0,2,0,7,0,3,0,2,0,0,0
0,6,0,14,0,0,0,0,3,0,0
1,2,0,4,0,0,0,0,0,0,0
0,5,1,259,0,0,0,0,0,1,1
1,6,0,50,0,0,0,1,1,0,0
0,5,0,81,0,0,0,0,0,0,0
0,4,1,8,1,0,0,0,0,1,1
0,6,0,5,0,0,0,0,1,0,0
0,6,0,28,0,0,0,0,3,0,0
0,5,0,131,0,0,0,0,0,0,1
1,4,0,80,0,0,0,0,0,0,0
1,6,0,31,0,0,0,0,0,1,1
1,3,0,13,0,0,0,0,0,0,0
1,6,0,119,0,0,0,0,1,1,0
0,6,0,63,0,0,0,0,1,0,0
1,5,0,125,0,0,0,0,0,0,0
0,6,0,92,0,0,0,0,0,0,1
0,6,0,191,0,0,0,0,0,0,1
0,6,0,1,0,0,0,0,1,0,0
0,6,0,4,0,0,0,0,1,0,0
0,6,0,36,1,0,0,0,1,1,1
0,6,0,57,0,0,0,0,1,0,0
0,5,1,101,0,0,41,0,0,1,1
0,6,0,3,0,0,0,1,1,0,0
1,6,0,16,0,0,0,0,2,0,0
0,6,0,122,0,0,0,0,0,1,0
0,6,0,72,0,0,0,0,1,1,0
0,4,1,496,0,0,0,0,0,1,1
0,4,1,158,0,0,31,0,0,1,1
0,6,0,116,0,0,0,1,1,0,0
0,6,0,183,0,0,0,0,0,1,1
0,6,0,185,0,0,0,0,0,1,1
1,6,0,62,0,0,0,1,2,1,0
0,4,1,391,0,0,0,0,0,1,1
0,6,0,28,0,0,0,0,1,0,0
0,3,0,26,0,0,0,0,2,0,0
1,5,0,178,0,0,0,0,0,0,0
1,2,0,9,3,2,0,0,0,1,1
0,6,0,39,0,0,0,2,0,0,0
0,5,0,418,0,0,223,0,0,0,0
1,6,0,22,0,0,0,1,1,0,0
0,6,0,52,0,0,0,1,2,0,0
0,6,0,19,0,0,0,0,1,1,0
0,6,0,51,0,0,0,0,0,1,1
0,4,0,25,0,0,0,0,0,0,1
1,6,0,40,0,0,0,0,1,1,0
0,4,0,100,0,0,0,0,0,1,1
1,6,0,152,0,0,0,0,1,1,0
0,2,0,7,0,0,0,1,1,0,0
0,6,0,252,0,0,0,0,0,1,1
0,2,0,10,0,0,0,0,0,0,0
1,6,0,111,0,0,0,0,0,1,1
0,6,0,91,0,0,0,2,4,0,0
0,4,0,321,1,0,0,0,0,1,1
1,5,0,219,0,0,0,0,0,0,1
0,6,0,56,0,0,0,0,2,0,0
0,5,0,270,0,0,187,0,0,0,1
0,4,1,120,0,0,0,0,0,1,1
1,3,0,108,0,0,0,0,2,0,0
0,6,0,182,0,0,0,0,0,1,1
0,6,0,5,11,4,0,0,1,0,0
0,6,0,55,0,0,0,0,0,1,1
1,3,0,10,0,0,0,0,2,0,0
0,2,0,7,0,2,0,2,0,0,0
0,2,0,26,0,0,0,0,0,1,1
0,6,0,192,0,0,0,2,2,0,0
1,6,0,42,0,0,0,0,2,0,1
1,3,0,0,0,0,0,0,0,0,0
0,4,0,198,0,0,98,1,0,0,1
0,6,0,60,0,0,0,0,1,1,0
0,6,0,132,0,0,0,0,0,0,0
0,5,0,16,0,0,0,0,0,0,0
0,5,1,109,1,0,44,0,0,1,1
0,4,0,83,0,0,0,0,0,1,0
0,3,0,17,1,0,0,0,0,1,1
1,3,0,128,0,0,0,0,0,0,0
0,3,0,0,0,0,0,1,0,0,0
0,6,0,42,1,0,0,0,0,1,1
0,6,0,208,0,0,0,0,1,0,0
0,6,0,32,0,0,0,0,2,0,0
0,4,1,42,0,0,0,0,0,1,1
1,4,0,5,0,0,0,0,0,0,0
0,3,0,1,0,0,0,0,2,0,0
0,4,1,68,1,0,0,0,0,1,1
0,5,0,28,0,0,0,0,0,0,0
0,6,0,16,0,0,0,0,1,0,0
1,5,0,165,0,0,0,0,0,1,0
1,4,0,386,0,0,0,2,0,0,0
0,5,0,65,0,0,0,0,0,0,0
0,6,0,66,0,0,0,0,1,0,0
0,4,1,22,0,0,0,0,0,1,1
0,6,0,30,0,0,0,0,1,0,0
1,2,0,0,0,0,0,0,0,0,0
1,3,0,50,0,0,0,0,0,0,0
0,6,0,107,0,0,0,0,2,0,0
0,6,0,53,0,0,0,0,1,0,0
0,6,0,220,0,0,0,1,1,1,0
0,5,0,273,0,0,0,0,0,0,0
0,5,0,17,0,0,17,0,0,0,0
1,3,0,0,0,0,0,0,0,0,0
0,6,0,0,0,0,0,0,1,0,0
1,6,0,131,0,0,0,0,2,0,0
0,4,1,61,0,0,0,0,0,1,1
0,5,0,199,1,0,0,0,0,1,1
1,4,0,203,0,0,0,5,0,0,0
0,4,0,98,0,0,0,1,0,0,0
0,6,0,161,0,0,0,0,3,0,0
0,5,0,63,0,0,0,0,0,0,0
0,6,0,16,0,0,0,0,1,0,0
0,2,0,1,0,7,0,0,0,0,0
1,6,0,119,0,0,0,0,0,0,1
0,6,0,134,0,0,0,0,2,0,0
0,6,0,129,0,0,0,0,1,1,0
1,4,1,183,0,0,0,0,0,1,1
0,6,0,13,0,0,0,0,0,0,1
1,4,1,259,1,0,0,0,0,1,1
0,6,0,27,0,0,0,0,0,1,1
1,6,0,329,0,0,0,0,0,1,1
0,6,0,9,0,0,0,2,0,0,0
0,3,0,163,0,0,0,1,1,0,0
0,5,1,233,1,0,0,0,0,1,1
1,3,0,75,0,0,0,2,0,0,0
0,6,0,311,0,0,0,0,0,0,1
0,4,0,16,0,0,0,1,0,0,0
0,4,1,89,0,0,0,0,0,1,1
1,6,0,14,0,0,0,0,1,0,0
1,3,0,9,0,0,0,1,1,0,0
0,5,0,28,0,0,0,0,0,0,0
0,6,0,181,0,0,0,0,1,1,0
0,6,0,4,0,0,0,0,1,0,0
0,3,0,30,0,0,0,0,2,0,0
0,4,0,279,1,0,0,0,0,1,1
0,4,1,454,0,0,0,0,0,1,1
1,6,0,116,0,0,0,0,0,1,1
0,5,1,168,0,0,77,0,0,1,1
0,6,0,58,0,0,0,0,1,1,0
0,6,0,53,0,0,0,0,0,1,1
0,5,1,103,0,0,0,0,0,1,1
1,3,0,0,0,0,0,0,0,0,0
1,6,0,1,0,1,0,0,0,0,0
0,5,1,288,1,0,0,1,0,1,1
0,6,0,28,0,0,0,0,0,0,1
0,5,1,197,1,0,25,0,0,1,1
0,6,0,118,0,0,0,0,0,1,1
1,2,0,43,0,0,0,2,1,0,0
1,2,0,1,0,0,0,0,0,1,0
0,3,0,0,0,0,0,0,0,0,0
0,5,0,59,0,0,0,0,0,0,0
0,6,0,141,0,0,0,0,1,0,0
1,6,0,153,0,0,0,0,1,0,1
0,6,0,315,0,0,0,0,3,0,0
0,6,0,23,0,0,0,0,2,0,0
1,5,0,204,0,0,0,0,1,0,0
0,6,0,128,0,0,0,0,1,0,0
1,5,0,104,0,0,0,0,0,0,0
1,3,0,0,0,0,0,0,0,0,0
0,1,0,9,4,19,0,0,1,0,0
0,5,0,96,0,0,0,0,0,0,0
1,3,0,0,0,0,0,0,0,0,0
0,3,0,0,0,0,0,0,0,0,0
0,6,0,179,0,0,0,0,2,0,0
0,5,0,56,0,0,0,1,0,0,0
1,6,0,73,0,0,0,0,0,1,1
0,5,1,78,0,0,0,0,0,1,1
0,6,0,31,0,0,0,0,0,0,1
1,4,1,124,0,0,0,0,0,1,1
0,5,0,133,0,0,0,0,1,0,0
1,4,1,92,1,0,0,0,0,1,1
0,6,0,146,0,0,0,0,0,1,1
1,6,0,36,0,0,0,0,1,1,0
1,6,0,203,0,0,0,0,0,1,1
0,5,0,146,0,0,0,0,1,0,0
0,6,0,61,0,0,0,0,1,0,0
1,6,0,106,0,0,0,0,0,1,1
0,5,0,135,0,0,0,0,0,0,0
1,4,0,283,0,0,0,0,0,0,0
0,3,0,1,0,0,0,0,1,0,0
0,4,0,168,0,0,0,0,0,0,0
1,6,0,55,0,0,0,1,1,0,0
1,6,0,243,1,0,0,0,1,1,1
0,4,0,72,0,0,58,0,0,0,0
0,2,0,28,0,0,0,0,0,0,0
0,6,0,168,0,0,0,0,2,0,0
0,6,0,189,0,0,0,0,0,1,1
1,6,0,0,0,0,0,0,0,0,0
1,6,0,134,0,0,0,0,1,0,1
1,6,0,141,0,0,0,0,1,0,1
0,4,0,158,0,0,0,0,1,0,0
1,4,0,40,0,0,0,0,0,0,0
1,3,0,64,0,0,0,1,1,0,0
1,6,0,195,0,0,0,0,1,0,0
1,6,0,2,0,0,0,0,1,1,0
0,2,0,8,0,5,0,0,0,1,0
1,6,0,192,0,0,0,0,2,0,0
1,3,0,17,0,0,0,0,0,0,0
0,6,0,237,0,0,0,1,0,1,1
0,6,0,162,0,0,0,0,1,0,0
0,4,1,50,0,0,0,0,0,1,1
1,5,0,272,0,0,0,0,0,0,0
0,5,1,313,0,0,0,0,0,1,1
1,3,0,1,0,0,0,0,0,0,0
0,6,0,49,0,0,0,0,0,0,1
0,5,0,14,0,0,0,0,0,0,0
0,5,0,37,0,0,0,0,0,1,1
1,2,0,112,0,0,0,0,0,0,0
0,6,0,51,0,0,0,0,0,1,1
0,6,0,111,0,0,0,0,3,1,0
1,3,0,208,0,0,0,0,1,0,0
1,4,1,259,1,0,0,0,0,1,1
0,3,0,52,0,0,0,0,0,1,0
0,4,1,239,1,0,0,0,0,1,1
0,5,1,301,1,0,0,0,0,1,1
0,4,0,8,0,0,0,1,0,0,0
0,4,1,363,1,0,0,0,0,1,1
0,4,0,8,0,0,0,0,0,0,0
0,6,0,7,0,0,0,0,0,0,0
1,5,0,167,0,0,0,0,3,0,0
0,6,0,8,0,0,0,0,0,1,0
0,4,1,341,1,0,0,0,0,1,1
1,3,0,42,0,0,0,0,0,0,0
0,6,0,221,0,0,0,0,2,1,0
1,5,0,329,0,0,0,0,1,0,0
0,6,0,51,0,0,0,0,1,0,0
0,6,0,73,0,0,0,0,0,1,1
1,6,0,14,0,0,0,0,0,0,0
0,3,0,156,0,0,0,0,1,0,0
0,4,1,426,0,0,0,0,0,1,1
1,5,0,202,0,0,0,0,1,0,0
0,6,0,11,0,0,0,0,0,1,0
0,4,0,102,0,1,0,0,1,0,0
1,6,0,17,0,0,0,0,3,0,0
0,5,0,269,0,0,0,0,0,0,0
0,5,0,28,0,0,0,1,0,0,0
0,6,0,60,0,0,0,0,0,1,1
1,5,0,176,0,0,0,0,0,0,0
0,5,0,44,0,0,0,0,0,0,0
0,3,0,0,0,0,0,1,0,0,0
1,6,0,74,0,0,0,0,0,1,1
0,2,0,0,0,1,0,0,0,0,0
1,6,0,50,0,0,0,0,1,1,0
0,6,0,359,0,0,0,0,0,1,1
1,5,0,7,0,0,0,0,0,0,0
1,6,0,5,0,0,0,0,2,0,0
0,4,0,134,0,0,0,0,0,1,0
0,5,0,226,0,0,0,1,0,0,0
1,5,0,25,0,0,0,0,2,0,0
1,6,0,58,0,0,0,1,1,1,0
1,4,0,244,1,0,0,0,0,1,1
0,6,0,160,0,0,0,0,1,0,0
1,6,0,131,0,0,0,0,0,0,1
0,6,0,5,0,0,0,0,1,0,0
0,6,0,35,0,0,0,0,1,0,0
0,4,1,137,1,0,45,0,0,1,1
0,5,0,161,0,0,0,0,0,0,0
0,6,0,179,0,0,0,0,1,0,0
1,5,0,208,0,0,0,0,0,0,0
0,6,0,25,0,0,0,0,0,1,0
1,6,0,85,0,0,0,0,1,0,0
0,3,0,4,0,0,0,1,0,0,0
0,5,0,37,0,0,0,0,0,1,1
0,6,0,35,0,0,0,0,0,1,1
0,3,0,0,0,0,0,1,0,0,0
0,5,0,14,1,0,0,0,0,1,1
0,2,1,38,0,0,0,0,0,1,1
0,5,0,23,0,0,0,0,0,0,0
1,5,0,146,0,0,0,1,0,1,0
0,4,1,175,0,0,0,0,0,1,1
0,6,0,3,0,0,0,0,0,1,0
0,3,0,25,0,0,0,0,0,1,0
0,6,0,11,0,0,0,0,1,0,0
0,5,0,268,1,0,0,0,0,1,1
0,2,0,25,1,6,0,0,1,0,0
0,6,0,159,0,0,0,0,0,1,1
0,6,0,23,0,0,0,0,1,1,0
1,6,0,12,0,0,0,0,1,0,0
0,6,0,195,0,0,0,1,0,1,1
1,6,0,309,0,0,0,1,0,1,1
0,6,0,144,0,0,0,0,2,1,0
1,4,0,51,0,0,0,1,0,0,0
0,6,0,75,0,0,0,1,0,0,0
0,4,1,125,0,0,0,0,0,1,1
0,6,0,85,0,0,0,0,0,1,1
1,6,0,0,0,0,0,0,0,0,0
1,6,0,5,0,0,0,1,2,0,0
1,3,0,1,0,0,0,0,0,0,0
1,3,0,43,0,0,0,2,1,0,0
0,3,0,1,0,0,0,0,0,0,0
0,5,0,35,0,0,0,0,0,1,0
1,3,0,110,0,0,0,1,0,0,0
1,4,1,113,0,0,0,0,0,1,1
0,6,0,2,0,0,0,0,0,0,0
0,6,0,91,0,0,0,2,2,0,0
1,6,0,144,0,0,0,0,1,0,1
0,6,0,5,0,0,0,0,0,1,0
0,5,0,138,0,0,63,3,0,0,0
0,6,0,9,0,0,0,0,0,1,1
1,6,0,11,0,0,0,0,0,0,0
0,6,0,229,0,0,0,0,1,1,0
1,5,0,18,0,0,0,0,0,1,0
0,6,0,17,1,0,0,0,2,1,1
0,3,0,50,0,0,0,1,1,0,0
0,6,0,12,0,0,0,0,0,1,1
0,6,0,94,0,0,0,0,0,1,1
0,6,0,20,0,0,0,0,2,0,0
0,6,0,122,0,0,0,0,0,1,0
0,2,0,0,0,0,0,1,1,0,0
0,3,0,17,0,0,0,0,0,0,0
0,6,0,162,0,0,0,0,0,1,1
0,4,1,101,0,0,0,0,0,1,1
0,6,0,58,0,0,0,0,3,0,0
0,5,0,122,0,0,56,0,0,1,0
1,4,0,287,0,0,0,1,0,0,0
0,6,0,34,0,0,0,0,1,1,0
1,3,0,8,0,0,0,0,2,0,0
1,3,0,81,0,1,0,0,1,0,0
0,4,1,164,1,0,0,0,0,1,1
1,5,0,210,0,0,0,0,1,1,1
0,4,1,128,0,0,0,0,0,1,1
0,4,1,28,0,0,0,0,0,1,1
0,5,0,177,0,0,0,0,0,1,1
1,3,0,0,0,0,0,0,0,0,0
0,6,0,32,0,0,0,0,2,0,0
0,6,0,145,0,0,0,0,0,1,0
0,3,0,226,0,0,0,0,2,0,0
0,6,0,169,0,0,0,0,1,0,0
1,6,0,25,0,0,0,0,0,1,0
1,4,0,124,0,0,0,1,0,1,1
1,6,0,17,0,0,0,0,2,0,0
0,6,0,10,0,0,0,0,2,0,0
0,3,0,0,0,0,0,0,0,0,0
0,6,0,26,0,0,0,0,0,1,1
0,6,0,12,0,0,0,0,1,0,0
1,4,0,185,0,0,0,1,0,0,0
0,3,1,174,0,0,11,0,0,1,1
0,5,0,92,0,0,0,0,0,0,0
0,2,0,3,0,6,0,0,1,0,0
0,5,0,21,0,0,0,0,0,0,0
0,0,0,4,0,0,0,2,0,0,0
0,6,0,14,0,0,0,0,0,0,1
0,6,0,10,0,0,0,0,0,0,1
1,3,0,15,0,0,0,0,0,0,0
0,6,0,15,0,0,0,0,1,0,0
1,6,0,8,0,0,0,0,1,0,0
0,6,0,39,0,0,0,0,1,0,0
0,6,0,184,0,0,0,0,1,0,0
0,4,1,240,0,0,0,0,0,1,1
0,4,0,351,1,0,0,0,0,1,1
0,6,0,67,0,0,0,0,2,0,0
0,4,1,229,0,0,0,0,0,1,1
0,5,1,75,0,0,0,0,0,1,1
1,6,0,15,0,0,0,0,3,0,0
0,6,0,73,0,0,0,0,0,1,1
1,6,0,31,0,0,0,0,2,1,0
0,6,0,16,0,0,0,3,2,0,0
0,6,0,34,0,0,0,0,0,0,1
0,5,1,373,0,0,0,0,0,1,1
0,4,1,283,1,0,0,0,0,1,1
1,6,0,245,0,0,0,0,1,1,1
0,1,0,0,0,1,0,0,0,1,0
0,6,0,77,0,0,0,0,0,1,1
0,6,0,23,0,0,0,1,1,0,0
0,6,0,4,0,0,0,0,0,1,0
1,6,0,22,0,0,0,0,2,1,0
0,5,1,193,0,0,0,0,0,1,1
1,4,0,124,0,0,0,0,0,0,1
1,6,0,5,0,0,0,0,2,0,0
1,5,0,2,0,0,0,0,1,0,0
0,4,1,59,0,0,0,0,0,1,1
0,3,0,137,0,0,0,1,0,0,1
0,5,1,211,0,0,111,0,0,1,1
0,6,0,40,0,0,0,0,0,0,1
0,6,0,10,0,0,0,0,1,0,0
0,5,0,172,0,0,0,0,0,1,1
0,6,0,161,0,0,0,0,1,1,0
1,4,0,292,0,0,0,1,1,0,0
0,5,1,183,0,0,0,0,0,1,1
0,3,0,187,0,0,0,0,1,0,0
1,3,0,0,0,0,0,0,0,0,0
0,6,0,1,0,0,0,0,1,0,0
1,5,0,4,0,0,0,1,1,0,0
1,4,1,171,0,0,0,1,0,0,0
1,3,0,0,0,2,0,0,0,0,0
0,6,0,99,0,0,0,0,1,0,0
1,6,0,0,0,1,0,0,2,0,0
0,3,0,60,0,0,0,0,0,1,1
1,3,0,216,0,0,0,1,0,1,1
0,5,0,11,0,0,0,0,0,0,0
0,6,0,186,0,0,0,0,2,0,0
0,6,0,135,0,0,0,0,1,0,0
0,4,0,45,0,0,0,0,1,0,0
1,6,0,60,0,0,0,1,2,0,0
1,6,0,0,0,0,0,0,0,0,0
0,5,1,336,1,0,0,0,0,1,1
0,4,1,479,0,0,0,0,0,1,1
0,4,0,137,0,0,0,0,0,0,0
1,6,0,3,0,0,0,0,0,0,0
0,2,1,72,0,0,0,1,1,1,0
0,6,0,227,0,0,0,0,2,0,0
0,4,0,462,0,0,0,0,1,0,0
0,6,0,130,0,0,0,0,1,1,0
0,4,1,129,0,0,0,0,0,1,1
0,6,0,80,0,0,0,0,1,0,0
1,6,0,171,0,0,0,0,2,1,0
0,6,0,0,0,0,0,0,0,0,0
0,5,1,335,1,0,0,0,0,1,1
1,6,0,92,0,0,0,0,2,0,0
0,5,1,302,0,0,70,0,0,1,1
1,3,0,5,0,0,0,0,0,0,0
0,6,0,109,0,0,0,0,0,0,1
0,4,1,142,0,0,0,0,0,1,1
0,6,0,19,0,0,0,2,1,0,0
1,3,0,54,0,0,0,0,0,0,1
1,6,0,204,0,0,0,3,2,0,0
0,4,1,20,1,0,0,0,0,1,1
0,2,1,69,0,0,0,0,0,1,1
0,5,0,45,0,0,0,0,0,0,0
0,6,0,100,0,0,0,2,1,0,0
0,5,1,150,0,0,91,0,0,1,1
1,6,0,1,0,0,0,0,1,0,0
0,6,0,25,0,0,0,0,0,1,0
0,5,0,43,0,0,0,0,0,0,0
0,4,0,11,0,0,0,0,0,0,0
0,4,1,158,0,0,31,0,0,1,1
0,6,0,40,0,0,0,0,1,1,0
0,5,1,336,1,0,0,0,0,1,1
0,5,0,85,0,0,0,1,1,0,0
1,6,0,47,0,0,0,0,2,0,1
0,6,0,180,0,0,0,0,0,0,1
0,6,0,217,0,0,0,0,1,0,0
0,6,0,12,0,0,0,0,0,1,1
1,5,0,110,0,0,0,0,1,0,0
0,6,0,32,0,0,0,0,2,1,0
1,5,0,0,0,0,0,0,0,0,0
1,3,0,82,0,0,0,0,2,0,0
1,6,0,113,0,0,0,0,2,0,1
1,2,0,2,0,0,0,0,0,0,0
0,5,0,46,0,0,0,0,0,0,0
1,6,0,37,0,0,0,0,0,0,0
0,6,0,206,0,0,0,0,2,0,0
1,3,0,84,0,0,0,1,0,0,0
0,6,0,275,0,0,0,1,0,1,1
0,6,0,172,0,0,0,0,0,1,1
0,6,0,82,1,0,0,0,0,1,1
1,5,1,219,0,0,0,0,0,1,1
0,6,0,21,0,0,0,0,1,1,0
1,3,0,38,0,0,0,0,1,1,0
1,6,0,6,0,0,0,0,1,0,0
0,6,0,47,0,0,0,0,1,0,0
1,5,0,7,0,0,0,0,1,0,0
1,6,0,320,0,0,0,0,1,0,0
0,2,1,69,0,0,0,0,0,1,1
0,6,0,1,0,0,0,0,1,0,0
0,6,0,131,0,0,0,0,2,0,0
0,4,0,176,0,0,0,0,1,0,0
1,6,0,344,0,0,0,0,0,1,1
0,6,0,165,0,0,0,0,1,0,0
0,6,0,129,0,0,0,0,0,1,1
0,6,0,29,0,0,0,0,1,0,0
0,6,0,220,0,0,0,0,1,0,0
0,6,0,0,0,0,0,0,1,0,0
0,2,0,6,1,6,0,0,1,0,0
0,4,1,277,0,0,0,0,0,1,1
0,3,0,123,0,0,0,0,1,0,0
1,4,1,277,1,0,0,0,0,1,1
0,6,0,92,0,0,0,0,0,1,1
0,5,0,150,0,0,0,0,2,0,0
1,5,0,305,0,0,0,0,0,0,0
1,3,0,36,0,0,0,2,0,0,0
1,6,0,81,0,0,0,0,2,0,1
0,6,0,158,0,0,0,0,0,1,1
0,5,0,247,0,0,0,0,0,1,0
1,5,0,44,0,0,0,0,0,0,0
0,5,0,199,1,0,0,0,0,1,1
0,6,0,61,0,0,0,0,0,1,1
0,6,0,65,0,0,0,0,2,0,0
0,6,0,17,0,0,0,0,0,0,0
1,2,0,16,0,0,0,2,0,0,0
1,6,0,5,0,0,0,0,1,1,0
1,4,1,245,1,0,0,0,0,1,1
0,5,0,61,0,0,0,0,0,0,0
1,6,0,33,0,0,0,1,0,0,0
0,6,0,15,0,0,0,0,1,0,0
0,4,0,4,0,0,0,2,0,0,0
0,5,0,386,0,0,0,0,1,0,0
1,6,0,113,0,0,0,0,1,1,0
1,4,0,3,0,0,0,0,0,0,0
0,6,0,0,0,0,0,0,0,0,0
0,6,0,213,0,0,0,0,2,0,0
0,4,1,489,0,0,0,0,0,1,1
0,6,0,27,0,0,0,0,0,1,1
1,6,0,271,0,0,0,0,2,1,1
0,6,0,62,0,0,0,0,1,1,0
0,6,0,43,0,0,0,0,1,1,0
0,5,0,43,0,0,0,0,0,0,0
0,4,1,151,0,0,0,0,0,1,1
1,6,1,0,0,0,0,0,0,1,1
0,5,0,93,0,0,0,0,0,0,0
1,5,0,51,0,0,0,0,1,0,0
0,6,0,0,0,0,0,1,0,0,0
0,6,0,98,0,0,0,0,1,0,0
1,6,0,0,0,0,0,0,0,0,0
0,3,0,2,0,0,0,1,0,0,0
0,5,0,61,0,0,0,1,0,0,0
0,4,1,267,0,0,0,0,0,1,1
0,4,1,311,1,0,0,0,0,1,1
0,6,0,22,0,0,0,0,1,0,0
0,4,1,251,0,0,93,0,0,1,1
0,4,0,65,0,0,0,0,0,0,0
0,6,0,111,0,0,0,0,2,1,0
1,6,0,78,0,0,0,1,1,0,0
1,4,1,183,0,0,0,0,0,1,1
0,4,1,605,0,0,0,0,0,1,1
0,6,0,146,0,0,0,0,1,1,0
0,4,1,412,0,0,0,0,0,1,1
1,6,0,83,0,0,0,2,2,0,0
1,3,0,26,0,0,0,1,1,0,0
1,6,0,1,0,0,0,0,1,0,0
0,2,0,5,0,2,0,0,2,0,0
1,6,0,62,0,0,0,2,1,1,1
1,5,0,338,0,0,0,1,0,0,0
1,6,0,19,0,0,0,0,0,0,0
1,4,0,292,0,0,0,1,1,0,0
1,3,0,13,0,0,0,0,0,1,0
1,6,0,16,0,0,0,0,3,0,0
1,5,0,256,0,0,0,2,0,0,0
1,6,0,0,0,0,0,0,0,0,0
1,4,1,222,25,0,0,0,0,1,1
0,4,0,198,0,0,98,1,0,1,1
0,2,0,14,0,6,0,0,1,0,0
1,2,0,2,0,0,0,0,0,0,0
1,5,0,91,0,0,0,0,0,0,0
0,3,0,20,0,0,0,0,0,1,0
0,6,0,150,0,0,0,0,0,1,1
1,6,0,20,0,0,0,0,1,0,0
1,2,0,0,0,1,0,0,0,0,0
0,6,0,84,0,0,0,0,1,0,0
0,2,0,29,0,0,0,0,0,0,0
0,6,0,11,0,0,0,0,1,0,0
1,5,0,95,0,0,0,0,0,1,0
0,6,0,332,0,0,0,0,2,0,1
0,5,0,73,0,0,0,0,0,0,0
1,6,0,96,0,0,0,0,2,0,0
0,6,0,188,0,0,0,0,1,1,0
0,6,0,68,0,0,0,0,0,1,1
1,6,0,9,0,0,0,0,1,0,0
0,6,0,35,0,0,0,0,2,0,0
1,5,0,16,0,0,0,0,0,0,0
0,6,0,51,0,0,0,0,1,0,0
0,6,0,37,0,0,0,0,1,0,0
1,6,0,40,0,0,0,0,0,1,1
0,0,0,11,0,0,0,1,0,0,0
0,4,1,104,0,0,0,0,0,1,1
0,6,0,212,0,0,0,0,2,0,0
0,5,1,178,1,0,46,0,0,1,1
0,5,1,261,1,0,0,0,0,1,1
0,6,0,63,0,0,0,0,1,0,0
0,6,0,0,0,0,0,0,0,0,0
0,6,0,167,0,0,0,0,2,0,0
0,4,0,36,0,0,0,0,0,1,0
0,4,1,342,1,0,0,0,0,1,1
1,3,0,178,0,0,0,1,1,0,0
1,6,0,36,0,0,0,0,1,0,0
0,6,0,37,0,0,0,0,0,0,1
1,6,0,0,0,0,0,0,0,0,0
0,6,0,99,0,0,0,0,2,0,0
1,5,0,166,0,0,0,0,1,0,0
0,6,0,20,0,0,0,0,0,0,1
0,6,0,27,0,0,0,0,1,0,0
0,2,0,35,0,0,0,0,0,0,0
1,3,0,0,0,0,0,0,0,0,0
0,6,0,60,0,0,0,0,0,1,1
0,6,0,74,0,0,0,0,0,1,1
0,4,1,181,0,0,0,0,0,1,1
0,5,0,28,0,0,0,0,0,0,0
0,6,0,129,0,0,0,0,2,0,0
0,6,0,10,0,0,0,0,0,1,1
1,3,0,0,0,1,0,0,1,0,0
0,6,0,100,0,0,0,2,1,0,0
1,6,0,32,0,0,0,0,0,1,1
0,5,0,25,0,0,0,0,0,0,0
1,5,0,49,0,0,0,0,2,0,0
0,6,0,91,0,0,0,0,2,0,0
0,3,0,153,0,0,0,0,1,0,0
0,3,0,1,0,0,0,1,0,0,0
0,6,0,35,0,0,0,0,1,1,0
1,6,0,0,0,0,0,0,0,1,0
1,6,0,11,0,0,0,0,2,0,0
0,4,1,342,1,0,0,0,0,1,1
0,5,0,176,0,0,0,0,0,0,0
0,6,0,20,0,0,0,0,1,0,0
0,6,0,23,0,0,0,0,1,1,0
0,5,0,247,0,0,0,0,1,0,0
1,6,0,164,0,0,0,0,0,1,1
0,6,0,14,0,0,0,0,1,1,0
0,6,0,155,0,0,0,0,0,1,1
0,5,1,197,1,0,25,0,0,1,1
0,5,0,133,0,0,0,0,0,1,0
0,0,0,11,0,1,0,0,0,0,0
1,6,0,121,0,0,0,0,1,0,0
0,6,0,65,0,0,0,0,1,0,0
0,5,0,29,0,0,0,0,0,0,0
1,3,0,58,0,0,0,0,0,0,0
0,4,1,278,1,0,0,0,0,1,1
0,6,0,118,0,0,0,0,0,1,1
1,6,0,223,0,0,0,0,2,1,1
0,6,0,305,0,0,0,0,1,0,1
0,6,0,53,0,0,0,0,0,0,1
1,5,0,3,0,0,0,0,1,0,0
0,6,0,157,0,0,0,2,1,0,1
0,6,0,45,0,0,0,0,1,0,0
1,6,0,26,0,0,0,0,0,0,1
0,6,0,183,0,0,0,0,1,0,0
1,6,0,11,0,0,0,0,2,0,0
0,5,0,25,0,0,0,0,0,0,0
0,6,0,228,0,0,0,0,0,0,0
0,4,1,130,1,0,10,0,0,1,1
0,5,1,259,0,0,60,0,0,1,1
1,4,0,57,0,0,0,1,0,0,0
0,6,0,133,0,0,0,0,3,0,0
0,6,0,191,0,0,0,0,0,1,1
0,4,1,61,0,0,0,0,0,1,1
0,6,0,59,0,0,0,0,1,0,0
0,4,1,8,1,0,0,0,0,1,1
0,4,1,365,0,0,0,0,0,1,1
1,4,0,236,0,0,0,1,0,0,0
1,5,0,28,0,0,0,0,0,0,0
0,3,0,0,0,0,0,0,0,0,0
0,4,1,475,0,0,0,0,0,1,1
0,3,0,11,0,0,0,2,0,0,0
0,4,0,44,0,0,0,1,0,0,0
1,6,0,14,0,0,0,0,1,1,0
0,6,0,0,0,0,0,0,1,0,0
0,6,0,81,0,0,0,1,1,0,0
0,6,0,132,0,0,0,0,2,0,0
1,4,0,88,0,0,0,0,0,0,1
0,5,0,131,0,0,0,0,0,0,1
1,5,0,164,0,0,0,0,0,1,0
1,6,0,73,0,0,0,0,0,1,1
0,6,0,25,0,0,0,0,1,0,0
0,4,1,288,0,0,0,0,0,1,1
1,5,0,172,0,0,0,0,0,0,0
0,3,0,11,0,0,0,0,2,0,0
0,4,1,97,0,0,0,0,0,1,1
0,6,0,92,0,0,0,0,2,0,0
0,6,0,16,0,0,0,0,1,0,0
1,4,1,238,0,0,0,0,0,1,1
0,4,1,323,1,0,0,0,0,1,1
0,6,0,210,0,0,0,0,2,0,0
1,6,0,332,0,0,0,0,2,1,1
0,4,1,163,0,0,0,0,0,1,1
1,6,0,133,0,0,0,0,0,1,1
0,5,1,317,1,0,56,0,0,1,1
1,3,0,18,0,0,0,0,0,1,0
0,6,0,39,0,0,0,0,1,0,0
0,6,0,166,0,0,0,0,1,1,0
0,6,0,153,0,0,0,0,1,0,0
0,6,0,109,0,0,0,0,1,0,0
0,6,0,200,1,0,0,0,1,1,1
0,6,0,124,0,0,0,0,1,0,0
0,6,0,172,0,0,0,0,0,1,1
0,6,0,140,0,0,0,0,0,1,1
1,6,0,0,0,0,0,0,0,0,0
0,6,0,9,0,0,0,0,0,0,1
1,2,0,2,0,2,0,0,1,0,0
0,4,1,28,0,0,0,0,0,1,1
0,5,0,323,0,0,0,0,0,1,1
0,5,0,180,0,0,0,1,0,0,0
0,3,0,3,0,0,0,0,1,1,0
1,6,0,173,0,0,0,0,1,0,0
1,6,0,2,0,0,0,0,2,0,0
0,6,0,206,0,0,0,0,0,1,0
1,6,0,13,0,0,0,0,0,0,1
0,4,1,164,0,0,60,0,0,1,1
1,6,0,62,0,0,0,0,1,0,0
1,4,0,11,0,0,0,0,0,0,0
1,5,0,87,0,0,0,0,2,0,0
0,3,0,90,0,0,0,0,1,0,0
0,6,0,68,0,0,0,0,0,1,1
0,6,0,268,0,0,0,0,2,1,0
0,4,1,355,1,0,0,0,0,1,1
1,6,0,27,0,0,0,0,1,0,0
0,6,0,229,0,0,0,2,1,1,1
0,3,0,45,0,0,0,0,0,1,1
0,5,0,301,0,0,0,0,1,0,0
0,6,0,1,0,0,0,0,1,1,0
1,4,0,155,0,0,0,0,0,1,0
0,6,0,239,0,0,0,1,1,0,0
0,4,1,129,0,0,0,0,0,1,1
0,3,0,37,0,0,0,0,1,0,0
0,3,0,180,0,0,0,0,0,0,0
1,4,0,112,0,0,0,0,0,1,0
0,6,0,17,0,0,0,1,0,0,0
0,3,0,0,0,0,0,1,0,1,0
0,6,0,79,0,0,0,1,0,0,0
0,2,0,34,1,5,0,0,0,0,0
0,2,0,0,1,5,0,0,0,0,0
0,4,0,40,0,0,0,1,0,0,0
0,5,1,333,1,0,19,0,0,1,1
0,5,1,275,0,0,69,0,0,1,1
0,6,0,116,0,0,0,0,2,1,0
0,3,0,72,0,0,0,0,0,0,0
1,3,0,39,0,2,0,1,3,0,0
1,6,0,17,0,0,0,0,1,1,0
1,2,0,112,0,0,0,0,0,0,0
0,4,1,358,1,0,0,0,0,1,1
0,5,0,70,0,0,0,0,0,0,0
1,5,0,164,0,0,0,1,1,1,0
0,5,1,245,0,0,0,0,0,1,1
0,6,0,13,0,0,0,0,2,0,0
1,5,0,152,0,0,0,1,0,0,0
1,3,0,50,0,0,0,0,1,0,0
1,5,0,239,0,0,0,0,1,0,1
0,5,0,61,0,0,0,1,0,0,0
0,4,0,6,0,0,0,0,0,1,0
1,6,0,215,0,0,0,0,1,0,0
0,6,0,27,0,0,0,0,0,1,1
0,6,0,33,0,0,0,1,0,0,0
0,6,0,93,0,0,0,0,2,1,1
1,5,0,27,0,0,0,0,1,0,0
0,6,0,235,0,0,0,0,0,1,1
0,6,0,0,0,0,0,0,2,0,0
0,6,0,9,0,0,0,1,3,0,0
1,6,0,169,0,0,0,0,2,1,1
0,4,1,54,0,0,0,0,0,1,1
0,6,0,47,0,0,0,0,0,1,1
0,5,1,317,0,0,0,0,0,1,1
1,3,0,6,0,0,0,0,1,0,0
0,5,0,83,0,0,0,0,0,0,0
0,6,0,45,0,0,0,0,0,1,1
1,5,0,140,0,0,0,0,0,0,0
1,5,0,1,0,0,0,1,0,0,0
0,6,0,120,0,0,0,0,0,1,1
0,6,0,45,0,0,0,0,1,1,0
0,3,0,24,0,0,0,0,2,0,0
0,6,0,120,0,0,0,0,1,1,0
0,6,0,91,0,0,0,0,0,1,1
0,6,0,231,0,0,0,0,2,1,1
1,6,0,131,0,0,0,0,1,1,0
0,4,0,279,1,0,0,0,0,1,1
0,3,0,15,0,0,0,1,0,0,0
0,5,0,9,0,0,0,1,0,0,0
1,4,0,276,0,0,0,1,0,0,0
0,6,0,219,0,0,0,0,2,0,0
0,6,0,141,0,0,0,2,1,0,0
1,3,0,19,0,0,0,4,0,0,0
0,5,1,111,0,0,0,0,0,1,1
0,6,0,137,0,0,0,0,0,1,1
0,6,0,7,0,0,0,0,2,0,0
0,6,0,49,0,0,0,0,0,1,1
0,4,1,174,0,0,0,0,0,1,1
1,3,0,4,0,0,0,0,1,0,0
0,1,0,1,4,17,0,0,3,1,0
0,6,0,210,0,0,0,0,0,1,1
1,6,0,196,1,0,0,0,0,1,1
1,6,0,46,0,0,0,0,0,1,1
1,6,0,7,0,0,0,0,0,0,0
1,6,0,27,0,0,0,1,1,0,1
0,2,1,38,0,0,0,0,0,1,1
0,6,0,4,0,0,0,0,0,1,0
0,4,0,302,1,0,0,0,0,1,1
1,6,0,42,0,0,0,0,0,0,1
0,0,0,7,0,0,0,0,0,0,0
1,6,0,114,0,0,0,0,1,0,1
1,5,0,108,0,0,0,0,1,0,0
1,4,1,340,0,0,0,0,0,1,1
0,4,1,68,1,0,0,0,0,1,1
1,6,0,4,0,0,0,0,1,0,0
1,6,0,115,0,0,0,1,1,0,0
0,6,0,147,0,0,0,0,0,0,1
0,6,0,64,0,0,0,0,1,1,0
0,3,0,154,0,0,0,0,1,0,0
1,5,0,158,0,0,0,0,0,0,0
1,6,0,0,0,0,0,0,0,0,0
0,4,0,84,0,0,0,1,0,0,0
0,5,0,257,0,0,0,1,0,0,0
1,5,0,191,0,0,0,0,0,0,0
0,5,1,198,0,0,0,0,0,1,1
0,5,0,87,0,0,0,0,0,0,0
0,6,0,17,0,0,0,0,0,1,0
0,3,0,122,0,0,0,0,1,0,0
0,6,0,48,0,0,0,0,0,0,0
0,3,0,0,0,0,0,3,1,0,0
1,6,0,2,0,0,0,0,2,0,0
0,6,0,78,0,0,0,0,2,0,0
0,5,0,44,0,0,0,0,1,0,0
0,6,0,67,0,0,0,0,1,0,0
0,6,0,158,0,0,0,0,3,0,0
0,3,0,3,0,0,0,2,0,0,0
1,6,0,36,0,0,0,0,1,0,0
0,5,0,6,0,0,0,0,0,0,0
0,6,0,26,0,0,0,0,1,0,0
1,5,0,25,0,0,0,0,0,0,0
1,6,0,0,0,0,0,0,0,0,0
0,5,0,101,0,0,0,0,2,0,0
1,6,0,93,0,0,0,1,2,0,0
0,5,0,51,0,0,0,0,3,0,0
0,6,0,60,0,0,0,0,1,0,0
0,6,0,19,0,0,0,0,0,0,1
0,5,1,304,0,0,0,0,0,1,1
1,6,0,230,0,0,0,2,0,0,1
0,5,0,102,0,0,0,0,0,0,0
0,5,0,53,0,0,0,0,0,1,0
1,6,0,10,0,0,0,0,2,0,0
0,2,0,4,0,0,0,1,0,0,0
0,6,0,87,0,0,0,0,1,1,0
0,6,0,4,0,0,0,0,0,0,0
0,6,0,0,0,0,0,0,0,0,0
0,6,0,6,0,0,0,0,1,0,0
0,4,0,208,0,0,0,0,0,0,0
0,6,0,50,0,0,0,0,1,1,0
1,6,0,1,0,1,0,1,0,0,0
0,6,0,3,0,0,0,0,0,1,0
1,6,0,204,0,0,0,0,2,0,0
0,3,0,4,0,0,0,0,0,0,0
0,6,0,39,0,0,0,0,1,1,0
1,5,0,272,0,0,0,0,0,0,0
1,6,0,79,0,0,0,0,1,0,0
1,3,0,54,0,0,0,0,0,0,1
1,6,0,204,0,0,0,0,2,0,0
0,6,0,26,0,0,0,0,2,0,0
1,6,0,18,0,0,0,0,1,0,0
0,4,1,88,0,0,0,0,0,1,1
0,6,0,34,0,0,0,0,1,1,0
0,3,0,0,0,0,0,0,0,0,0
0,5,1,181,1,0,42,0,0,1,1
0,6,0,21,0,0,0,1,1,0,0
1,5,0,25,0,0,0,0,1,0,0
0,5,0,14,0,0,0,1,0,0,0
1,5,0,34,0,0,0,0,0,0,0
0,6,0,32,0,0,0,0,0,1,1
0,3,0,4,1,0,0,1,1,1,1
0,6,0,185,0,0,0,2,0,1,0
0,4,1,50,0,0,0,0,0,1,1
0,4,1,205,0,0,76,0,0,1,1
1,6,0,12,0,0,0,0,0,0,0
0,3,0,1,0,0,0,1,0,0,0
0,4,1,342,1,0,0,0,0,1,1
0,6,0,277,0,0,0,1,2,0,0
1,6,0,112,0,0,0,2,2,0,0
0,6,0,30,0,0,0,0,0,0,1
0,5,0,7,0,0,0,0,0,0,0
0,6,0,186,0,0,0,0,0,0,1
1,6,0,28,0,0,0,0,1,1,0
1,5,0,118,0,0,0,0,1,1,0
1,5,0,40,0,0,0,1,0,0,0
0,6,0,1,0,0,0,0,3,0,0
1,5,0,83,0,0,0,0,0,0,0
0,6,0,19,0,0,0,0,4,0,0
0,6,0,141,0,0,0,0,0,1,1
0,6,0,149,0,0,0,0,1,0,0
0,6,0,41,0,0,0,0,0,1,1
0,6,0,1,0,0,0,0,1,0,0
0,6,0,99,0,0,0,0,0,1,1
0,5,0,12,1,0,0,0,0,1,1
0,6,0,31,0,0,0,0,1,1,0
1,6,0,315,0,0,0,1,1,0,1
1,6,0,117,0,0,0,0,1,0,0
1,6,0,57,0,0,0,0,2,0,0
1,5,0,17,0,0,0,0,0,0,0
0,6,0,7,0,0,0,0,1,0,0
0,4,1,67,0,0,0,0,0,1,1
0,6,0,11,0,0,0,0,1,0,0
1,6,0,79,0,0,0,0,1,1,0
1,3,0,0,0,0,0,0,0,0,0
0,6,0,4,0,0,0,0,1,1,0
0,6,0,179,0,0,0,0,2,0,0
0,5,0,27,0,0,0,0,0,0,0
0,6,0,151,0,0,0,1,1,0,0
0,6,0,38,0,0,0,0,1,1,0
1,5,0,191,0,0,0,2,1,0,0
0,5,1,407,0,0,0,0,0,1,1
0,6,0,17,0,0,0,0,0,1,0
0,2,1,38,0,0,0,0,0,1,1
1,6,0,288,0,0,0,0,0,1,1
0,6,0,76,0,0,0,0,0,1,0
1,5,0,49,0,0,0,0,0,0,0
0,5,0,146,0,0,99,0,0,0,0
1,6,0,323,0,0,0,1,2,0,0
1,5,0,217,0,0,0,0,3,0,0
0,6,0,58,0,0,0,0,0,1,1
0,6,0,293,0,0,0,0,2,1,1
0,3,0,18,0,0,0,0,0,1,1
1,5,0,161,0,0,0,1,0,0,0
1,5,0,62,0,0,0,0,1,0,0
0,6,0,46,0,0,0,0,0,1,1
0,6,0,12,0,0,0,0,1,0,0
0,6,0,72,0,0,0,0,0,0,1
0,4,1,67,0,0,0,0,0,1,1
0,6,0,125,0,0,0,0,0,0,1
0,6,0,163,0,0,0,0,0,1,1
0,6,0,315,0,0,0,1,3,1,1
0,6,0,150,0,0,0,0,1,1,0
0,5,1,146,0,0,50,0,0,1,1
0,2,0,16,0,0,0,1,0,0,0
1,6,0,1,0,0,0,0,0,0,0
1,5,0,2,0,0,0,0,0,0,0
1,3,0,2,0,0,0,0,1,0,0
0,3,0,129,0,0,0,1,2,1,1
0,5,0,32,0,0,0,0,0,0,0
0,6,0,79,0,0,0,0,0,1,1
1,4,0,225,0,0,0,2,0,0,0
0,6,0,66,0,0,0,0,1,0,0
0,6,0,52,0,0,0,0,1,0,0
0,2,0,4,0,0,0,0,0,1,0
0,6,0,344,0,0,0,0,1,1,1
1,3,0,2,0,0,0,0,1,0,0
0,2,0,0,0,0,0,0,0,0,0
1,6,0,6,0,0,0,0,1,0,0
0,6,0,22,1,0,0,0,0,1,1
1,6,0,1,0,0,0,0,3,0,0
1,2,0,1,0,0,0,0,0,1,0
0,6,0,82,0,0,0,0,0,1,1
0,6,0,8,0,0,0,0,1,1,0
0,4,0,176,0,0,0,0,0,1,1
0,6,0,14,0,0,0,0,3,0,0
0,5,1,304,0,0,0,0,0,1,1
1,5,0,23,0,0,0,0,1,0,0
0,4,0,149,0,0,0,0,0,1,1
0,5,0,2,0,0,0,0,1,0,0
0,2,0,44,1,27,0,0,2,0,0
0,5,1,301,1,0,0,0,0,1,1
0,5,0,69,0,0,0,0,0,0,0
0,5,1,52,0,0,0,0,0,1,1
1,5,0,5,0,0,0,0,0,0,0
0,4,1,214,0,0,73,0,0,1,1
0,6,0,17,0,0,0,0,1,0,0
1,6,0,30,0,0,0,0,0,1,1
1,6,0,139,0,0,0,0,0,1,1
0,5,1,183,0,0,0,0,0,1,1
1,3,0,13,0,0,0,0,2,0,0
0,6,0,87,0,0,0,0,0,1,1
1,6,0,66,0,0,0,0,1,0,0
0,6,0,26,0,0,0,0,3,0,0
0,5,0,292,0,0,0,0,0,0,0
0,6,0,210,0,0,0,0,3,1,0
0,3,0,4,0,0,0,0,0,0,0
0,6,0,142,0,0,0,1,1,0,1
1,6,0,148,0,0,0,0,1,1,0
0,4,1,344,0,0,0,0,0,1,1
0,6,0,40,0,0,0,2,2,1,0
0,6,0,125,0,0,0,0,0,1,1
0,6,0,103,0,0,0,0,1,0,0
0,6,0,62,0,0,0,0,0,1,1
0,2,0,99,1,0,0,0,0,1,1
0,5,1,280,0,0,35,0,0,1,1
0,2,0,6,0,5,0,0,1,1,0
0,5,0,14,0,0,0,0,1,0,0
0,6,0,14,0,0,0,0,3,0,0
0,2,0,5,0,1,0,0,0,0,0
0,6,0,206,0,0,0,0,1,0,0
1,6,0,9,0,0,0,0,0,0,0
0,3,0,0,0,0,0,0,0,0,0
1,4,1,304,0,0,0,0,0,1,1
0,6,0,162,0,0,0,0,2,0,0
0,6,0,130,0,0,0,0,1,0,0
1,6,0,3,0,0,0,0,1,0,0
1,4,1,166,24,0,0,0,0,1,1
1,6,0,110,0,0,0,0,2,0,0
1,4,1,411,0,0,0,0,0,1,1
1,4,0,199,0,0,0,0,0,0,0
0,6,0,170,0,0,0,0,1,0,0
0,6,0,263,0,0,0,0,0,1,1
0,6,0,44,0,0,0,0,1,0,0
0,4,0,44,0,0,0,0,0,0,0
1,6,0,7,0,0,0,0,1,0,0
1,6,0,0,0,0,0,0,2,0,0
0,6,0,69,0,0,0,1,2,0,0
0,3,0,27,0,0,0,1,0,0,0
0,5,0,87,0,0,0,0,0,0,0
1,3,0,0,0,0,0,0,1,0,0
0,4,1,59,0,0,0,0,0,1,1
1,6,0,152,0,0,0,0,1,0,0
1,5,0,175,0,0,0,0,0,0,0
0,4,0,28,0,0,0,0,0,1,1
0,5,0,247,0,0,0,0,1,0,0
1,6,0,113,0,0,0,0,1,0,0
1,5,0,88,0,0,0,0,0,0,0
1,3,0,0,0,0,0,0,0,0,0
0,4,0,20,0,0,0,0,0,0,0
0,5,1,188,0,0,39,0,0,1,1
0,4,0,56,0,0,0,1,0,0,0
1,6,0,1,0,0,0,0,0,0,0
0,4,1,100,0,0,0,0,0,1,1
0,5,0,93,0,0,0,0,0,0,0
1,5,0,48,0,0,0,0,0,0,0
0,4,0,168,0,0,0,0,0,0,0
0,6,0,30,0,0,0,0,1,0,0
0,5,0,6,0,0,0,0,1,0,0
0,6,0,0,0,0,0,0,0,0,0
0,6,0,30,0,0,0,0,1,1,0
0,5,0,273,1,0,0,0,0,1,1
1,2,0,5,0,1,0,0,0,0,0
0,6,0,148,1,0,0,0,1,1,1
1,4,0,7,0,0,0,2,0,0,0
1,6,0,23,0,0,0,0,1,0,0
1,5,0,175,0,0,0,0,0,0,0
0,6,0,16,0,0,0,0,2,0,0
0,5,0,14,0,0,0,0,0,0,0
0,3,0,1,0,0,0,0,2,1,0
0,4,1,573,0,0,0,0,0,1,1
0,6,0,9,0,0,0,0,0,1,1
0,6,0,185,0,0,0,0,0,1,1
0,6,0,78,0,0,0,0,2,1,0
1,5,0,134,0,0,0,2,1,0,0
0,5,0,41,0,0,0,0,0,0,0
0,4,0,46,0,0,0,0,0,0,1
1,5,0,83,0,0,0,0,0,0,0
0,5,0,17,0,0,0,0,0,0,0
1,6,0,335,0,0,0,0,1,1,1
0,5,1,117,1,0,44,0,0,1,1
1,6,0,25,1,0,0,0,1,1,1
0,5,0,0,0,0,0,0,0,1,0
0,5,1,166,0,0,0,0,0,1,1
1,6,0,30,0,0,0,0,2,1,0
0,6,0,83,0,0,0,0,1,0,0
1,6,0,0,0,0,0,0,1,0,0
0,6,0,35,0,0,0,0,0,1,1
1,3,0,110,0,0,0,0,1,0,0
0,6,0,64,0,0,0,0,1,0,0
0,1,0,67,0,0,0,0,1,0,1
0,6,0,47,0,0,0,0,1,0,0
1,6,0,235,0,0,0,0,1,1,1
1,5,0,317,0,0,0,0,0,0,1
0,4,1,101,0,0,0,0,0,1,1
0,6,0,160,0,0,0,0,1,1,0
0,5,0,305,0,0,0,0,0,1,1
0,6,0,35,0,0,0,1,0,0,0
0,6,0,223,0,0,0,0,0,1,1
0,4,0,265,1,0,0,0,0,1,1
1,5,0,269,0,0,0,0,0,0,0
0,5,0,55,0,0,0,0,1,0,0
1,6,0,53,0,0,0,0,2,0,0
0,5,0,74,0,0,0,1,0,0,0
0,6,0,1,0,0,0,0,1,0,0
0,6,0,86,0,0,0,0,1,0,0
1,3,0,94,0,0,0,0,0,0,0
1,6,0,1,0,0,0,0,2,0,0
0,6,0,164,0,0,0,0,0,1,1
1,3,0,129,0,0,0,2,0,1,0
1,6,0,69,0,0,0,0,1,0,0
1,6,0,316,0,0,0,0,1,0,1
0,5,0,56,0,0,0,0,0,0,0
0,3,0,6,0,0,0,0,2,0,0
0,6,0,167,0,0,0,0,2,0,0
1,6,0,154,0,0,0,0,2,0,0
0,6,0,4,0,0,0,2,0,1,1
0,4,0,316,0,1,0,0,0,0,0
0,5,1,245,0,0,0,0,0,1,1
1,6,0,210,0,0,0,1,1,0,0
1,5,0,242,0,0,0,0,0,0,0
1,6,0,19,0,0,0,0,2,1,0
1,5,0,42,0,0,0,0,0,0,0
0,4,0,264,1,0,0,0,0,1,1
0,6,0,282,0,0,0,0,1,0,1
1,4,0,88,0,0,0,2,0,0,0
1,3,0,174,0,0,0,0,0,0,0
0,4,1,277,0,0,0,0,0,1,1
0,4,1,112,0,0,0,0,0,1,1
0,6,0,67,0,0,0,0,1,0,0
0,6,0,124,0,0,0,0,1,0,0
0,6,0,101,0,0,0,0,2,1,0
0,6,0,139,0,0,0,0,1,0,0
0,6,0,144,0,0,0,0,1,0,0
1,6,0,93,0,0,0,0,1,0,0
0,5,0,6,0,0,0,1,0,0,0
0,6,0,10,0,0,0,0,0,1,1
1,6,0,85,0,0,0,1,0,0,0
0,5,0,110,0,0,0,0,0,1,1
1,3,0,43,0,0,0,3,0,0,0
0,6,0,48,0,0,0,0,1,0,0
0,3,0,126,0,0,0,2,0,0,1
0,6,0,176,0,0,0,0,0,1,1
0,4,1,355,1,0,0,0,0,1,1
0,5,0,396,0,0,0,0,1,0,0
0,4,0,29,0,0,0,0,0,0,0
0,6,0,31,0,0,0,0,2,0,0
0,6,0,143,0,0,0,0,0,1,1
1,5,0,173,0,0,0,1,1,0,0
1,5,0,35,0,0,0,0,0,0,0
0,5,0,32,0,0,0,0,0,0,0
1,3,0,0,0,0,0,0,0,1,0
1,6,0,82,0,0,0,0,0,0,1
0,6,0,287,0,0,0,2,0,0,0
1,6,0,18,0,0,0,0,1,0,0
0,6,0,55,0,0,0,0,1,1,0
1,3,0,6,0,0,0,0,1,0,0
1,6,0,1,0,4,0,0,2,0,0
0,6,0,16,0,0,0,0,1,1,0
1,6,0,179,0,0,0,0,1,1,0
0,5,0,85,0,0,0,0,1,0,0
0,4,0,137,0,0,0,0,0,0,0
0,6,0,62,0,0,0,0,2,0,0
0,6,0,97,0,0,0,0,0,1,1
0,6,0,99,0,0,0,1,1,0,1
1,6,2,15,0,0,0,0,1,1,1
0,6,0,200,0,0,0,0,0,1,1
0,6,0,247,0,0,0,0,1,0,1
0,6,0,104,0,0,0,0,0,0,1
0,6,0,178,0,0,0,2,1,0,0
1,3,0,0,0,0,0,0,1,0,0
1,6,0,301,0,0,0,0,2,0,0
0,5,1,30,0,0,0,0,0,1,1
1,5,0,0,0,0,0,0,0,0,0
0,4,0,25,0,0,0,0,0,1,1
0,4,0,7,0,0,0,0,0,0,0
0,4,1,91,0,0,20,0,0,1,1
0,4,0,330,1,0,0,0,0,1,1
0,6,0,181,0,0,0,0,1,0,0
1,6,0,83,0,0,0,0,0,1,1
1,6,0,177,0,0,0,0,0,1,1
0,6,0,2,0,0,0,1,2,0,0
0,5,1,373,0,0,0,0,0,1,1
0,3,0,18,0,0,0,0,1,0,0
0,6,0,65,0,0,0,0,2,0,0
0,6,0,116,0,0,0,0,2,0,0
0,6,0,21,0,0,0,0,1,0,0
1,6,0,46,0,0,0,0,0,1,1
0,6,0,17,0,0,0,0,0,0,0
0,3,0,0,0,1,0,0,0,0,0
0,6,0,37,0,0,0,0,2,0,0
0,6,0,112,0,0,0,0,0,0,1
1,4,0,213,0,0,0,0,0,0,0
1,4,0,0,0,0,0,0,0,0,0
0,6,0,24,0,0,0,0,2,0,0
1,6,0,82,0,0,0,0,0,0,1
1,6,0,5,0,0,0,0,0,0,0
1,6,0,98,0,0,0,0,3,0,0
0,5,0,210,0,0,0,0,0,0,0
0,6,0,65,0,0,0,0,0,0,1
1,4,1,277,0,0,0,0,0,1,1
0,6,0,158,0,0,0,2,2,0,1
1,6,0,250,0,0,0,0,1,1,1
1,6,0,72,0,0,0,0,0,0,1
0,6,0,36,0,0,0,0,1,0,0
1,6,0,68,0,0,0,0,2,0,0
0,6,0,34,0,0,0,0,1,1,0
0,6,0,1,11,5,0,0,0,0,0
1,5,0,22,0,0,0,0,0,0,0
0,6,0,57,0,0,0,0,2,0,0
1,2,0,0,0,0,0,1,1,0,0
0,5,0,39,0,0,0,1,0,0,0
1,5,0,191,0,0,0,1,1,0,0
0,6,0,3,0,0,0,0,0,0,0
1,4,0,112,0,0,0,0,0,1,0
0,3,0,93,0,0,0,2,2,0,1
0,6,0,25,0,0,0,0,0,1,0
0,6,0,225,0,0,0,0,0,0,1
1,4,0,112,0,0,0,0,0,0,0
1,6,0,0,0,0,0,0,1,0,0
1,6,0,19,0,0,0,0,0,1,0
0,4,0,36,0,0,0,0,0,1,0
1,6,0,41,0,0,0,0,0,0,1
0,5,0,57,0,0,0,1,0,0,0
1,2,0,1,0,0,0,0,0,0,0
0,6,0,161,0,0,0,0,0,0,1
0,4,1,266,0,0,32,0,0,1,1
1,4,1,222,25,0,0,0,0,1,1
0,6,0,76,0,0,0,0,0,1,0
1,2,0,31,0,0,0,4,0,0,0
1,3,0,0,0,0,0,0,0,0,0
0,6,0,17,0,0,0,2,1,0,1
0,5,0,186,0,0,0,0,0,0,0
1,2,0,44,0,1,0,0,0,0,0
0,5,0,97,0,0,0,0,2,0,0
1,6,0,1,0,0,0,1,2,0,0
0,6,0,24,0,0,0,0,0,1,1
0,6,0,124,0,0,0,0,1,0,0
1,5,0,298,0,0,0,0,0,1,1
0,6,0,26,0,0,0,0,1,1,0
1,6,0,1,0,0,0,0,0,0,0
0,6,0,40,0,0,0,0,2,0,0
0,6,0,8,0,0,0,0,0,0,0
0,4,1,164,1,0,0,0,0,1,1
0,4,1,61,0,0,0,0,0,1,1
0,6,0,247,0,0,0,0,2,0,1
0,6,0,76,0,0,0,0,2,1,0
1,3,0,51,0,0,0,1,0,0,0
0,4,1,454,0,0,0,0,0,1,1
1,1,0,15,0,0,0,0,0,0,0
0,5,0,56,0,0,0,0,0,1,0
0,6,0,10,0,0,0,0,0,0,1
0,5,0,11,0,0,0,0,0,0,0
0,5,0,56,0,0,0,0,0,0,0
0,4,0,215,0,0,0,1,0,0,0
0,6,0,204,0,0,0,0,0,1,1
0,6,0,52,0,0,0,0,0,1,1
0,5,0,181,0,0,0,2,0,0,0
1,6,0,31,0,0,0,2,2,0,0
0,5,0,301,0,0,0,0,1,0,0
1,6,0,5,0,0,0,0,0,0,0
0,6,0,88,0,0,0,0,0,1,1
1,6,0,6,0,0,0,0,0,0,0
1,6,0,74,0,0,0,0,1,0,0
1,1,0,4,0,0,0,1,1,0,0
1,6,0,0,0,0,0,0,1,0,0
0,6,0,7,0,0,0,0,3,0,1
0,3,0,13,0,0,0,0,0,0,0
0,6,0,11,0,0,0,0,0,1,0
0,3,0,1,0,0,0,0,0,0,0
1,6,0,309,0,0,0,0,2,0,0
1,4,0,96,0,0,0,0,0,0,0
0,6,0,178,0,0,0,0,2,0,0
1,4,0,183,0,0,0,0,0,0,0
1,6,0,58,0,0,0,1,0,0,0
1,3,0,65,0,0,0,0,0,0,1
1,4,1,74,0,0,0,0,0,1,1
0,6,0,87,0,0,0,0,2,0,0
0,6,0,37,0,0,0,0,1,1,0
1,3,0,0,0,3,0,0,1,0,0
0,6,0,0,0,0,0,0,1,0,0
0,2,0,9,0,0,0,1,0,0,0
0,4,1,186,0,0,0,0,0,1,1
1,5,0,223,0,0,0,0,2,1,0
1,3,0,142,0,0,0,0,0,1,1
1,3,0,107,1,1,0,0,3,1,1
1,5,0,4,0,0,0,0,0,0,0
0,6,0,81,0,0,0,0,2,1,0
0,6,0,6,0,0,0,0,0,1,0
1,5,0,81,0,1,0,1,0,0,0
0,6,0,58,0,0,0,0,1,1,0
0,6,0,28,0,0,0,0,0,1,1
0,5,1,105,0,0,0,0,0,1,1
1,5,0,50,0,0,0,0,0,0,0
1,4,0,152,0,0,0,0,0,0,0
0,3,0,1,0,0,0,0,1,0,0
0,4,1,115,1,0,22,0,0,1,1
0,6,0,90,0,0,0,0,0,1,0
1,6,0,60,0,0,0,0,1,0,0
1,4,1,247,1,0,0,0,0,1,1
0,6,0,8,0,0,0,2,0,1,0
0,6,0,115,0,0,0,2,0,1,1
1,6,0,336,0,0,0,0,1,0,1
0,4,0,17,0,0,0,0,0,0,0
1,3,0,0,0,0,0,0,0,0,0
1,3,0,47,0,0,0,0,3,0,0
0,3,0,2,0,0,0,0,3,0,0
1,6,0,25,0,0,0,0,1,0,0
0,6,0,96,0,0,0,0,3,0,1
0,4,1,164,1,0,0,0,0,1,1
1,4,0,196,0,0,0,1,0,1,0
0,6,0,133,0,0,0,1,2,0,0
0,5,0,63,0,0,0,0,0,0,0
0,6,0,26,0,0,0,2,0,1,0
0,5,1,162,0,0,0,0,0,1,1
1,6,0,149,0,0,0,1,1,0,0
0,2,0,8,0,1,0,0,1,0,0
0,5,0,195,1,0,0,0,0,1,1
1,4,0,81,0,0,0,0,0,0,0
0,5,1,105,0,0,0,0,0,1,1
1,6,0,207,0,0,0,0,1,1,0
0,5,0,35,0,0,0,0,3,0,0
0,6,0,24,0,0,0,0,2,0,0
0,4,1,44,0,0,0,0,0,1,1
1,5,0,219,0,0,0,0,1,1,1
0,6,0,45,0,0,0,0,1,0,0
0,3,0,0,0,0,0,0,0,0,0
0,6,0,41,0,0,0,0,1,0,0
1,5,0,286,0,0,0,0,0,0,0
0,5,0,56,0,0,0,0,0,1,0
0,2,0,99,1,0,0,0,0,1,1
1,6,0,78,0,0,0,0,2,0,0
0,5,0,196,0,0,0,0,1,0,0
0,3,0,275,0,0,0,3,0,0,0
1,5,0,124,0,0,0,0,0,0,0
0,6,0,15,0,0,0,0,2,0,0
1,2,1,10,0,0,0,0,0,1,1
0,5,1,78,0,0,0,0,0,1,1
0,5,1,261,1,0,0,0,0,1,1
0,6,0,14,1,0,0,0,0,1,1
1,4,0,44,0,0,0,0,0,1,1
0,4,1,175,0,0,0,0,0,1,1
0,3,0,166,0,0,0,0,2,1,0
1,6,0,62,0,0,0,0,0,1,0
1,5,0,115,0,0,0,0,2,0,0
0,4,0,208,0,0,0,0,1,0,0
1,6,0,126,1,5,0,1,4,0,0
0,5,0,106,0,0,0,0,0,0,0
1,5,0,195,0,0,0,0,0,0,0
0,6,0,157,0,0,0,4,0,1,0
0,5,1,211,0,0,111,0,0,1,1
0,6,0,41,0,0,0,0,0,0,1
0,3,0,7,0,0,0,1,1,0,0
1,6,0,6,0,0,0,0,0,1,0
0,3,0,176,0,0,0,0,0,0,0
0,5,1,233,1,0,0,0,0,1,1
1,6,0,152,0,0,0,0,0,1,0
0,0,0,16,0,0,0,2,0,0,0
1,6,0,125,0,0,0,0,1,0,0
0,6,0,286,0,0,0,0,1,1,0
0,6,0,125,0,0,0,0,1,0,0
1,6,0,21,0,0,0,0,1,0,0
1,3,0,92,1,1,0,0,0,1,1
0,6,0,167,0,0,0,0,0,1,1
0,5,0,183,0,0,0,0,1,0,0
0,6,0,158,0,0,0,0,0,1,1
0,4,1,608,0,0,0,0,0,1,1
0,5,1,19,1,0,0,0,0,1,1
0,6,0,124,0,0,0,0,1,0,0
0,6,0,17,0,0,0,0,0,1,0
1,5,0,96,0,0,0,0,0,0,0
0,4,0,97,0,0,0,0,0,0,0
0,5,0,25,0,0,0,0,0,0,0
1,4,1,462,0,0,0,0,0,1,1
0,6,0,24,0,0,0,0,0,0,1
1,3,0,1,0,0,0,0,1,0,0
1,6,0,91,0,0,0,0,0,0,1
0,5,0,32,0,0,0,0,0,0,0
0,6,0,27,0,0,0,0,0,1,1
0,6,0,74,0,0,0,0,0,1,1
1,6,0,48,0,0,0,0,2,0,0
0,5,0,247,0,0,0,0,0,0,0
1,5,0,80,0,0,0,0,1,1,1
1,6,0,15,0,0,0,0,2,1,0
0,2,0,3,0,0,0,0,0,0,0
0,6,0,0,0,0,0,0,0,0,0
0,5,1,193,0,0,39,0,0,1,1
0,6,0,1,0,0,0,0,0,0,0
1,4,1,208,0,0,0,0,0,1,1
1,2,0,1,0,0,0,0,0,0,0
0,6,0,3,0,0,0,0,3,0,0
1,6,0,134,0,0,0,0,0,1,1
0,6,0,28,0,0,0,1,1,0,0
1,6,0,144,0,0,0,1,2,1,0
1,6,0,320,0,0,0,0,1,1,0
0,5,0,85,0,0,0,0,0,0,0
0,6,0,9,0,0,0,0,0,0,1
0,6,0,66,0,0,0,0,1,0,0
1,3,0,41,0,0,0,1,0,0,0
1,6,0,58,0,0,0,0,0,1,1
0,4,1,346,1,0,0,0,0,1,1
0,5,0,51,0,0,0,0,1,0,0
0,6,0,94,0,0,0,0,0,1,1
1,6,0,11,0,0,0,0,0,1,0
0,6,0,50,0,0,0,0,1,1,0
0,5,0,158,0,0,0,0,0,0,0
0,6,0,12,0,0,0,0,1,0,0
1,6,0,41,0,0,0,1,3,1,0
0,6,0,99,0,0,0,0,1,0,0
0,6,0,97,0,0,0,0,1,0,0
1,6,0,126,0,0,0,0,1,0,0
0,3,0,43,0,0,0,0,0,0,0
1,6,0,24,0,0,0,0,2,1,0
0,4,0,193,0,0,0,0,0,0,0
1,6,0,4,0,0,0,0,2,0,0
0,6,0,74,0,0,0,0,2,1,0
0,6,0,28,0,0,0,1,2,0,0
0,6,0,22,0,0,0,1,2,0,0
1,6,0,126,0,0,0,0,1,0,0
1,5,0,144,0,0,0,0,0,1,0
0,4,1,342,1,0,0,0,0,1,1
0,5,1,322,0,0,120,0,0,1,1
0,6,0,44,0,0,0,0,1,0,0
0,6,0,11,0,0,0,0,1,0,0
0,6,0,2,0,0,0,0,2,0,0
0,4,0,274,1,0,0,0,0,1,1
0,6,0,32,0,0,0,1,3,0,0
0,5,1,19,1,0,0,0,0,1,1
0,5,0,395,0,0,0,0,1,0,0
0,3,0,20,0,0,0,0,1,0,0
0,6,0,14,0,1,0,0,1,0,0
1,3,0,0,0,1,0,0,1,0,0
1,2,0,0,0,7,0,0,0,0,0
0,4,1,302,0,0,0,0,0,1,1
0,4,0,198,0,0,98,0,0,0,0
0,6,0,29,0,0,0,1,0,0,0
1,5,0,2,0,0,0,0,1,0,0
1,4,0,159,0,0,0,0,0,0,0
1,5,0,144,1,0,0,0,1,1,1
0,4,1,440,0,0,0,0,0,1,1
0,3,0,0,0,0,0,0,1,0,0
0,4,0,46,0,0,0,0,0,1,1
0,5,0,112,0,0,0,0,1,0,0
0,6,0,34,0,0,0,0,1,0,0
1,6,0,173,0,0,0,0,0,0,1
1,2,0,6,0,1,0,1,0,0,0
0,4,1,339,1,0,0,0,0,1,1
0,6,0,42,0,0,0,0,2,0,0
0,5,1,444,1,0,39,0,0,1,1
1,5,0,4,0,0,0,0,0,0,0
1,6,0,0,0,0,0,1,0,0,0
0,6,0,80,0,0,0,0,1,1,0
1,5,0,7,0,0,0,0,0,0,0
0,3,0,0,0,0,0,0,0,1,0
0,3,0,16,0,0,0,0,1,0,0
0,6,0,159,0,0,0,0,0,0,1
0,6,0,80,0,0,0,0,0,1,1
0,6,0,304,0,0,0,0,1,0,0
0,4,1,277,0,0,0,0,0,1,1
1,4,0,7,0,0,0,0,1,0,0
0,3,0,7,0,0,0,1,1,0,0
0,5,0,187,0,0,0,0,0,0,0
1,6,0,4,0,0,0,0,0,0,0
0,4,1,461,0,0,0,0,0,1,1
0,5,0,59,0,0,0,1,0,0,0
1,5,0,39,0,0,0,0,1,0,0
0,6,0,87,0,0,0,0,0,1,1
0,5,0,41,0,0,0,0,1,0,0
0,3,0,0,0,0,0,0,0,0,0
1,6,0,27,0,0,0,0,1,0,0
1,5,0,105,0,0,65,0,0,0,0
1,6,0,17,0,0,0,0,2,0,0
1,5,0,150,0,0,0,0,3,0,0
0,6,0,7,0,0,0,0,1,0,0
0,4,1,587,0,0,0,0,0,1,1
0,6,0,55,0,0,0,0,2,0,0
0,6,0,118,0,0,0,0,0,0,1
1,3,0,0,0,0,0,0,0,0,0
0,6,0,135,0,0,0,0,2,1,0
0,5,0,320,0,0,0,0,1,0,0
0,6,0,19,0,0,0,0,2,0,0
0,3,0,5,0,0,0,0,0,0,0
1,6,0,22,0,0,0,0,0,0,1
0,5,0,75,0,0,0,0,0,0,0
1,6,0,133,0,0,0,0,1,1,0
1,5,0,52,0,0,0,0,0,0,0
0,2,1,38,0,0,0,0,0,1,1
1,6,0,151,0,0,0,1,1,0,0
0,6,0,253,0,0,0,2,0,0,0
1,3,0,83,0,0,0,3,2,0,0
1,6,0,8,0,0,0,1,1,0,0
0,5,0,54,0,0,0,0,0,0,0
1,3,0,105,0,0,0,0,1,0,0
0,6,0,34,0,0,0,0,0,1,1
0,5,1,150,0,0,91,0,0,1,1
1,6,0,177,0,0,0,1,1,0,0
0,4,1,68,1,0,0,0,0,1,1
0,6,0,28,0,0,0,0,0,1,1
1,6,0,62,0,0,0,0,1,0,0
0,6,0,40,0,0,0,1,2,0,0
0,6,0,323,0,0,0,1,2,0,1
0,3,0,0,0,0,0,0,0,0,0
1,2,0,31,0,0,0,2,0,0,0
1,5,0,162,0,0,0,1,0,1,0
0,3,0,10,0,0,0,1,0,0,0
0,5,0,70,0,0,0,0,0,0,0
0,5,0,221,0,0,0,0,0,0,0
1,5,0,1,0,0,0,1,0,0,0
1,3,0,193,0,0,0,0,0,0,1
1,6,0,54,0,0,0,1,1,0,0
0,6,0,138,0,0,0,2,1,1,0
0,5,1,58,0,0,0,0,0,1,1
0,5,0,110,0,0,0,0,0,1,1
0,6,0,277,0,0,0,0,2,0,0
0,6,0,7,0,0,0,0,2,0,0
0,4,0,192,0,0,0,0,1,0,0
0,6,0,122,0,0,0,0,1,0,0
0,4,1,186,0,0,0,0,0,1,1
0,6,0,86,0,0,0,0,0,1,1
0,6,0,145,0,0,0,1,2,0,0
0,6,0,15,0,0,0,0,1,0,0
0,5,0,327,0,0,0,0,0,0,0
1,3,0,0,0,0,0,1,0,0,0
0,6,0,35,0,0,0,0,0,1,1
1,6,0,78,0,0,0,0,2,0,0
0,4,1,277,0,0,0,0,0,1,1
0,6,0,27,0,0,0,1,0,0,0
0,5,1,521,0,0,0,0,0,1,1
0,4,1,353,1,0,0,0,0,1,1
0,5,0,377,0,0,0,0,1,0,0
0,4,0,20,0,0,0,0,0,0,0
0,6,0,78,0,0,0,0,2,0,0
1,1,0,1,0,0,0,1,2,0,0
1,5,0,179,0,0,0,0,1,1,0
0,3,0,11,0,0,0,0,1,0,0
1,6,0,198,0,0,0,2,0,1,1
0,6,0,219,0,0,0,0,2,0,0
0,6,0,8,0,0,0,0,2,0,0
1,4,0,153,0,0,0,0,0,0,0
1,6,0,1,0,0,0,0,1,0,0
0,5,0,46,0,0,0,0,0,0,0
1,2,0,23,0,0,0,0,0,0,0
0,5,1,34,1,0,0,0,0,1,1
0,5,0,110,0,0,0,1,0,0,0
0,4,0,70,0,0,0,1,0,1,0
0,4,1,61,0,0,0,0,0,1,1
1,3,0,6,0,0,0,0,0,0,0
1,5,0,136,0,0,0,0,0,0,0
1,6,0,187,0,0,0,0,0,1,1
0,6,0,26,0,0,0,0,1,1,0
0,4,1,87,0,0,0,0,0,1,1
0,4,1,262,1,0,0,0,0,1,1
0,6,0,12,0,0,0,0,2,0,0
0,4,1,61,0,0,0,0,0,1,1
0,6,0,91,0,0,0,1,1,0,0
0,4,1,420,0,0,0,0,0,1,1
1,6,0,12,0,0,0,0,2,1,0
0,6,0,101,0,0,0,0,0,1,1
0,6,0,55,0,0,0,0,2,0,0
1,5,0,158,0,0,0,0,1,0,0
0,4,1,307,1,0,0,0,0,1,1
0,6,0,75,0,0,0,0,3,0,0
1,3,0,0,0,0,0,0,0,0,0
1,6,0,176,0,0,0,0,0,0,1
0,6,0,3,0,0,0,0,1,0,0
1,3,0,4,0,0,0,0,0,0,0
0,6,0,39,0,0,0,0,0,0,1
1,6,0,52,0,0,0,0,1,0,0
0,6,0,167,0,0,0,0,1,0,0
0,6,0,270,0,0,0,2,1,0,0
0,6,0,129,0,0,0,0,0,0,1
1,2,0,7,1,6,0,0,0,0,0
0,5,0,71,0,0,0,0,0,0,0
0,6,0,30,0,0,0,2,0,0,0
0,6,0,165,0,0,0,0,0,0,1
0,6,0,11,0,0,0,0,1,0,0
0,4,0,75,0,0,0,0,2,0,0
0,6,0,6,0,0,0,0,2,0,0
0,4,0,45,0,0,0,0,1,0,0
0,6,0,83,0,0,0,2,1,0,0
0,4,1,226,0,0,0,0,0,1,1
1,3,0,131,0,0,0,2,1,0,0
0,6,0,227,0,0,0,0,0,1,1
0,5,0,159,0,0,0,0,1,0,0
0,6,0,23,0,0,0,0,1,0,0
0,4,1,295,0,0,0,0,0,1,1
0,6,0,196,0,0,0,0,0,0,1
1,6,0,87,0,0,0,0,0,1,1
0,6,0,295,0,0,0,0,0,0,1
1,6,0,22,0,0,0,0,0,1,1
0,6,0,53,0,0,0,0,0,1,1
1,3,0,118,0,0,0,2,0,0,0
1,5,0,80,0,0,0,0,0,0,0
0,5,0,423,0,0,0,0,0,1,1
0,5,1,364,1,0,0,0,0,1,1
1,3,0,33,0,0,0,0,0,0,0
0,5,1,245,0,0,0,0,0,1,1
0,6,0,198,0,0,0,0,3,1,1
0,6,0,70,0,0,0,0,0,1,1
0,6,0,5,0,0,0,0,1,0,0
0,5,1,250,0,0,0,0,0,1,1
0,5,0,221,0,0,0,1,0,0,0
0,4,1,179,0,0,0,0,0,1,1
0,3,0,6,0,0,0,1,0,0,0
1,3,0,1,0,2,0,1,0,0,0
0,6,0,205,0,0,0,0,1,0,1
1,5,0,46,0,0,0,0,0,1,0
0,6,0,124,0,0,0,0,0,1,1
0,2,0,5,0,0,0,0,0,0,0
1,6,0,69,0,0,0,0,1,0,0
0,3,0,154,0,0,0,0,0,0,0
0,5,0,465,0,0,0,0,0,1,0
0,6,0,148,0,0,0,0,0,0,1
0,3,0,101,0,0,0,0,0,0,0
0,6,0,10,0,0,0,0,1,0,0
0,6,0,32,0,0,0,0,1,0,0
0,6,0,89,0,0,0,2,3,0,1
1,3,0,11,0,0,0,0,0,0,0
0,0,0,3,0,0,0,0,0,1,0
1,6,0,5,0,0,0,0,1,0,0
1,6,0,93,0,0,0,0,1,1,0
0,6,0,37,0,0,0,0,0,1,1
0,4,0,98,0,0,0,0,0,1,0
0,6,0,120,0,0,0,0,2,0,0
1,4,0,7,0,0,0,0,0,0,0
1,5,0,96,0,0,0,0,2,0,0
0,6,0,29,0,0,0,0,1,0,0
0,3,0,326,0,0,0,0,0,0,0
0,6,0,56,0,0,0,0,0,1,1
1,6,0,11,0,0,0,0,1,0,0
0,3,0,1,0,0,0,1,0,0,0
0,3,0,5,0,0,0,0,0,0,0
1,6,0,167,0,0,0,0,0,1,1
0,5,0,164,0,0,0,0,0,0,0
0,2,0,1,0,0,0,0,0,0,0
0,6,0,180,0,0,0,0,1,1,0
0,4,0,111,0,0,0,0,1,0,0
1,6,0,78,0,0,0,0,1,0,0
0,6,0,30,0,0,0,0,1,0,0
1,5,0,85,0,0,0,0,0,0,0
0,5,0,57,0,0,0,0,1,0,0
1,6,0,25,0,0,0,0,2,1,0
1,4,1,277,0,0,0,0,0,1,1
0,4,0,48,0,0,0,0,1,0,0
1,3,0,12,0,0,0,1,0,0,1
0,3,0,1,0,0,0,1,0,0,0
1,5,0,54,0,0,0,0,0,0,0
1,6,0,30,0,0,0,0,1,0,0
1,4,1,222,25,0,0,0,0,1,1
0,6,0,11,0,0,0,0,1,0,0
0,3,0,1,0,0,0,1,0,0,0
0,6,0,79,0,0,0,0,1,0,0
0,2,0,99,1,0,0,0,0,1,1
0,4,1,87,0,0,0,0,0,1,1
0,3,0,1,0,0,0,1,1,0,0
0,6,0,285,0,0,0,1,0,1,1
0,5,0,221,0,0,147,0,1,0,0
0,5,0,47,0,0,0,0,0,0,0
1,3,0,35,0,0,0,0,0,1,0
1,6,0,4,0,0,0,0,0,0,0
0,6,0,115,0,0,0,0,2,0,0
1,4,1,4,0,0,0,0,0,0,0
1,4,0,80,0,0,0,0,1,0,0
0,5,0,32,0,0,0,0,0,0,0
0,4,0,40,0,0,0,2,0,0,0
0,6,0,316,0,0,0,0,1,1,1
0,4,0,429,0,0,330,0,0,0,0
1,6,0,4,0,0,0,0,1,0,0
0,6,0,24,0,0,0,0,3,1,0
0,6,0,227,0,0,0,0,2,1,0
0,4,1,328,1,0,0,0,0,1,1
1,4,0,365,0,0,0,1,0,0,0
0,4,1,379,0,0,0,0,0,1,1
0,6,0,148,0,0,0,2,1,0,1
0,4,0,312,1,0,0,0,0,1,1
1,6,0,301,0,0,0,0,2,1,0
0,3,0,109,0,0,0,0,2,0,0
1,6,0,1,0,0,0,0,1,0,0
0,6,0,61,0,0,0,0,0,1,1
0,5,0,72,0,0,0,0,0,0,0
1,6,0,3,0,0,0,0,0,0,0
0,5,0,12,0,0,0,0,0,1,0
1,6,0,61,0,0,0,1,0,0,0
1,4,1,124,0,0,0,1,0,1,1
1,6,0,121,0,0,0,0,2,1,0
0,6,0,64,0,0,0,0,0,1,1
0,6,0,9,0,0,0,0,0,1,1
0,6,0,0,0,0,0,0,0,0,0
0,4,1,342,1,0,0,0,0,1,1
0,6,0,41,0,0,0,0,1,1,0
1,3,0,318,0,0,0,0,1,0,1
1,5,0,17,0,0,0,0,0,0,0
0,5,1,169,0,0,0,0,0,1,1
0,6,0,5,0,0,0,0,1,1,0
1,3,0,29,0,0,0,0,1,0,0
0,5,0,65,0,0,0,0,0,1,0
1,6,0,82,0,0,0,0,0,0,1
1,3,0,1,0,1,0,0,0,0,0
0,6,0,69,0,0,0,0,1,1,0
1,5,0,191,0,0,0,0,0,0,0
1,1,0,12,0,0,0,0,0,0,0
1,4,0,131,0,0,0,0,1,0,0
0,5,1,19,1,0,0,0,0,1,1
1,5,0,69,0,0,0,0,0,0,0
0,5,0,164,0,0,0,0,0,0,0
0,6,0,28,0,0,0,0,0,0,1
0,6,0,43,0,0,0,0,0,1,1
1,4,0,47,0,0,47,1,0,0,0
1,4,0,31,0,0,0,0,0,0,0
0,6,0,111,0,0,0,0,1,0,0
0,5,1,19,1,0,0,0,0,1,1
0,6,0,317,0,0,0,0,0,1,1
0,4,1,22,0,0,0,0,0,1,1
0,4,0,158,0,0,0,0,1,0,0
1,1,0,5,0,0,0,0,3,0,0
1,4,1,183,0,0,0,0,0,1,1
0,4,1,363,1,0,0,0,0,1,1
0,3,0,5,0,0,0,1,1,0,0
0,5,0,128,0,0,0,1,0,0,1
1,6,0,1,0,0,0,0,1,0,0
0,3,0,17,0,0,0,0,0,1,0
1,5,0,191,0,0,0,2,0,0,0
0,6,0,20,0,0,0,1,0,0,0
0,6,0,134,0,0,0,0,0,1,1
0,5,0,504,0,0,0,0,1,0,0
0,6,0,228,0,0,0,0,0,1,0
0,3,0,0,0,0,0,3,0,0,0
0,2,0,25,0,0,0,0,0,1,0
0,4,1,221,1,0,0,0,0,1,1
1,5,0,3,0,2,0,0,2,0,0
0,6,0,9,0,0,0,0,0,0,1
1,2,0,36,0,0,0,2,0,0,0
1,6,0,33,0,0,0,0,1,0,0
0,4,0,116,0,0,0,0,0,0,0
0,5,0,92,0,0,58,0,0,0,0
0,6,0,0,0,0,0,0,1,0,0
0,6,0,12,0,0,0,0,1,0,0
0,4,1,186,0,0,0,0,0,1,1
1,3,0,0,0,0,0,0,0,0,0
0,6,0,49,0,0,0,0,2,0,0
0,6,0,22,0,0,0,0,0,0,1
1,5,0,164,0,0,0,1,1,0,0
0,6,0,23,0,0,0,0,1,0,0
1,6,0,113,0,0,0,0,0,1,1
0,4,1,142,0,0,0,0,0,1,1
0,0,0,0,0,0,0,0,0,0,0
0,6,0,227,0,0,0,2,1,0,0
1,4,0,286,0,0,0,1,0,0,0
0,2,0,99,0,0,0,1,0,0,0
0,6,0,3,0,0,0,0,1,1,0
1,4,0,131,0,0,0,1,0,1,1
0,3,0,9,0,0,0,0,1,0,0
0,6,0,67,1,0,0,0,1,1,1
0,6,0,54,0,0,0,0,0,1,1
0,6,0,175,0,0,0,0,1,0,0
1,5,0,165,0,0,0,0,1,0,0
0,5,1,178,1,0,46,0,0,1,1
1,5,0,22,0,0,0,0,0,0,0
0,6,0,33,0,0,0,0,1,0,0
0,4,0,292,0,0,0,0,0,1,1
0,5,1,140,0,0,0,0,0,1,1
0,6,0,31,0,0,0,0,3,0,0
0,6,0,21,0,0,0,0,0,1,1
0,6,0,28,0,0,0,0,0,1,1
0,6,0,102,0,0,0,0,0,0,1
0,5,0,386,0,0,0,1,1,0,0
0,3,0,179,0,0,0,0,1,0,0
0,5,0,31,0,0,0,0,1,0,0
0,6,0,95,0,0,0,0,1,1,0
0,3,0,0,0,0,0,0,0,0,0
0,6,0,5,0,0,0,0,0,1,0
1,5,0,205,0,0,0,0,0,0,0
0,6,0,200,0,0,0,0,3,0,0
1,4,0,7,0,0,0,0,0,0,0
0,0,0,6,0,0,0,1,0,0,0
0,5,0,249,0,0,0,0,0,0,0
0,3,0,2,0,0,0,0,0,0,0
0,3,0,11,0,0,0,0,0,0,0
0,6,0,125,0,0,0,0,1,0,0
0,6,0,116,0,0,0,0,1,0,0
0,6,0,29,0,0,0,0,0,1,1
1,2,0,2,1,3,0,1,0,0,0
0,6,0,11,0,0,0,0,0,0,0
0,4,0,95,0,0,0,0,1,0,0
1,3,0,11,0,0,0,0,0,0,0
1,3,0,5,0,0,0,0,0,0,0
1,2,0,1,0,1,0,0,0,0,0
1,6,0,37,0,0,0,0,1,1,0
1,5,0,206,0,0,0,0,1,0,0
0,4,1,85,1,0,0,0,0,1,1
0,6,0,58,0,0,0,0,1,0,0
0,6,0,151,0,0,0,0,2,0,0
0,6,0,97,0,0,0,0,2,1,0
0,6,0,65,0,0,0,0,1,0,0
0,6,0,78,0,0,0,0,1,0,0
1,5,0,113,0,0,0,0,2,0,0
0,6,0,1,0,0,0,0,1,0,0
1,6,0,44,0,0,0,0,0,1,1
1,6,0,3,0,0,0,0,1,0,0
0,5,0,102,0,0,0,0,0,0,0
0,5,1,263,0,0,0,0,0,1,1
1,6,0,0,0,0,0,0,1,0,0
0,3,0,28,0,0,0,0,2,1,1
0,6,0,4,0,0,0,0,0,0,0
1,6,0,27,0,0,0,2,1,0,0
1,6,0,181,0,0,0,0,0,1,1
0,5,0,81,0,0,4,1,0,0,0
0,6,0,114,0,0,0,5,3,0,0
1,3,0,3,0,0,0,0,1,0,0
1,6,0,148,0,0,0,0,1,0,0
0,6,0,89,0,0,0,0,1,0,0
1,6,0,95,0,0,0,0,1,1,1
1,6,0,12,0,0,0,0,2,0,0
0,6,0,282,0,0,0,0,1,1,1
1,6,0,87,0,0,0,0,1,0,0
0,6,0,252,0,0,0,0,1,1,1
0,6,0,86,0,0,0,0,1,0,0
1,4,1,385,0,0,0,0,0,1,1
0,5,0,192,0,0,0,0,0,0,0
1,6,0,266,0,0,0,0,1,0,0
0,6,0,15,0,0,0,0,0,0,1
0,0,0,9,0,1,0,0,0,0,0
1,5,0,199,0,0,0,0,0,1,0
1,4,0,124,0,0,0,1,0,0,1
1,6,0,10,0,0,0,0,0,0,0
1,5,0,61,0,0,0,0,1,0,0
0,4,1,205,0,0,0,0,0,1,1
0,4,1,115,1,0,22,0,0,1,1
0,3,0,2,0,0,0,0,0,0,0
0,6,0,93,0,0,0,0,2,0,1
1,4,0,236,0,0,0,0,0,0,1
0,6,0,190,0,0,0,2,1,1,1
0,4,1,423,0,0,0,0,0,1,1
1,4,0,17,0,0,0,0,0,0,0
0,6,0,13,0,0,0,0,1,0,0
1,6,0,28,0,0,0,0,0,0,0
1,5,0,239,3,0,0,0,0,1,1
0,6,0,173,0,0,0,2,0,0,1
0,5,0,189,0,0,0,0,0,1,0
1,3,0,3,0,0,0,1,0,0,0
0,6,0,17,0,0,0,1,0,1,0
0,6,0,109,0,0,0,0,0,0,1
0,5,0,27,0,0,0,0,0,1,0
1,3,0,13,0,0,0,1,2,0,0
1,6,0,243,0,0,0,0,2,1,0
0,4,0,300,1,0,0,0,0,1,1
1,3,0,22,0,0,0,1,2,0,0
1,2,0,10,0,1,0,0,0,0,0
1,6,0,0,0,3,0,0,0,0,0
0,6,0,215,0,0,0,0,1,0,0
1,4,0,252,0,0,100,0,0,0,0
0,6,0,259,0,0,0,1,2,1,1
1,6,0,11,0,0,0,0,0,0,0
0,5,0,0,0,0,0,1,0,0,0
1,6,0,132,0,0,0,0,2,0,1
0,5,0,23,0,0,0,0,1,0,0
0,4,0,7,0,0,0,0,1,0,0
0,4,1,205,0,0,0,0,0,1,1
1,6,0,311,0,0,0,0,1,1,1
1,3,0,0,0,1,0,0,0,0,0
1,5,0,126,0,0,0,0,2,0,0
0,6,0,163,0,0,0,0,2,0,0
0,5,0,54,0,0,0,0,0,0,0
0,4,0,48,0,0,0,0,1,0,0
0,6,0,83,0,0,0,0,1,1,0
0,3,0,8,0,0,0,1,0,0,0
0,4,1,148,0,0,98,0,0,1,1
0,5,0,76,0,0,0,0,1,0,0
0,2,1,113,0,0,0,0,0,1,1
0,6,0,105,0,0,0,0,2,0,0
0,6,0,117,0,0,0,0,1,0,0
0,1,0,2,0,0,0,0,0,0,0
0,4,1,350,0,0,0,0,0,1,1
1,3,0,132,0,0,0,0,0,0,0
1,4,0,40,0,0,0,0,0,0,0
0,6,0,48,0,0,0,0,1,0,0
0,6,0,37,0,0,0,0,1,1,0
0,6,0,44,0,0,0,0,1,0,0
0,4,1,181,0,0,0,0,0,1,1
0,6,0,197,0,0,0,0,2,1,1
0,6,0,16,0,0,0,0,1,0,0
0,4,1,468,0,0,0,0,0,1,1
0,6,0,47,0,0,0,0,0,0,1
0,6,0,159,0,0,0,0,0,0,1
0,5,0,192,0,0,0,0,0,0,0
0,5,1,166,0,0,0,0,0,1,1
0,6,0,43,0,0,0,1,0,0,1
1,4,2,169,0,0,0,1,0,0,0
1,5,0,82,0,0,0,1,0,0,0
1,5,0,7,0,0,0,0,0,0,0
0,6,0,12,0,0,0,0,0,0,1
0,5,1,245,0,0,0,0,0,1,1
0,6,0,14,0,0,0,0,2,0,0
1,6,0,19,0,0,0,0,1,1,0
0,4,0,75,0,0,0,0,2,0,0
0,6,0,18,0,0,0,0,1,1,0
1,6,0,115,0,0,0,0,1,0,0
1,3,0,190,0,0,0,3,2,0,0
0,5,1,180,1,0,38,0,0,1,1
1,3,0,148,0,0,0,1,0,0,0
1,6,0,100,0,0,0,0,0,1,1
0,4,0,116,0,0,0,1,0,0,0
0,4,0,215,0,0,0,2,0,0,0
0,6,0,113,0,0,0,0,0,0,1
1,6,0,19,0,0,0,0,1,0,0
0,6,0,36,0,0,0,0,4,0,0
0,5,0,71,0,0,0,0,1,1,0
0,6,0,8,0,0,0,0,2,0,0
0,5,1,104,0,0,0,0,0,1,1
0,6,0,33,0,0,0,0,0,0,1
0,6,0,67,0,0,0,0,0,0,1
0,6,0,62,0,0,0,1,1,0,0
1,6,0,72,0,0,0,0,0,0,1
0,6,0,101,0,0,0,0,1,0,0
0,5,0,0,0,0,0,0,0,0,0
0,6,0,9,0,0,0,0,0,1,1
1,5,0,101,0,0,0,0,0,0,0
0,5,0,56,0,0,0,0,0,1,0
0,3,0,136,0,0,0,0,0,0,0
1,6,0,152,0,0,0,0,0,1,0
0,3,0,0,0,0,0,0,0,0,0
1,3,0,228,0,0,0,0,0,0,0
1,3,0,26,0,0,0,3,0,0,0
1,4,1,168,0,0,0,0,0,1,1
1,6,0,16,0,0,0,0,1,0,0
0,6,0,6,0,0,0,0,3,0,0
0,2,0,16,0,0,0,1,0,0,0
1,6,0,13,0,0,0,0,2,0,0
0,4,1,162,0,0,0,0,0,1,1
0,6,0,91,0,0,0,0,0,0,1
1,5,0,207,0,0,0,0,2,0,0
1,6,0,12,0,0,0,0,1,1,0
0,6,0,132,0,0,0,0,0,1,0
1,6,0,124,0,0,0,0,1,1,1
1,5,0,15,0,0,0,0,0,0,0
0,6,0,28,0,0,0,0,0,1,1
1,6,0,115,0,0,0,1,0,0,0
0,3,0,1,0,0,0,1,1,0,0
0,6,0,11,0,0,0,0,1,0,0
1,3,0,0,0,0,0,1,0,0,0
0,3,0,157,0,0,0,0,2,0,0
1,2,0,78,0,0,0,0,0,0,0
0,6,0,167,0,0,0,0,0,1,1
0,5,0,37,0,0,0,0,0,1,1
0,5,1,150,0,0,0,0,0,1,1
0,6,0,4,0,0,0,0,4,0,0
0,6,0,285,0,0,0,0,2,1,1
0,6,0,174,0,0,0,0,0,1,1
0,6,0,127,0,0,0,0,2,0,0
1,6,0,4,0,0,0,0,0,0,0
1,6,0,58,0,0,0,0,0,1,1
0,6,0,14,0,0,0,1,1,0,0
1,6,0,39,0,0,0,0,1,0,0
0,6,0,5,0,0,0,0,0,0,0
0,3,0,0,0,0,0,0,0,1,0
1,6,0,150,0,0,0,0,2,0,0
1,6,0,0,0,0,0,0,1,0,0
0,5,0,292,0,0,0,0,0,0,0
0,4,1,517,0,0,0,0,0,1,1
0,6,0,99,0,0,0,0,1,0,0
1,6,0,18,0,0,0,0,1,1,0
0,5,1,205,1,0,0,1,0,1,1
0,6,0,258,0,0,0,0,3,0,0
0,5,0,21,0,0,0,0,0,0,0
0,6,0,260,0,0,0,0,2,0,0
0,4,1,351,0,0,0,0,0,1,1
0,6,0,6,0,0,0,0,0,1,0
0,6,0,7,0,0,0,0,1,0,0
0,6,0,107,0,0,0,0,2,0,0
0,4,1,28,0,0,0,0,0,1,1
1,5,0,17,0,0,0,0,0,0,0
0,6,0,147,0,0,0,0,0,0,1
1,6,0,59,0,0,0,0,1,0,0
1,6,0,0,0,2,0,0,1,0,0
0,5,0,145,0,0,0,0,0,0,0
0,6,0,1,0,0,0,0,0,0,0
0,6,0,117,0,0,0,0,0,1,1
1,3,0,0,0,0,0,0,0,0,0
0,5,0,34,0,0,0,0,0,1,0
0,4,1,580,0,0,0,0,0,1,1
0,6,0,5,0,0,0,0,0,0,0
0,6,0,164,0,0,0,0,0,0,1
1,6,0,72,0,0,0,0,2,0,0
1,3,0,0,0,0,0,0,0,0,0
1,5,0,215,0,0,0,0,0,0,0
0,5,0,124,0,0,0,0,1,0,0
1,4,0,82,1,0,0,0,0,1,1
1,6,0,68,0,0,0,0,1,0,0
0,6,0,112,0,0,0,0,0,0,1
0,6,0,57,0,0,0,0,0,0,1
1,3,0,1,0,0,0,0,3,0,0
1,6,0,6,0,0,0,0,0,1,0
0,5,0,24,0,0,0,1,0,0,0
0,2,1,69,0,0,0,0,0,1,1
1,3,0,0,0,0,0,0,0,0,0
1,5,0,2,0,0,0,0,0,0,0
0,4,0,75,0,0,0,0,0,1,1
0,6,0,2,0,0,0,0,1,0,0
0,6,0,239,0,0,0,0,1,1,0
0,6,0,13,0,0,0,0,1,0,0
0,5,1,197,1,0,25,0,0,1,1
0,6,0,10,0,0,0,0,1,1,0
0,6,0,2,0,0,0,0,1,0,0
1,6,0,103,0,0,0,0,0,1,1
0,6,0,223,0,0,0,0,0,1,1
0,6,0,90,0,0,0,0,1,0,0
0,4,0,66,0,0,0,0,1,0,0
0,6,0,184,0,0,0,0,3,0,0
0,4,1,226,0,0,0,0,0,1,1
1,6,0,169,0,0,0,3,2,0,0
1,6,0,1,0,0,0,0,1,0,0
0,6,0,3,0,0,0,0,0,0,0
1,3,0,71,0,0,0,1,0,0,0
1,3,0,3,0,0,0,0,1,0,0
1,6,0,121,0,0,0,0,2,1,0
1,4,1,92,1,0,0,0,0,1,1
1,5,0,4,0,0,0,0,0,0,0
0,6,0,11,0,0,0,0,1,0,0
0,4,1,247,0,0,0,0,0,1,1
1,5,0,272,0,0,0,0,0,0,0
0,6,0,5,0,0,0,0,0,0,0
1,5,0,198,0,0,0,0,0,0,0
1,5,0,0,0,0,0,1,1,0,0
1,3,0,142,0,0,0,1,0,1,0
1,4,0,388,0,0,0,0,0,0,0
1,6,0,119,0,0,0,1,1,0,0
0,6,0,15,0,0,0,0,2,0,0
0,6,0,230,0,0,0,1,1,1,0
0,3,0,0,0,0,0,1,0,0,0
1,6,0,3,0,0,0,0,1,0,0
0,6,0,28,0,0,0,0,0,0,1
0,4,0,44,0,0,0,0,0,0,0
0,3,0,134,0,0,0,0,2,0,0
1,2,0,44,0,0,0,0,0,1,0
1,6,0,104,0,0,0,1,1,0,0
1,4,0,40,0,0,0,1,0,0,0
0,4,0,21,0,0,0,0,0,1,0
0,6,0,8,0,0,0,2,0,1,0
0,5,0,1,0,0,0,0,1,0,0
1,5,0,72,0,0,0,0,0,0,0
1,3,0,37,0,0,0,2,2,0,0
0,5,1,407,0,0,0,0,0,1,1
1,3,0,250,0,1,0,0,3,0,0
0,5,0,273,0,0,0,1,0,0,0
1,4,1,259,1,0,0,0,0,1,1
0,6,0,13,0,0,0,0,1,0,0
0,5,0,103,0,0,0,0,0,1,0
0,4,0,95,0,0,0,0,0,0,1
1,3,0,208,0,0,0,0,0,1,0
0,1,0,0,0,18,0,0,2,0,0
0,6,0,12,0,0,0,0,2,0,0
0,6,0,23,1,0,0,0,1,1,1
0,4,0,98,0,0,0,1,0,0,0
0,3,0,126,0,0,0,1,0,0,0
0,6,0,193,0,0,0,2,1,0,0
0,5,0,289,1,0,0,0,0,1,1
0,5,1,213,0,0,62,0,0,1,1
0,3,0,71,0,0,0,0,0,0,0
0,6,0,179,0,0,0,0,0,1,1
0,6,0,9,0,0,0,0,1,0,0
1,6,0,5,0,0,0,0,2,0,0
1,6,0,0,0,0,0,0,0,0,0
0,6,0,57,0,0,0,0,3,0,1
0,5,0,64,0,0,0,0,1,0,0
1,6,0,69,0,0,0,0,0,0,1
0,4,1,277,0,0,0,0,0,1,1
0,6,0,16,0,0,0,0,0,1,1
0,3,0,49,0,0,0,1,0,1,0
0,2,0,1,1,0,0,0,0,1,1
1,2,0,3,0,0,0,0,0,1,0
1,2,0,0,0,2,0,2,0,0,0
0,4,0,17,0,0,0,0,0,1,0
1,6,0,5,0,0,0,0,1,0,0
1,6,0,65,0,0,0,0,1,0,0
0,6,0,142,0,0,0,0,0,1,1
0,6,0,74,0,0,0,1,1,0,0
1,6,0,188,0,0,0,0,2,0,0
0,6,0,0,0,0,0,1,3,0,0
0,5,0,195,1,0,0,0,0,1,1
0,6,0,155,0,0,0,0,1,1,0
1,4,0,100,0,0,0,0,1,0,0
0,5,1,30,0,0,0,0,0,1,1
0,6,0,2,0,0,0,0,1,0,0
1,6,0,9,0,0,0,0,1,0,0
1,6,0,137,0,0,0,0,1,0,1
1,6,0,116,0,0,0,0,2,0,0
0,6,0,37,0,0,0,1,1,0,0
1,5,0,100,0,0,0,0,0,0,0
1,5,0,136,0,0,0,0,1,0,0
1,6,0,91,0,0,0,2,3,1,0
0,5,0,41,0,0,0,0,1,0,0
1,6,0,251,0,0,0,0,1,0,1
0,4,1,121,0,0,0,0,0,1,1
0,6,0,110,0,0,0,0,0,1,1
0,6,0,4,0,0,0,0,1,0,0
1,6,0,101,0,0,0,0,2,1,1
0,5,0,377,0,0,0,0,1,0,0
0,3,0,0,0,0,0,1,0,0,0
1,5,0,272,0,0,0,1,0,0,0
0,4,0,44,0,0,0,0,0,0,0
1,6,0,56,0,0,0,0,1,0,0
0,6,0,113,0,0,0,2,0,1,1
0,6,0,68,0,0,0,0,0,1,1
0,4,1,44,0,0,0,0,0,1,1
1,2,0,15,0,0,0,1,0,0,0
0,4,0,46,0,0,0,0,1,0,0
0,2,0,99,1,0,0,0,0,1,1
1,6,0,201,0,0,0,0,1,0,1
0,4,0,351,1,0,0,0,0,1,1
0,4,1,126,0,0,39,0,0,1,1
0,5,0,118,0,0,0,1,0,0,0
1,6,0,36,0,0,0,0,1,1,0
0,6,0,303,0,0,0,0,1,1,1
1,6,0,14,0,0,0,0,1,0,0
0,5,0,221,0,0,0,0,2,0,0
1,6,0,124,0,0,0,0,1,1,1
0,6,0,19,0,0,0,0,1,0,0
0,6,0,123,0,0,0,0,0,1,1
0,6,0,7,0,0,0,0,1,0,0
1,6,0,140,0,0,0,0,2,0,0
0,6,0,63,0,0,0,0,2,0,0
0,5,0,103,0,0,0,0,0,1,0
0,5,0,145,0,0,0,0,0,1,0
0,6,0,14,0,0,0,1,2,0,0
1,6,0,206,0,0,0,3,1,1,1
0,6,0,268,0,0,0,0,0,1,1
0,5,0,140,0,0,0,0,0,1,1
1,3,0,164,0,0,0,0,0,1,0
1,4,0,128,0,0,0,0,1,0,0
0,4,1,67,0,0,0,0,0,1,1
1,5,0,0,0,0,0,0,0,0,0
0,4,0,72,0,0,58,0,0,0,0
0,3,0,41,0,0,0,0,0,0,0
0,6,0,135,0,0,0,0,0,0,1
1,4,1,87,0,0,0,0,0,1,1
0,5,0,386,0,0,0,0,1,0,0
0,6,0,340,0,0,0,0,2,1,1
0,6,0,44,0,0,0,0,0,1,1
1,3,0,121,0,0,0,0,3,0,0
0,6,0,46,0,0,0,0,0,1,1
0,6,0,8,0,0,0,0,0,0,0
1,6,0,228,0,0,0,0,1,1,0
0,4,1,358,1,0,0,0,0,1,1
0,4,1,286,0,0,75,0,0,1,1
0,6,0,260,0,0,0,0,0,1,1
0,4,0,225,0,0,0,0,0,0,0
1,5,0,46,0,0,0,0,0,0,0
0,5,0,263,0,0,0,0,0,0,0
1,6,0,17,0,0,0,0,0,1,1
0,6,0,184,0,0,0,0,2,0,0
0,5,0,71,0,0,0,0,1,0,0
1,6,0,154,0,0,0,0,1,0,1
0,6,0,99,0,0,0,0,0,1,1
0,2,0,6,0,0,0,0,0,0,0
0,6,0,94,0,0,0,0,0,1,1
0,6,0,10,0,0,0,1,1,1,0
1,3,0,8,0,0,0,0,0,1,0
1,6,0,48,0,0,0,2,1,1,0
0,6,0,20,0,0,0,0,1,0,0
1,4,1,78,0,0,0,0,0,1,1
0,3,0,1,0,0,0,0,1,0,0
0,6,0,59,0,0,0,0,1,0,0
0,6,0,109,0,0,0,0,1,0,0
0,6,0,29,0,0,0,0,1,0,0
0,6,0,136,0,0,0,0,0,1,0
1,3,0,0,0,0,0,0,0,0,0
0,3,0,0,0,0,0,0,0,1,0
1,6,0,45,0,0,0,1,2,0,0
1,6,0,96,0,0,0,0,1,0,1
0,6,0,4,0,0,0,0,1,0,0
0,4,1,450,0,0,0,0,0,1,1
0,4,0,8,1,0,0,0,0,1,1
0,5,1,121,0,0,0,1,0,1,1
0,4,1,129,0,0,0,0,0,1,1
0,6,0,13,0,0,0,0,1,1,0
1,5,0,131,0,0,0,0,1,0,0
1,6,0,1,0,0,0,0,0,0,0
0,3,0,1,0,0,0,0,2,0,0
1,6,0,37,0,0,0,0,2,0,0
0,6,0,20,0,0,0,0,1,0,0
1,3,0,8,0,0,0,0,0,0,0
0,5,0,256,0,0,0,1,0,0,0
0,1,0,0,0,0,0,0,0,0,0
0,6,0,30,0,0,0,0,2,0,0
0,5,1,142,0,0,0,0,0,1,1
0,6,0,160,0,0,0,0,1,0,0
0,6,0,1,0,0,0,0,1,0,0
0,0,0,6,1,7,0,0,0,1,0
0,6,0,62,0,0,0,0,1,1,0
0,6,0,5,0,0,0,0,2,0,0
0,2,0,18,0,3,0,0,0,0,0
1,6,0,39,0,0,0,0,1,0,0
1,6,0,170,0,0,0,0,3,1,0
0,6,0,71,0,0,0,0,0,1,1
0,5,0,117,0,0,0,0,0,1,1
0,3,0,0,0,0,0,0,0,0,0
0,3,0,0,0,0,0,0,0,0,0
1,6,0,10,0,0,0,0,0,0,0
1,4,1,148,0,0,0,0,0,1,1
1,3,0,158,0,0,0,0,1,0,1
0,6,0,258,0,0,0,0,0,1,1
0,6,0,199,0,0,0,0,0,1,1
1,3,0,0,0,0,0,1,0,0,0
0,4,1,164,0,0,0,0,0,1,1
0,2,0,1,0,0,0,0,0,0,0
0,3,0,46,0,0,0,0,0,0,0
0,6,0,43,0,0,0,1,2,0,0
0,6,0,29,0,0,0,0,2,1,0
0,3,0,3,0,0,0,0,1,0,0
1,3,0,34,0,0,0,1,0,0,0
0,6,0,73,0,0,0,0,1,0,0
0,6,0,108,0,0,0,0,1,0,0
0,3,0,76,0,0,0,0,1,1,0
0,6,0,121,0,0,0,0,0,0,1
1,4,0,88,0,0,0,0,0,1,1
1,6,0,146,0,0,0,0,1,0,0
1,4,0,283,0,0,0,0,0,0,0
0,6,0,52,0,0,0,0,0,1,1
0,6,0,0,0,0,0,1,0,0,0
0,5,1,34,1,0,0,0,0,1,1
0,5,1,273,0,0,0,0,0,1,1
0,1,0,0,0,0,0,0,0,0,0
0,5,0,56,0,0,0,0,0,1,0
1,4,0,31,0,0,0,1,0,0,0
1,2,0,0,0,3,0,0,0,0,0
1,6,0,60,0,2,0,0,1,0,0
1,4,0,82,1,0,0,0,0,1,1
0,3,0,93,0,0,0,1,0,0,0
0,6,0,38,0,0,0,0,1,1,0
0,6,0,169,0,0,0,0,0,0,1
0,5,0,93,0,0,0,0,0,0,0
0,6,0,0,0,0,0,0,1,0,0
0,5,1,145,0,0,85,0,0,1,1
0,5,0,39,0,0,0,0,0,1,1
0,6,0,148,0,0,0,0,2,0,0
0,4,0,282,0,0,48,0,1,0,0
0,3,0,0,0,0,0,2,0,0,0
0,6,0,53,0,0,0,0,1,0,0
0,4,0,3,0,0,0,0,0,0,0
1,5,0,157,0,0,0,0,0,0,0
0,6,0,211,0,0,0,0,3,0,0
0,4,0,414,0,0,0,0,1,0,0
0,5,0,116,0,0,0,1,0,0,0
1,2,0,0,0,0,0,0,0,0,0
0,2,0,12,0,0,0,0,0,0,0
0,6,0,60,0,0,0,0,0,1,1
0,5,0,22,0,0,0,0,0,0,0
0,6,0,68,0,0,0,0,0,1,1
1,3,0,0,0,0,0,0,0,0,0
0,2,0,1,0,0,0,0,0,0,0
1,5,0,81,0,0,0,1,0,0,0
0,6,0,254,0,0,0,0,1,0,0
0,6,0,47,0,0,0,0,2,0,0
0,4,0,70,0,0,0,0,0,0,0
0,6,0,119,0,0,0,0,1,0,0
0,6,0,52,0,0,0,0,3,0,0
0,6,0,4,0,0,0,0,0,0,0
0,5,0,200,0,0,0,1,1,1,0
1,6,0,81,0,0,0,4,1,0,1
0,6,0,55,0,0,0,0,2,0,0
1,4,0,96,0,0,0,0,0,0,0
0,6,0,171,0,0,0,0,2,0,0
1,6,0,312,0,0,0,0,3,1,1
0,6,0,49,0,0,0,0,0,1,1
0,2,0,99,0,0,0,0,0,0,0
0,6,0,68,0,0,0,1,2,0,0
0,6,0,19,0,0,0,0,1,0,0
1,5,0,113,0,0,0,0,0,0,0
0,6,0,28,0,0,0,0,1,1,0
0,5,0,50,0,2,0,0,1,0,0
0,4,1,426,0,0,0,0,0,1,1
0,3,0,68,0,0,0,0,0,0,0
0,3,0,21,0,0,0,0,0,0,0
0,5,0,36,0,0,0,0,0,0,0
0,5,0,0,0,0,0,0,0,0,0
0,6,0,34,0,0,0,0,0,1,1
1,6,0,23,0,0,0,0,0,0,1
1,3,0,1,0,1,0,0,0,0,0
1,5,0,7,0,0,0,0,0,0,0
0,4,1,161,0,0,0,0,0,1,1
1,6,0,55,0,0,0,0,0,0,1
0,5,1,70,0,0,16,0,0,1,1
0,4,1,178,0,0,0,0,0,1,1
1,6,0,222,0,0,0,0,2,0,0
1,5,0,63,0,0,0,0,0,0,0
1,6,0,237,3,0,0,0,1,1,1
1,5,0,45,0,0,0,0,2,0,0
0,6,0,18,0,0,0,0,0,1,1
0,5,0,258,0,0,0,0,0,0,0
0,6,0,67,0,0,0,0,1,1,0
1,5,0,152,0,0,0,0,1,1,0
0,6,0,21,0,0,0,0,1,1,0
1,3,0,0,0,2,0,0,1,0,0
1,6,0,224,0,0,0,0,2,0,1
0,4,0,265,0,0,176,1,0,0,0
1,3,0,174,0,0,0,1,1,0,0
0,4,1,88,0,0,0,0,0,1,1
0,4,0,68,0,0,0,0,0,0,0
1,6,0,38,0,0,0,1,2,0,0
0,6,0,82,0,0,0,0,0,1,1
0,5,0,256,0,0,0,0,1,0,0
1,3,0,0,0,0,0,0,0,0,0
0,3,0,6,0,0,0,0,0,0,0
0,4,0,213,0,0,0,1,0,0,0
0,6,0,86,0,0,0,0,2,1,0
0,5,0,36,0,0,0,0,0,0,0
1,6,0,308,0,0,0,0,1,1,1
0,4,0,233,0,0,0,0,1,0,0
1,6,0,2,0,0,0,0,1,0,0
0,5,0,60,0,0,0,0,0,0,0
1,6,0,110,0,0,0,0,0,0,1
0,5,0,236,0,0,0,0,0,1,0
1,5,0,85,0,0,0,0,0,1,0
0,5,0,184,0,0,0,0,0,0,0
1,4,0,237,0,0,0,2,0,0,0
1,3,0,0,0,0,0,0,0,0,0
1,6,0,41,0,0,0,0,1,1,0
0,4,0,265,1,0,0,0,0,1,1
0,6,0,0,0,0,0,0,0,0,0
1,2,0,1,0,0,0,0,0,1,0
0,5,1,33,1,0,0,0,0,1,1
0,6,0,98,0,0,0,0,0,1,1
0,6,0,5,0,0,0,0,1,0,0
1,5,0,193,0,0,0,0,0,1,0
0,6,0,138,0,0,0,0,2,0,0
1,6,0,72,0,0,0,0,2,0,0
1,2,0,0,0,3,0,0,1,0,0
0,6,0,53,0,0,0,0,2,0,0
0,6,0,254,0,0,0,0,1,0,0
0,4,0,323,1,0,0,0,0,1,1
0,6,0,227,0,0,0,0,0,1,1
1,3,0,82,0,0,0,0,0,0,0
0,6,0,63,0,0,0,0,1,0,0
1,5,0,8,0,0,0,0,0,0,0
0,6,0,23,0,0,0,0,0,1,1
1,4,1,166,24,0,0,0,0,1,1
1,3,0,0,0,0,0,0,0,0,0
0,6,0,25,0,0,0,0,1,0,0
0,4,1,327,1,0,0,0,0,1,1
0,6,0,142,0,0,0,0,0,1,1
1,2,0,0,0,0,0,0,0,0,0
0,6,0,4,0,0,0,0,2,0,0
0,2,1,248,0,0,0,0,0,1,1
1,6,0,23,0,0,0,0,1,0,0
0,5,1,325,1,0,0,0,0,1,1
0,6,0,95,0,0,0,0,1,1,0
1,6,0,53,0,0,0,1,0,1,0
0,6,0,41,0,0,0,0,0,0,1
0,6,0,194,0,0,0,0,1,1,0
1,4,0,94,0,0,0,0,0,0,0
0,6,0,132,0,0,0,1,1,0,0
0,4,1,391,0,0,0,0,0,1,1
1,2,0,5,0,2,0,0,0,0,0
0,2,0,14,0,0,0,2,0,0,0
0,6,0,34,0,0,0,0,0,0,1
0,2,0,7,0,3,0,1,0,0,0
1,2,0,78,0,0,0,0,0,0,0
0,5,0,54,0,0,0,0,0,0,0
0,5,0,146,0,0,99,0,0,0,0
0,5,1,364,1,0,0,0,0,1,1
1,6,0,237,0,0,0,0,2,0,1
0,6,0,161,0,0,0,0,1,1,0
0,6,0,32,0,0,0,0,1,0,0
1,6,0,3,0,0,0,0,2,0,0
0,4,1,323,1,0,0,0,0,1,1
0,6,0,81,0,0,0,0,0,0,1
0,3,0,2,1,0,0,2,1,0,1
1,6,0,132,1,6,0,0,4,0,0
0,6,0,85,0,0,0,0,3,0,0
0,4,1,233,0,0,0,0,0,1,1
0,6,0,38,0,0,0,0,1,0,0
0,6,0,4,0,0,0,0,1,0,0
0,6,0,183,0,0,0,0,1,0,0
1,3,0,0,0,0,0,0,0,0,0
0,4,0,323,1,0,0,0,0,1,1
1,5,0,143,0,0,0,1,1,0,0
1,3,0,170,0,0,0,0,0,0,0
1,5,0,36,0,0,0,0,1,0,0
1,6,0,25,0,0,0,0,1,0,0
1,6,0,68,0,0,0,2,0,0,1
0,6,0,2,0,0,0,0,1,0,0
1,6,0,18,0,0,0,0,1,1,0
0,6,0,25,0,0,0,0,2,0,0
0,4,1,50,0,0,0,0,0,1,1
0,4,0,208,0,0,0,0,0,0,0
1,3,0,10,0,0,0,0,0,0,0
1,6,0,6,0,0,0,0,1,0,0
0,5,0,47,0,0,0,0,2,0,0
0,6,0,9,0,0,0,0,0,0,1
0,6,0,19,0,0,0,0,0,1,1
0,6,0,6,0,0,0,0,1,1,0
0,5,0,230,0,0,0,0,0,1,1
0,6,0,18,0,0,0,0,0,1,1
0,3,0,159,0,0,0,0,1,0,0
0,5,0,31,0,0,0,0,0,0,0
0,6,0,34,0,0,0,0,1,0,0
0,5,0,335,0,0,0,1,1,0,0
0,6,0,105,0,0,0,0,0,0,1
1,4,0,67,0,0,0,1,0,0,0
1,4,0,285,0,0,0,1,2,0,0
0,3,0,16,0,0,0,0,1,0,0
0,6,0,47,0,0,0,0,1,0,0
0,1,0,11,0,0,0,0,1,0,0
0,6,0,76,0,0,0,0,2,1,0
0,5,0,1,0,0,0,0,0,0,0
1,5,0,62,0,0,0,0,2,0,0
0,6,0,91,0,0,0,0,1,0,0
0,5,0,181,0,0,0,0,0,0,0
1,4,0,7,0,0,0,1,0,0,0
0,6,0,28,0,0,0,1,0,1,0
0,6,0,174,0,0,0,0,2,0,0
0,6,0,195,0,0,0,0,0,0,1
0,4,1,135,0,0,0,0,0,1,1
0,5,1,121,0,0,0,0,0,1,1
1,5,0,40,0,0,0,0,1,0,0
1,5,0,180,0,0,0,0,0,1,0
0,5,0,87,0,0,0,0,1,0,0
1,6,0,241,0,0,0,0,0,0,1
0,3,0,287,0,0,0,1,0,0,0
0,6,0,105,0,0,0,0,1,0,0
0,2,0,149,0,0,0,0,1,0,0
0,3,0,6,0,0,0,0,0,1,0
0,6,0,6,0,0,0,0,1,0,0
0,5,0,290,0,0,108,0,0,1,1
0,1,0,4,0,0,0,1,1,0,0
1,3,0,17,0,0,0,0,0,0,0
1,6,0,118,0,0,0,0,0,1,1
1,5,0,52,0,0,0,0,0,0,0
0,6,0,301,0,0,0,0,2,1,1
0,4,1,158,0,0,31,0,0,1,1
0,4,1,379,1,0,0,0,0,1,1
0,6,0,145,0,0,0,1,2,0,0
1,6,0,15,0,0,0,0,1,0,0
0,6,0,35,0,0,0,0,1,0,0
0,6,0,100,0,0,0,0,1,1,0
1,4,1,411,0,0,0,0,0,1,1
0,6,0,189,0,0,0,0,0,1,1
1,5,0,174,0,0,0,0,0,0,0
0,6,0,141,0,0,0,4,1,0,0
0,6,0,74,0,0,0,0,0,1,1
0,4,1,50,0,0,0,0,0,1,1
1,6,0,84,0,0,0,1,3,0,0
0,5,1,275,0,0,0,0,0,1,1
0,6,0,246,0,0,0,0,1,0,0
0,5,0,103,0,0,0,1,1,1,1
0,6,0,208,0,0,0,0,3,0,0
1,4,0,222,0,0,0,0,0,0,0
1,6,0,46,0,0,0,0,0,0,1
1,4,0,31,0,0,0,0,0,0,0
0,6,0,35,0,0,0,0,1,0,0
0,5,0,10,0,0,0,0,0,0,0
1,4,0,3,0,0,0,0,0,1,0
1,3,0,0,0,0,0,0,0,0,0
1,4,0,30,0,0,0,0,0,1,0
0,6,0,224,0,0,0,0,1,0,0
0,4,1,97,0,0,0,0,0,1,1
0,4,1,450,0,0,0,0,0,1,1
1,4,2,169,0,0,0,1,0,0,0
0,4,0,414,0,0,0,1,0,0,0
1,6,0,1,0,0,0,0,1,0,0
1,4,0,243,0,0,0,0,0,0,0
1,6,0,0,0,0,0,0,0,0,0
1,6,0,170,0,0,0,0,3,1,0
0,5,0,151,0,0,63,0,0,1,1
0,6,0,61,0,0,0,0,0,1,1
0,4,0,111,0,2,0,3,0,0,0
0,6,0,25,0,0,0,0,3,1,0
0,6,0,6,0,0,0,0,2,0,0
0,4,1,130,1,0,10,0,0,1,1
0,4,0,98,0,0,0,1,0,0,0
1,6,0,169,0,0,0,0,1,0,1
1,4,0,3,0,0,0,0,0,0,0
0,6,0,34,0,0,0,0,2,0,0
0,6,0,155,0,0,0,0,0,1,1
1,6,0,65,0,0,0,0,1,1,0
0,4,0,34,0,0,0,1,0,1,0
0,6,0,41,0,0,0,0,2,0,0
0,6,0,127,0,0,0,1,3,0,0
0,6,0,5,0,0,0,0,0,0,0
1,5,0,158,0,0,0,1,1,0,0
0,3,0,0,0,1,0,0,1,0,0
0,6,0,224,0,0,0,0,2,0,0
0,6,0,181,1,0,0,0,3,1,1
0,3,0,68,0,0,0,2,0,0,0
1,6,0,59,0,0,0,2,0,0,0
1,5,0,54,0,0,0,0,1,0,1
1,4,1,92,1,0,0,0,0,1,1
0,6,0,119,0,0,0,0,0,1,0
0,5,0,93,0,0,0,0,0,0,0
0,4,0,34,0,0,0,0,0,1,0
1,5,0,310,0,0,0,0,0,0,0
0,6,0,12,0,0,0,0,1,1,0
0,6,0,78,0,0,0,0,0,1,1
0,6,0,63,0,0,0,0,2,0,0
0,5,0,39,0,0,0,0,1,0,0
1,3,0,22,0,0,0,0,0,0,1
1,6,0,12,0,0,0,0,2,0,0
1,6,0,0,0,0,0,0,2,0,0
0,5,0,4,0,0,0,0,2,0,0
0,5,1,105,0,0,0,0,0,1,1
0,6,0,43,0,0,0,0,1,1,0
0,5,0,14,0,0,0,0,2,0,0
1,6,0,62,0,0,0,0,1,1,0
1,2,0,3,0,9,0,0,0,0,0
1,4,2,169,0,0,0,0,0,1,0
0,5,1,109,1,0,44,0,0,1,1
0,4,0,34,0,0,0,0,0,1,0
1,5,0,4,0,0,0,0,0,0,0
0,6,0,40,0,0,0,0,1,1,0
0,6,0,4,0,0,0,0,3,0,0
0,6,0,86,0,0,0,0,1,0,0
0,6,0,64,0,0,0,0,2,0,0
0,5,0,2,0,0,0,0,1,0,0
1,3,0,0,0,0,0,0,0,0,0
0,6,0,2,0,0,0,0,2,0,0
0,3,0,95,0,0,0,0,2,0,0
0,6,0,172,0,0,0,0,0,1,1
0,6,0,46,0,0,0,0,2,1,0
0,6,0,59,0,0,0,0,1,1,0
1,6,0,6,0,0,0,0,2,0,0
0,6,0,145,0,0,0,0,1,0,0
1,2,0,8,0,0,0,0,0,0,0
1,6,0,3,0,0,0,0,2,0,0
1,5,0,209,0,0,0,0,0,0,0
0,6,0,55,0,0,0,0,1,0,0
1,2,0,9,0,0,0,0,0,1,0
0,2,0,3,0,1,0,0,0,0,0
0,5,0,67,0,0,0,0,0,0,0
0,4,1,254,0,0,0,0,0,1,1
0,4,0,213,0,0,0,1,2,0,0
0,6,0,73,0,0,0,0,0,1,1
1,5,0,326,0,0,0,1,0,1,0
1,6,0,97,0,0,0,0,3,0,0
0,4,1,18,1,0,0,0,0,1,1
0,5,0,29,0,0,0,0,0,0,0
1,3,0,0,0,0,0,0,0,0,0
1,3,0,268,0,0,0,3,1,0,0
1,4,1,143,0,0,0,0,0,1,1
0,6,0,208,0,0,0,0,1,1,0
0,6,0,87,0,0,0,0,1,0,0
0,4,0,20,0,0,0,0,0,0,0
0,6,0,8,0,0,0,0,0,0,0
1,6,0,90,0,0,0,0,0,0,0
0,5,0,56,0,0,0,0,0,1,0
0,4,1,464,0,0,391,0,0,1,1
0,4,0,193,0,0,0,0,0,0,0
0,6,0,135,0,0,0,0,1,0,0
0,6,0,123,0,0,0,4,1,0,0
0,6,0,60,0,0,0,0,1,0,0
0,4,1,277,0,0,0,0,0,1,1
0,4,0,302,1,0,0,0,0,1,1
1,4,0,82,0,0,0,1,0,0,0
0,4,1,104,0,0,0,0,0,1,1
1,5,0,96,0,0,0,0,0,0,0
0,6,0,43,0,0,0,0,1,0,0
0,6,0,174,0,0,0,0,0,1,1
0,6,0,6,0,0,0,2,1,0,0
0,6,0,7,0,0,0,0,1,0,0
1,2,0,5,0,1,0,0,0,0,0
0,3,0,0,0,1,0,0,0,0,0
0,6,0,24,0,0,0,0,2,0,0
0,6,0,24,0,0,0,0,2,0,0
0,6,0,69,0,0,0,0,2,1,0
1,6,0,55,0,0,0,0,1,1,0
1,3,0,0,0,0,0,1,0,0,0
1,5,0,78,0,0,0,1,0,0,1
0,3,0,5,0,0,0,0,0,0,0
0,6,0,90,0,0,0,0,1,0,0
0,6,0,182,0,0,0,0,1,1,0
1,6,0,218,0,0,0,0,1,1,0
0,6,0,189,0,0,0,0,2,0,0
0,4,1,54,0,0,0,0,0,1,1
0,5,1,71,0,0,0,0,0,1,1
0,6,0,203,0,0,0,0,0,1,1
0,3,0,0,0,0,0,0,0,0,0
0,4,1,91,0,0,20,0,0,1,1
0,6,0,59,0,0,0,0,1,0,0
0,6,0,14,0,0,0,0,1,0,0
0,4,0,307,1,0,0,0,0,1,1
0,5,1,150,0,0,0,0,0,1,1
0,6,0,41,0,0,0,0,1,1,0
0,6,0,134,0,0,0,0,2,1,0
0,6,0,34,0,0,0,0,2,0,0
0,6,0,105,0,0,0,0,0,1,1
0,4,1,148,0,0,98,0,0,1,1
0,6,0,140,0,0,0,0,2,0,0
0,6,0,65,0,0,0,0,2,0,0
0,6,0,60,0,0,0,0,1,1,0
0,5,0,29,0,0,0,0,0,0,0
1,3,0,0,0,0,0,0,0,0,0
0,4,0,448,0,0,0,0,1,0,0
0,6,0,76,0,0,0,0,2,0,0
0,4,1,104,0,0,0,0,0,1,1
0,4,1,295,0,0,0,0,0,1,1
0,2,0,19,0,0,0,0,0,0,0
1,5,0,7,0,0,0,0,1,0,0
0,6,0,16,0,0,0,0,1,1,0
0,5,1,34,1,0,0,0,0,1,1
0,4,1,128,0,0,0,0,0,1,1
0,6,0,316,0,0,0,0,2,0,1
0,6,0,213,0,0,0,0,1,0,1
1,6,1,177,0,0,0,0,0,1,1
1,6,0,18,0,0,0,0,0,0,1
0,6,0,39,0,0,0,0,0,0,1
0,5,1,336,1,0,0,0,0,1,1
0,5,0,68,0,0,0,0,0,1,0
1,5,0,50,0,0,0,0,1,0,0
1,6,0,288,1,0,0,1,0,1,1
0,6,0,135,0,0,0,0,1,1,0
1,4,0,213,0,0,0,0,0,1,0
0,5,0,80,0,0,0,0,0,0,0
1,6,0,37,0,0,0,0,1,0,0
0,6,0,1,0,0,0,0,2,0,0
0,6,0,30,0,0,0,0,0,1,1
1,3,0,77,0,1,0,1,0,0,0
0,6,0,238,0,0,0,0,1,0,1
0,6,0,190,0,0,0,0,1,1,0
0,5,0,122,0,0,0,0,1,0,0
1,6,0,11,0,0,0,0,2,1,0
1,3,0,133,0,0,0,1,0,1,0
0,4,1,89,0,0,0,0,0,1,1
1,6,0,61,0,0,0,0,0,1,1
0,6,0,310,0,0,0,0,2,1,1
0,6,0,1,0,0,0,0,0,0,0
1,4,1,222,25,0,0,0,0,1,1
0,6,0,49,0,0,0,0,2,0,0
0,6,0,80,0,0,0,0,1,1,0
0,5,0,55,0,0,0,0,0,0,0
1,4,0,243,0,0,0,1,0,0,0
0,2,0,19,0,1,0,0,0,0,0
0,6,0,20,0,0,0,0,1,0,0
1,4,0,224,0,0,0,3,0,0,0
0,4,1,342,1,0,0,0,0,1,1
1,4,0,386,0,0,0,2,0,0,0
1,4,0,9,1,0,0,2,0,0,1
0,6,0,8,0,0,0,0,1,0,0
0,6,0,38,0,0,0,0,0,1,1
0,6,0,33,0,0,0,0,0,0,1
0,6,0,128,0,0,0,2,1,0,0
1,5,0,151,0,0,0,0,0,1,0
0,6,0,17,0,0,0,0,1,1,0
0,4,0,20,0,0,0,1,0,0,0
1,4,0,165,0,0,122,0,0,1,0
1,4,1,182,0,0,0,0,0,1,1
0,6,0,200,0,0,0,0,3,0,0
0,6,0,39,0,0,0,0,1,0,0
1,2,0,0,0,0,0,0,0,0,0
1,4,0,213,0,0,0,0,0,1,0
1,5,0,36,0,0,0,0,0,0,0
0,6,0,43,0,0,0,0,0,1,1
0,6,0,0,0,0,0,2,0,0,0
1,5,0,62,0,0,0,0,0,0,0
1,5,0,37,0,0,0,0,0,0,0
1,6,0,44,0,0,0,0,1,0,1
1,2,0,59,0,0,50,0,0,0,0
1,6,0,7,0,0,0,1,4,0,0
0,6,0,45,0,0,0,0,1,1,0
1,4,0,57,0,0,0,0,0,0,0
1,4,0,312,0,0,0,0,0,1,1
0,6,0,82,0,0,0,0,0,1,1
0,5,0,270,0,0,187,0,0,1,1
0,6,0,3,0,0,0,0,2,0,0
0,6,0,188,0,0,0,0,0,1,1
0,6,0,51,0,0,0,0,1,0,0
0,5,0,39,0,0,0,0,0,0,1
1,6,0,21,0,0,0,0,2,0,0
0,4,0,123,0,0,0,0,0,0,0
1,6,0,5,0,0,0,0,1,0,0
0,6,0,9,0,0,0,0,0,1,1
1,3,0,146,0,0,0,0,1,0,0
1,4,0,383,0,0,0,1,1,0,0
0,6,0,1,0,0,0,0,0,0,0
0,6,0,36,0,0,0,0,1,0,0
0,2,0,10,0,1,0,0,0,0,0
0,6,0,23,0,0,0,0,1,0,0
1,6,0,160,0,0,0,0,0,1,1
0,6,0,0,0,0,0,0,1,0,0
0,6,0,50,0,0,0,0,1,0,0
0,6,0,11,0,0,0,0,1,0,0
0,3,0,83,0,0,0,0,2,0,0
0,5,0,269,0,0,0,0,0,0,0
0,6,0,137,0,0,0,0,0,0,1
0,4,1,363,1,0,0,0,0,1,1
0,6,0,22,0,0,0,0,1,1,0
0,6,0,4,0,0,0,0,2,0,0
0,5,0,16,0,0,0,0,0,0,0
0,6,0,31,0,0,0,0,2,0,0
0,6,0,1,0,0,0,0,0,0,0
1,2,0,7,0,1,0,0,0,0,0
1,6,0,142,0,0,0,0,2,0,0
0,6,0,24,0,0,0,0,0,0,1
1,5,0,208,0,0,0,1,0,0,0
0,3,0,138,0,0,0,0,0,1,0
1,5,0,272,0,0,0,0,0,0,0
0,6,0,223,0,0,0,0,0,1,1
0,4,1,419,0,0,0,0,0,1,1
0,6,0,180,0,0,0,0,0,1,1
0,3,0,3,0,0,0,2,1,0,0
1,5,0,65,0,0,0,0,0,0,0
0,5,1,103,0,0,0,0,0,1,1
1,3,0,0,0,0,0,0,0,0,0
0,5,0,58,0,0,0,1,0,0,0
0,6,0,227,0,0,0,0,3,0,0
0,6,0,12,0,0,0,0,2,1,0
1,3,0,100,0,0,0,0,1,0,0
1,6,0,23,0,0,0,0,1,0,0
0,6,0,21,0,0,0,0,1,0,0
0,6,0,28,0,0,0,0,0,1,1
1,6,0,1,0,0,0,0,1,0,0
1,4,0,386,0,0,0,2,0,0,0
1,6,0,29,0,0,0,0,0,0,1
1,5,0,43,0,0,0,0,1,0,0
0,6,0,14,0,0,0,0,0,1,1
0,6,0,13,0,0,0,0,0,0,1
1,6,0,42,0,0,0,1,2,1,0
1,6,0,121,0,0,0,0,1,0,0
0,6,0,34,0,0,0,0,1,0,0
0,6,0,2,0,0,0,0,2,0,0
0,3,0,8,0,0,0,1,0,0,0
0,6,0,33,0,0,0,1,2,0,1
0,5,0,124,0,0,0,0,0,0,0
0,6,0,71,0,0,0,0,1,0,0
0,5,0,50,0,0,0,1,0,0,0
0,6,0,33,0,0,0,0,0,1,1
0,6,0,43,0,0,0,0,1,1,0
0,5,0,23,0,0,0,0,0,0,0
0,6,0,108,0,0,0,0,2,1,0
0,5,0,4,0,0,0,0,0,0,0
0,6,0,0,0,0,0,0,0,0,0
0,6,0,325,0,0,0,0,2,1,1
1,6,0,103,0,0,0,0,0,0,1
0,3,0,29,0,0,0,0,1,0,0
0,3,0,149,1,0,0,0,1,1,1
1,6,0,107,0,0,0,0,0,0,1
0,3,0,32,0,0,0,0,0,1,1
1,5,0,14,0,0,0,0,1,0,0
1,6,0,21,0,0,0,0,1,0,0
1,5,0,192,0,0,0,1,0,0,0
0,6,0,165,0,0,0,0,0,1,1
1,4,0,322,0,0,75,0,0,0,0
1,6,0,5,0,0,0,0,1,0,0
0,6,0,21,0,0,0,0,0,0,1
0,6,0,0,0,0,0,0,2,0,0
1,5,0,39,0,0,0,0,0,0,0
0,6,0,56,0,0,0,0,0,1,1
0,6,0,188,0,0,0,0,1,0,0
0,5,0,62,0,0,0,0,0,1,0
0,6,0,24,0,0,0,0,1,0,0
0,5,0,37,0,0,0,0,0,1,1
0,5,0,4,0,0,0,0,1,0,0
0,6,0,19,0,0,0,1,0,0,0
0,6,0,65,0,0,0,2,0,1,1
0,6,0,16,0,0,0,0,1,0,0
0,3,0,32,0,0,0,0,0,1,1
0,5,0,68,1,0,0,0,1,1,1
0,4,0,12,0,0,0,0,0,0,0
0,6,0,250,0,0,0,0,2,1,0
0,6,0,20,0,0,0,0,1,0,0
0,5,0,33,0,0,0,0,0,1,0
0,6,0,174,0,0,0,0,1,0,0
0,4,1,37,0,0,0,0,0,1,1
0,3,0,0,0,0,0,0,1,0,0
0,6,0,1,0,0,0,0,1,0,0
0,6,0,46,0,0,0,0,1,0,0
1,6,0,173,0,0,0,0,1,1,0
0,4,1,115,1,0,22,0,0,1,1
1,5,0,48,0,0,0,0,0,0,0
1,3,0,15,0,0,0,2,0,0,0
1,6,0,215,0,0,0,0,0,1,1
0,6,0,144,0,0,0,0,0,1,1
0,6,0,60,0,0,0,0,1,0,0
0,6,0,198,0,0,0,0,0,1,1
0,4,1,129,0,0,0,0,0,1,1
0,6,0,168,0,0,0,2,2,0,0
0,6,0,313,0,0,0,0,0,1,1
0,6,0,70,0,0,0,0,2,1,0
0,2,0,4,0,0,0,0,0,0,0
0,6,0,74,0,0,0,0,0,1,1
0,6,0,27,0,0,0,0,1,0,0
0,6,0,14,0,0,0,0,1,0,0
0,3,0,10,0,0,0,0,2,0,0
0,6,0,190,0,0,0,0,0,1,1
0,3,0,157,0,0,0,0,0,0,0
0,5,0,309,0,0,215,0,0,1,1
0,6,0,59,0,0,0,0,1,0,0
0,6,0,105,0,0,0,0,0,1,1
0,6,0,28,0,0,0,0,2,0,0
0,6,0,157,0,0,0,0,0,0,1
0,3,0,17,0,0,0,0,1,0,0
0,2,0,2,0,1,0,0,1,0,0
0,6,0,33,0,0,0,0,0,1,1
0,6,0,1,0,0,0,0,0,0,0
1,3,0,15,0,0,0,0,0,1,0
1,3,0,5,0,0,0,0,0,1,0
0,2,0,61,0,0,0,1,1,0,0
0,3,0,0,0,0,0,1,1,0,0
1,6,0,3,0,0,0,0,1,0,0
0,6,0,159,0,0,0,0,1,0,0
0,6,0,36,0,0,0,0,2,0,0
0,6,0,63,0,0,0,0,0,1,1
1,3,0,11,0,0,0,0,0,1,0
0,6,0,49,0,0,0,0,0,1,1
0,6,0,143,0,0,0,0,0,1,1
0,3,0,56,0,0,0,0,0,0,0
1,3,0,1,0,0,0,1,0,0,0
1,6,0,246,0,0,0,0,0,1,1
1,6,0,10,0,0,0,2,1,0,0
1,6,0,8,0,0,0,0,1,0,0
0,2,0,99,1,0,0,0,0,1,1
0,6,0,64,0,0,0,0,1,1,0
1,5,0,89,0,0,0,0,1,0,0
0,6,0,26,0,0,0,0,2,0,0
0,4,1,391,0,0,0,0,0,1,1
0,6,0,44,0,0,0,0,2,0,0
0,6,0,37,0,0,0,0,1,1,0
0,6,0,241,0,0,0,0,0,1,1
1,1,0,0,0,0,0,0,0,0,0
0,5,0,405,0,0,0,0,0,0,0
0,3,0,131,0,0,0,0,2,0,0
1,6,0,41,0,0,0,0,0,0,1
0,5,0,133,0,0,0,0,0,0,0
0,4,1,266,0,0,0,0,0,1,1
1,6,0,80,0,0,0,0,1,0,1
0,6,0,42,0,0,0,0,1,0,0
0,4,1,28,0,0,0,0,0,1,1
0,4,0,2,0,0,0,0,0,1,0
0,6,0,128,0,0,0,0,1,0,0
0,4,1,344,1,0,0,0,0,1,1
0,5,0,13,0,0,0,1,1,0,0
0,6,0,83,0,0,0,0,1,0,0
0,6,0,52,0,0,0,0,0,1,1
1,5,0,0,0,0,0,0,0,0,0
1,6,0,57,0,0,0,0,2,0,0
1,6,0,46,0,0,0,0,1,0,0
0,5,0,118,0,0,0,1,0,0,0
0,5,1,161,0,0,101,0,0,1,1
1,3,0,6,0,0,0,0,0,0,0
1,6,0,46,0,0,0,0,0,0,1
0,6,0,105,1,0,0,0,1,1,1
0,6,0,11,0,0,0,0,0,1,0
1,6,0,99,0,0,0,0,1,1,0
1,3,0,192,0,0,0,0,3,0,0
0,5,1,373,0,0,0,0,0,1,1
0,6,0,230,0,0,0,1,1,1,0
0,3,0,0,0,0,0,1,0,0,0
1,6,0,40,0,0,0,0,1,1,0
1,6,0,181,0,0,0,0,1,1,1
1,6,0,30,0,0,0,0,0,0,1
1,2,0,9,0,0,0,1,0,0,0
0,4,1,135,0,0,0,0,0,1,1
0,5,0,4,0,0,0,0,0,1,0
0,4,1,433,0,0,0,0,0,1,1
0,6,0,89,0,0,0,0,0,0,1
0,6,0,126,0,0,0,0,3,0,0
1,4,0,364,0,0,0,1,0,0,0
1,6,0,210,0,0,0,0,1,1,0
0,4,1,181,0,0,0,0,0,1,1
0,6,0,2,0,0,0,0,1,0,0
1,5,0,119,0,0,0,0,0,0,0
0,6,0,195,0,0,0,0,1,1,1
0,6,0,42,0,0,0,0,0,1,1
0,6,0,3,0,0,0,1,2,0,0
0,3,0,0,0,0,0,1,0,0,0
1,6,0,50,0,0,0,0,1,0,0
1,5,0,2,0,0,0,0,0,0,0
1,6,0,48,0,0,0,0,2,0,0
0,6,0,5,0,0,0,0,0,1,0
0,5,0,161,0,0,0,1,0,0,0
1,6,0,63,0,0,0,0,2,0,0
0,6,0,19,0,0,0,2,3,0,0
0,4,0,282,0,0,48,1,1,0,0
0,3,0,0,0,0,0,2,0,0,0
0,6,0,65,0,0,0,2,1,0,0
0,6,0,25,0,0,0,0,1,1,0
0,2,1,16,1,0,0,0,0,1,1
0,4,0,81,0,0,0,0,1,0,0
0,6,0,136,0,0,0,2,1,0,0
1,4,0,213,0,0,0,0,0,0,0
1,6,0,76,0,0,0,0,0,1,1
0,1,0,2,0,1,0,0,1,0,0
1,6,0,6,0,0,0,0,1,0,0
1,6,0,2,0,0,0,0,0,0,0
0,5,1,102,0,0,0,0,0,1,1
1,4,1,17,0,0,0,0,0,0,0
0,3,0,125,0,0,0,0,0,0,1
0,2,0,17,0,0,0,0,0,1,0
0,6,0,62,0,0,0,0,0,1,1
0,6,0,30,0,0,0,0,0,0,1
0,0,0,4,0,0,0,0,0,0,0
0,4,0,16,0,0,0,0,0,0,0
0,4,1,451,0,0,0,0,0,1,1
0,6,0,130,0,0,0,0,0,1,1
0,2,1,5,1,0,0,0,0,1,1
1,3,0,0,0,0,0,3,0,0,0
0,5,0,37,0,0,0,0,0,1,1
0,6,0,10,0,0,0,0,0,1,1
0,6,0,30,0,0,0,0,2,0,0
0,6,0,242,0,0,0,0,2,1,0
1,5,0,422,0,0,0,1,1,0,0
0,4,0,35,0,0,0,0,0,1,1
0,5,0,4,0,0,0,0,0,0,0
1,6,0,51,0,0,0,0,1,0,0
0,3,0,0,0,0,0,1,0,0,0
0,3,0,112,0,0,0,0,1,0,0
1,5,0,210,0,0,0,0,1,1,1
0,5,1,188,0,0,39,0,0,1,1
0,5,0,1,0,0,0,2,4,0,0
1,6,0,127,0,0,0,0,1,0,1
0,3,0,34,0,0,0,0,3,0,0
1,4,1,143,0,0,0,0,0,1,1
0,2,0,0,0,0,0,0,0,0,0
1,6,0,2,0,1,0,0,1,0,0
1,5,0,81,0,0,0,0,0,1,0
0,5,1,373,0,0,0,0,0,1,1
1,3,0,2,0,0,0,5,0,0,0
0,6,0,43,0,0,0,0,0,1,1
0,2,0,1,0,0,0,0,2,0,0
0,6,0,96,0,0,0,0,1,0,0
0,3,0,69,0,0,0,0,2,1,1
0,6,0,183,0,0,0,0,0,0,1
0,6,0,49,0,0,0,0,1,0,0
1,6,0,85,0,0,0,0,1,0,0
1,5,0,41,0,0,0,1,0,0,0
1,6,0,39,0,0,0,0,0,1,0
0,4,1,332,1,0,0,0,0,1,1
0,3,0,19,0,0,0,0,0,0,0
0,5,0,0,0,0,0,1,0,0,0
0,5,1,105,0,0,0,0,0,1,1
0,3,0,32,0,0,0,0,2,0,0
0,6,0,39,0,0,0,0,1,0,0
1,4,0,23,0,0,0,0,0,0,1
0,4,1,87,0,0,0,0,0,1,1
0,6,0,0,0,0,0,1,1,0,0
0,4,0,34,0,0,0,1,0,1,0
0,4,1,328,1,0,0,0,0,1,1
1,2,0,9,0,0,0,0,1,1,0
0,5,0,37,0,0,0,0,0,1,1
1,6,0,198,0,0,0,2,0,1,1
1,5,0,101,0,0,0,0,0,1,0
0,6,0,45,0,0,0,0,1,0,0
0,3,0,9,1,0,0,0,0,1,1
0,6,0,187,0,0,0,0,1,1,1
1,5,0,311,0,0,0,1,0,0,0
0,5,1,322,0,0,120,0,0,1,1
0,6,0,91,0,0,0,0,1,0,0
1,4,0,47,0,0,0,0,0,0,0
0,6,0,29,0,0,0,0,1,0,0
0,6,0,42,0,0,0,0,1,0,0
0,6,0,172,0,0,0,0,0,0,1
0,4,0,282,0,0,48,0,1,0,0
1,2,0,2,0,5,0,0,0,0,0
1,6,0,161,0,0,0,0,0,1,1
0,5,0,265,0,0,0,0,1,0,0
1,3,0,77,0,0,0,0,0,0,0
0,6,0,6,0,0,0,0,0,1,0
0,6,0,35,0,0,0,0,1,0,0
0,6,0,53,0,0,0,0,1,0,0
0,3,0,69,0,0,0,0,0,0,0
1,2,0,33,0,0,0,1,0,0,1
0,4,1,580,0,0,0,0,0,1,1
1,6,0,1,0,0,0,0,0,0,0
0,4,1,158,0,0,31,0,0,1,1
1,4,0,6,0,0,0,1,0,0,0
0,5,0,377,0,0,0,0,1,0,0
0,6,0,88,0,0,0,0,1,0,0
0,2,0,0,0,1,0,0,0,0,0
1,6,0,173,0,0,0,0,1,1,0
0,4,1,372,0,0,0,0,0,1,1
0,5,1,142,0,0,0,0,0,1,1
0,4,1,426,0,0,0,0,0,1,1
1,6,0,26,0,0,0,0,1,0,0
0,6,0,18,0,0,0,0,0,1,1
0,4,1,56,0,0,0,0,0,1,1
1,6,0,60,0,0,0,0,1,0,0
0,4,1,198,0,0,0,0,0,1,1
1,4,0,342,0,0,125,1,0,0,0
0,4,1,447,0,0,0,0,0,1,1
0,2,0,4,0,1,0,1,1,0,0
0,4,1,437,0,0,0,0,0,1,1
0,6,0,81,0,0,0,0,1,1,0
1,2,0,0,0,1,0,0,0,0,0
0,2,0,3,0,0,0,0,0,0,0
1,4,0,337,0,0,101,1,0,0,0
1,4,1,151,0,0,0,0,0,1,1
1,4,2,169,0,0,0,2,0,0,0
0,6,0,4,0,0,0,0,0,1,0
0,6,0,35,0,0,0,1,0,0,0
0,6,0,84,0,0,0,0,0,1,1
1,6,0,0,0,0,0,0,0,0,0
1,3,0,48,0,0,0,1,1,0,0
1,4,0,261,0,0,0,0,0,0,0
0,6,0,46,0,0,0,0,0,0,1
1,3,0,137,0,2,0,3,3,0,0
1,2,0,7,0,0,0,0,0,0,0
1,6,0,4,0,0,0,0,0,0,0
0,2,0,64,0,5,0,1,0,0,0
0,5,0,166,0,0,0,0,0,0,1
0,5,0,24,0,0,0,0,1,0,0
1,3,0,154,0,0,0,0,1,0,0
1,5,0,35,0,0,0,0,0,0,0
0,6,0,110,0,0,0,0,1,0,0
0,3,0,98,0,0,0,0,0,0,0
0,6,0,9,0,0,0,0,0,1,1
0,6,0,42,0,0,0,0,0,1,1
0,5,1,336,1,0,0,0,0,1,1
0,4,0,5,0,0,0,1,0,0,0
0,4,1,626,0,0,0,0,0,1,1
0,6,0,15,0,0,0,2,2,1,0
1,4,0,12,0,0,0,1,0,1,0
0,3,0,3,0,0,0,0,0,0,0
0,6,0,52,0,0,0,0,2,0,0
0,6,0,12,0,0,0,0,1,0,0
1,3,0,25,0,0,0,0,2,0,0
1,6,0,37,0,0,0,0,1,1,0
1,6,0,6,0,0,0,0,0,1,0
0,6,0,13,0,0,0,0,1,0,0
1,5,0,210,0,0,0,1,0,0,0
1,5,0,128,0,0,0,0,0,1,0
0,4,1,393,0,0,0,0,0,1,1
0,6,0,21,0,0,0,0,0,1,1
0,6,0,57,0,0,0,0,0,1,1
0,6,0,43,0,0,0,0,2,1,0
0,6,0,90,0,0,0,0,1,0,0
1,3,0,78,0,0,0,0,1,0,1
1,6,0,5,0,0,0,1,3,0,0
0,4,1,223,1,0,40,0,0,1,1
0,6,0,219,0,0,0,1,4,0,0
0,1,0,8,1,1,0,0,0,1,1
0,5,0,68,0,0,0,0,0,0,0
0,5,0,349,0,0,162,0,0,1,1
0,6,0,52,0,0,0,0,2,0,0
1,6,0,148,0,0,0,0,1,0,0
1,6,0,190,0,0,0,0,0,0,1
0,2,0,10,0,0,0,0,0,1,0
0,6,0,52,0,0,0,0,0,0,1
1,6,0,122,0,0,0,0,1,0,1
1,6,0,65,0,0,0,0,2,0,0
0,5,1,245,0,0,0,0,0,1,1
0,4,1,68,1,0,0,0,0,1,1
1,3,0,2,0,0,0,1,0,0,0
0,5,0,386,0,0,0,0,1,1,0
0,4,1,377,1,0,0,0,0,1,1
1,5,0,117,0,0,0,0,1,0,0
0,4,0,314,1,0,0,0,0,1,1
0,3,0,34,0,0,0,0,0,0,0
0,5,1,103,0,0,0,0,0,1,1
1,4,0,7,0,0,0,1,0,0,0
1,3,0,5,0,0,0,0,0,0,0
1,6,0,41,0,0,0,0,0,0,1
0,6,0,256,0,0,0,0,0,1,0
0,6,0,70,0,0,0,2,1,0,0
1,6,0,217,0,0,0,0,1,1,0
0,6,0,44,0,0,0,0,0,0,1
0,6,0,68,0,0,0,0,1,0,0
0,5,0,349,0,0,162,0,0,0,1
1,5,0,364,0,0,0,0,0,0,0
0,5,0,11,0,0,0,0,0,0,0
0,4,0,55,0,0,0,1,0,0,0
0,6,0,8,0,0,0,0,3,0,0
0,5,0,88,0,0,0,0,1,0,0
0,6,0,221,0,0,0,0,3,0,1
0,6,0,186,0,0,0,0,2,1,0
1,6,0,66,0,0,0,0,0,1,1
1,3,0,72,0,0,0,0,1,0,0
0,3,0,9,0,0,0,0,1,0,0
1,4,1,124,0,0,0,0,0,1,1
1,6,0,1,0,0,0,0,1,0,0
0,4,0,95,0,0,0,0,0,1,1
1,6,0,8,0,0,0,0,1,0,0
0,3,0,4,0,0,0,0,0,0,0
1,3,0,0,0,0,0,0,0,1,0
1,3,0,23,0,0,0,0,1,0,0
1,5,0,57,0,0,0,0,0,0,0
0,6,0,33,0,0,0,0,1,0,0
0,6,0,195,0,0,0,0,2,0,1
0,4,1,148,0,0,0,0,0,1,1
0,6,0,64,0,0,0,0,0,0,1
1,6,0,87,0,0,0,0,1,1,0
1,6,0,13,0,0,0,1,1,0,0
0,3,0,13,0,0,0,0,0,0,0
1,4,1,462,0,0,0,0,0,1,1
0,6,0,0,0,0,0,2,0,0,0
1,6,0,53,0,0,0,1,2,0,0
0,3,0,124,0,0,0,0,0,0,0
0,6,0,64,0,0,0,0,0,0,1
1,6,0,158,0,0,0,0,1,0,1
1,5,0,292,0,0,0,0,0,0,0
0,5,1,69,0,0,0,0,0,1,1
0,6,0,65,0,0,0,0,1,0,0
0,5,0,40,0,0,0,0,1,0,0
0,5,1,139,0,0,0,0,0,1,1
0,6,0,50,0,0,0,0,1,1,0
1,6,0,257,0,0,0,3,1,1,0
1,6,0,13,0,0,0,0,1,0,0
0,5,1,253,0,0,55,0,0,1,1
0,4,1,135,0,0,0,0,0,1,1
0,5,0,11,0,0,0,0,1,1,0
0,4,0,213,0,0,0,1,0,0,0
0,4,0,30,0,0,0,5,0,0,0
0,5,0,192,0,0,0,0,0,0,0
0,3,0,0,0,0,0,0,0,0,0
1,4,1,111,0,0,0,0,0,1,1
0,2,0,20,0,0,0,0,0,0,0
0,5,0,147,0,0,0,0,0,1,0
1,3,0,38,0,0,0,0,0,0,0
1,6,0,217,0,0,0,0,1,1,0
0,6,0,330,0,0,0,0,3,0,0
0,4,0,98,0,0,0,1,0,0,0
0,6,0,205,0,0,0,0,0,1,1
1,4,0,225,0,0,0,2,0,0,0
0,6,0,158,0,0,0,0,1,1,0
0,6,0,53,0,0,0,0,2,0,0
0,6,0,118,0,0,0,0,1,0,0
1,3,0,0,0,0,0,0,0,0,0
1,6,0,0,0,0,0,0,1,0,0
1,6,0,5,0,0,0,0,2,0,0
1,6,0,168,0,0,0,0,1,0,1
0,2,0,2,3,23,0,0,0,0,0
1,4,0,45,0,0,0,0,0,1,1
1,6,0,200,0,0,0,0,2,0,1
1,6,0,18,0,0,0,0,1,0,0
0,3,0,7,0,0,0,0,0,0,0
0,6,0,75,0,0,0,0,1,1,0
0,6,0,228,0,0,0,0,1,0,0
0,6,0,37,1,0,0,0,2,1,1
1,4,1,215,0,0,0,0,0,1,1
0,4,1,101,0,0,0,0,0,1,1
0,5,0,79,0,0,0,0,1,0,0
0,4,1,156,0,0,0,0,0,1,1
0,6,0,98,0,0,0,0,0,0,1
1,6,0,3,0,0,0,0,0,0,0
0,6,0,160,0,0,0,0,0,1,1
0,3,0,50,0,0,0,0,0,0,0
0,6,0,106,0,0,0,1,1,0,0
0,5,1,301,1,0,0,0,0,1,1
0,4,1,86,1,0,35,0,0,1,1
0,6,0,61,0,0,0,0,1,0,0
0,5,0,153,0,0,0,0,1,0,0
1,5,0,219,0,0,0,0,1,1,1
0,5,0,263,1,0,0,0,0,1,1
1,6,0,1,0,0,0,0,1,0,0
0,6,0,20,0,0,0,1,0,0,0
1,6,0,9,0,0,0,0,1,0,0
0,6,0,17,0,0,0,0,1,0,0
1,6,0,198,0,0,0,0,1,1,1
0,5,1,151,0,0,0,0,0,1,1
0,5,1,139,0,0,0,0,0,1,1
0,5,0,298,0,0,0,1,0,0,0
0,4,0,316,0,0,0,0,0,0,0
0,6,0,27,0,0,0,0,1,0,0
1,3,0,0,0,0,0,0,0,0,0
1,5,0,92,0,0,0,0,1,0,0
1,4,0,115,0,0,0,0,0,0,0
1,2,0,3,0,2,0,0,0,0,0
1,4,0,128,0,0,0,0,1,0,0
1,5,0,165,0,0,0,0,0,0,0
1,6,0,195,0,0,0,1,1,0,1
1,4,1,274,1,0,0,0,0,1,1
0,5,0,212,0,0,0,1,1,0,0
1,3,0,1,0,0,0,0,3,0,0
0,6,0,20,0,0,0,1,0,0,0
1,4,0,283,0,0,0,0,0,0,0
1,4,1,143,0,0,0,0,0,1,1
1,6,0,56,0,0,0,1,2,0,0
0,4,1,374,1,0,0,0,0,1,1
0,6,0,12,0,0,0,0,1,1,0
0,6,0,157,0,0,0,0,2,1,0
0,6,0,55,0,0,0,0,1,0,0
0,6,0,76,0,0,0,0,0,1,0
1,4,1,86,0,0,0,0,0,1,1
0,6,0,225,0,0,0,0,0,1,1
0,6,0,187,0,0,0,0,0,1,1
1,4,0,30,0,0,0,1,0,0,0
1,6,0,102,0,0,0,0,1,0,0
1,3,0,1,0,0,0,1,0,0,0
1,4,0,40,0,0,0,1,0,0,0
0,6,0,168,0,0,0,5,0,0,0
1,6,0,32,0,0,0,0,0,0,1
1,4,0,468,0,0,0,1,0,1,1
0,6,0,167,0,0,0,0,0,1,1
0,6,0,66,0,0,0,0,1,0,0
0,6,0,232,0,0,0,0,2,0,0
0,4,1,271,1,0,0,0,0,1,1
0,3,0,16,0,0,0,1,0,0,0
1,3,0,262,0,1,0,0,1,0,0
1,6,0,339,0,0,0,0,1,1,0
0,6,0,1,0,0,0,0,1,0,0
1,6,0,200,0,0,0,0,0,1,1
1,4,0,47,0,0,47,0,0,0,0
0,6,0,24,0,0,0,0,1,0,0
0,6,0,39,0,0,0,2,2,0,0
0,6,0,7,0,0,0,0,1,0,0
0,5,0,457,0,0,0,1,1,0,0
0,4,1,72,0,0,0,0,0,1,1
0,6,0,5,1,0,0,0,1,1,1
1,5,0,149,0,0,0,0,1,0,0
1,6,0,151,0,0,0,0,0,1,1
0,5,1,177,1,0,0,0,0,1,1
0,6,0,4,0,0,0,0,2,0,0
0,6,0,137,0,0,0,1,2,0,0
0,6,0,7,0,0,0,0,0,0,0
0,5,0,39,0,0,0,1,0,0,0
0,5,0,457,0,0,0,1,1,0,0
1,4,0,203,0,0,0,1,0,0,0
1,6,0,99,0,0,0,0,0,1,0
1,3,0,250,0,0,0,1,1,0,0
0,5,0,396,0,0,0,0,1,0,0
1,4,1,103,0,0,0,0,0,1,1
0,3,0,0,0,0,0,0,0,1,0
1,2,0,36,0,0,0,1,0,0,0
0,6,0,5,0,0,0,0,1,1,0
1,5,0,2,0,0,0,0,1,0,0
0,5,0,159,0,0,0,0,1,0,0
0,6,0,126,0,0,0,0,2,0,0
1,6,0,44,0,0,0,0,0,1,1
1,3,0,15,0,3,0,1,1,0,0
0,6,0,66,0,0,0,0,0,0,1
0,6,0,160,0,0,0,1,0,0,1
0,6,0,127,0,0,0,1,1,0,0
1,6,0,32,0,0,0,0,1,0,0
1,6,0,134,0,0,0,0,1,0,1
1,5,1,260,1,0,0,0,0,1,1
1,6,0,206,0,0,0,0,0,1,0
0,5,0,15,0,0,0,0,0,0,0
1,6,0,128,0,0,0,0,2,1,0
1,6,0,38,0,0,0,0,1,0,0
0,6,0,67,0,0,0,0,1,0,0
1,6,0,59,0,0,0,1,2,1,0
0,6,0,265,0,0,0,1,1,1,1
0,5,1,19,1,0,0,0,0,1,1
0,6,0,21,0,0,0,1,1,0,0
0,6,0,14,0,0,0,0,1,0,0
1,5,0,130,0,0,0,0,0,0,0
1,4,1,124,0,0,0,1,0,1,1
0,2,0,22,0,0,0,0,0,0,0
0,6,0,134,0,0,0,0,2,0,0
0,6,0,205,0,0,0,0,1,0,1
0,6,0,151,0,0,0,0,1,0,0
1,6,0,80,0,0,0,0,1,0,1
0,6,0,34,0,0,0,0,2,1,0
1,6,0,6,0,0,0,0,1,0,0
0,6,0,131,0,0,0,0,1,0,0
0,4,0,34,0,0,0,0,0,0,0
0,6,0,12,0,0,0,0,1,0,0
0,6,0,20,0,0,0,1,0,0,0
0,4,1,142,0,0,0,0,0,1,1
0,5,0,156,0,0,0,0,1,0,0
0,4,0,260,0,0,0,0,0,0,0
0,4,0,18,0,0,0,0,0,0,0
1,6,0,19,0,0,0,0,1,0,0
0,5,0,65,0,0,0,0,0,0,0
0,6,0,100,0,0,0,0,1,0,0
0,6,0,19,0,0,0,0,1,0,0
1,5,0,26,0,0,0,0,0,0,0
1,6,0,320,0,0,0,0,0,1,1
0,4,1,277,0,0,0,0,0,1,1
0,5,1,93,0,0,0,0,0,1,1
0,4,1,279,0,0,0,0,0,1,1
0,6,0,77,0,0,0,0,0,1,1
0,6,0,46,0,0,0,0,2,0,0
0,5,0,48,0,0,0,0,1,0,0
1,4,0,30,0,0,0,0,0,0,0
0,6,0,180,0,0,0,0,1,0,0
0,4,1,311,1,0,0,0,0,1,1
1,2,0,6,0,0,0,0,2,0,0
1,6,0,35,0,0,0,0,2,0,0
1,6,0,191,0,0,0,0,1,1,0
1,5,0,53,0,0,0,1,0,0,0
0,4,0,20,0,0,0,1,0,0,0
0,5,0,8,0,0,0,0,0,0,0
1,6,0,55,0,0,0,0,3,1,0
0,5,0,72,0,0,0,0,1,0,0
0,6,0,93,1,0,0,0,0,1,1
0,4,0,337,1,0,0,0,0,1,1
1,6,0,270,0,0,0,0,0,0,1
1,5,0,146,0,0,0,0,0,0,0
1,6,0,86,0,0,0,0,2,1,1
1,6,0,24,0,0,0,0,0,0,1
1,6,0,48,0,0,0,0,3,0,0
0,5,0,270,0,0,187,0,1,0,0
0,6,0,25,0,0,0,0,0,0,0
0,3,0,71,0,0,0,0,0,1,0
1,5,0,294,0,0,0,0,0,1,1
1,2,0,5,0,0,0,0,0,0,0
1,6,0,102,0,0,0,0,2,1,0
0,6,0,259,0,0,0,0,3,0,1
0,6,0,230,0,0,0,0,2,0,1
1,6,0,54,0,0,0,0,4,0,0
1,5,0,134,1,0,0,0,0,1,1
1,4,2,169,0,0,0,0,0,0,0
1,3,0,99,0,0,0,0,1,0,0
0,6,0,172,0,0,0,0,1,0,0
1,6,0,48,0,0,0,0,3,0,0
1,3,0,12,0,0,0,2,2,0,0
0,6,0,50,0,0,0,0,2,0,0
0,6,0,117,0,0,0,0,2,0,0
0,4,0,134,0,0,0,0,0,0,0
0,3,0,0,0,0,0,0,0,0,0
0,6,0,123,0,0,0,0,0,0,1
0,3,0,79,0,0,0,0,0,1,0
1,5,0,305,0,0,0,1,0,0,0
0,6,0,256,0,0,0,0,0,1,0
1,6,0,3,0,0,0,0,1,0,0
0,3,0,59,0,0,0,0,1,0,0
0,3,0,0,0,0,0,0,0,1,0
1,3,0,10,0,1,0,0,1,0,0
0,5,1,181,1,0,42,0,0,1,1
0,6,0,115,0,0,0,0,1,0,0
0,6,0,90,0,0,0,2,1,1,0
0,4,1,281,0,0,0,0,0,1,1
0,6,0,88,0,0,0,0,3,0,0
1,3,0,26,0,0,0,5,1,0,0
0,6,0,40,0,0,0,0,2,1,0
0,6,0,144,0,0,0,0,0,1,1
1,6,0,29,0,0,0,0,2,1,0
0,6,0,31,0,0,0,0,1,0,0
0,6,0,282,0,0,0,0,1,1,1
1,6,0,82,0,0,0,1,2,0,0
0,6,0,35,0,0,0,0,1,0,0
0,2,0,1,0,0,0,0,0,0,0
0,3,0,1,0,0,0,0,1,0,0
0,5,0,88,0,0,0,0,0,0,0
0,4,0,41,0,0,0,2,0,0,0
0,6,0,206,0,0,0,0,1,1,0
0,6,0,34,0,0,0,0,1,1,0
0,4,0,16,0,0,0,0,0,0,0
0,5,1,104,0,0,0,0,0,1,1
0,6,0,8,11,5,0,0,1,0,0
1,6,0,0,0,0,0,0,1,0,0
0,2,1,38,0,0,0,0,0,1,1
0,5,1,245,0,0,0,0,0,1,1
0,6,0,198,0,0,0,0,2,0,0
1,5,0,173,0,0,0,0,1,0,0
1,5,0,186,0,0,0,0,2,0,0
0,4,1,342,1,0,0,0,0,1,1
0,4,0,422,0,0,379,0,0,1,1
0,6,0,37,0,0,0,2,2,0,0
1,3,0,337,0,0,0,1,1,0,0
1,5,0,24,0,0,0,0,1,0,0
0,6,0,42,0,0,0,0,0,0,1
1,3,0,13,0,0,0,2,4,0,0
0,4,0,59,0,0,0,0,0,0,0
1,6,0,130,0,0,0,0,1,0,0
0,4,0,265,1,0,0,0,0,1,1
0,3,0,197,0,0,0,0,0,1,1
0,5,1,314,0,0,68,0,0,1,1
1,6,0,25,0,0,0,0,1,0,0
1,6,0,227,0,0,0,1,2,1,1
0,5,0,210,0,0,0,0,0,1,0
0,6,0,97,0,0,0,1,1,0,0
0,5,0,126,0,0,0,1,0,0,0
0,4,0,115,0,0,34,1,0,1,0
1,6,0,246,0,0,0,0,0,1,1
0,6,0,5,0,0,0,0,1,0,0
0,2,0,99,0,0,0,0,0,0,0
0,4,0,61,0,0,0,1,1,0,0
1,6,0,56,0,0,0,0,2,0,1
0,6,0,1,0,0,0,0,1,0,0
1,6,0,7,0,0,0,0,1,0,0
0,6,0,98,0,0,0,0,0,1,1
0,6,0,42,0,0,0,0,0,1,1
1,5,0,17,0,0,0,0,0,0,0
0,6,0,33,0,0,0,0,1,1,0
0,3,0,0,0,0,0,0,0,0,0
0,6,0,4,0,0,0,0,0,0,0
0,3,0,14,0,0,0,0,1,0,0
0,4,1,440,0,0,0,0,0,1,1
0,6,0,35,0,0,0,0,1,0,0
0,6,0,38,0,0,0,0,0,0,1
0,6,0,36,0,0,0,2,2,1,0
0,5,0,181,0,0,0,0,1,0,0
0,6,0,47,0,0,0,0,1,1,0
0,6,0,88,0,0,0,0,0,1,1
0,4,0,140,0,0,87,1,0,0,0
0,6,0,38,0,0,0,0,0,1,1
0,4,1,517,0,0,0,0,0,1,1
0,5,0,346,0,0,0,1,0,0,0
1,4,0,7,0,0,0,0,0,0,0
1,2,0,43,0,0,0,0,0,0,0
1,3,0,180,0,0,0,1,0,0,1
1,6,0,80,0,0,0,1,2,1,0
0,5,0,296,0,0,0,0,0,1,1
1,5,0,117,0,0,0,0,0,0,0
1,6,0,34,0,0,0,1,2,1,0
1,5,0,164,0,0,0,0,1,0,0
1,3,0,0,0,1,0,1,0,0,0
0,5,1,275,0,0,69,0,0,1,1
1,6,0,41,0,0,0,0,1,1,0
1,3,0,164,0,0,0,1,0,0,1
1,4,1,378,0,0,0,0,0,1,1
1,2,0,1,0,0,0,0,0,0,0
0,6,0,21,0,0,0,0,0,1,1
1,6,0,1,0,0,0,0,1,0,0
0,3,0,76,0,0,0,0,0,1,1
1,6,0,7,0,0,0,0,1,0,0
0,6,0,17,0,0,0,0,0,0,0
0,6,0,17,0,0,0,0,1,0,0
0,6,0,13,0,0,0,0,1,1,0
0,5,1,322,0,0,0,0,0,1,1
0,5,0,13,0,0,0,0,0,0,0
0,6,0,80,0,0,0,0,1,0,0
0,5,0,150,0,0,0,0,2,0,0
1,6,0,314,0,0,0,0,1,0,0
1,6,0,168,0,0,0,1,2,0,1
0,4,1,28,0,0,0,0,0,1,1
1,6,0,67,0,0,0,0,0,1,1
1,6,0,146,0,0,0,0,1,0,0
0,3,0,118,0,0,0,0,1,0,0
0,5,1,93,0,0,0,0,0,1,1
0,5,0,76,0,0,0,0,0,0,1
1,6,0,5,0,0,0,0,1,0,0
0,6,0,13,0,0,0,0,0,1,1
1,3,0,1,0,0,0,0,0,0,0
0,5,0,265,0,0,0,0,1,0,0
0,5,0,77,0,0,0,1,0,0,0
1,6,0,5,0,0,0,0,1,0,0
0,4,1,302,0,0,0,0,0,1,1
0,6,0,79,0,0,0,0,3,0,0
0,6,0,57,0,0,0,0,0,0,1
0,5,1,19,1,0,0,0,0,1,1
1,5,0,117,0,0,0,0,2,0,0
0,5,1,336,1,0,0,0,0,1,1
0,6,0,253,0,0,0,0,1,0,0
0,3,0,15,0,0,0,0,0,0,0
0,6,0,5,0,0,0,0,1,0,0
0,6,0,68,0,0,0,0,0,1,1
1,3,0,18,0,0,0,0,0,0,0
0,5,0,11,0,0,0,0,0,0,0
0,6,0,132,0,0,0,0,0,1,0
0,6,0,31,0,0,0,0,1,0,0
0,5,0,9,0,0,0,0,0,0,0
0,4,0,53,0,0,0,0,0,0,0
0,6,0,82,0,0,0,1,3,0,0
1,3,0,211,0,0,0,0,0,1,0
0,5,1,55,0,0,0,0,0,1,1
0,6,0,52,0,0,0,0,0,1,1
0,6,0,304,0,0,0,0,1,0,0
1,6,0,245,0,0,0,0,1,1,1
0,6,0,262,0,0,0,0,1,0,1
1,6,0,23,0,0,0,0,2,0,0
1,4,0,244,24,0,0,0,0,1,1
0,4,1,277,0,0,0,0,0,1,1
0,5,0,164,0,0,0,0,0,0,0
1,5,0,204,0,0,0,0,0,0,0
1,5,0,0,0,0,0,0,0,0,0
0,5,0,119,0,0,0,0,1,0,0
0,6,0,45,0,0,0,0,1,0,0
0,6,0,71,0,0,0,0,1,0,0
1,6,0,23,0,0,0,0,0,1,1
1,6,0,38,0,0,0,0,1,0,0
0,5,0,118,0,0,0,0,0,0,0
0,4,1,286,0,0,75,0,0,1,1
1,3,0,5,0,0,0,0,0,0,0
0,6,0,29,0,0,0,0,2,1,0
0,6,0,93,0,0,0,0,1,0,0
0,5,0,164,0,0,0,0,0,1,0
0,5,0,386,0,0,0,0,1,0,0
0,3,0,22,0,0,0,2,2,0,0
0,5,1,279,0,0,0,0,0,1,1
1,2,0,0,0,1,0,0,0,0,0
1,6,0,28,0,0,0,0,1,0,0
1,5,0,13,0,0,0,0,0,1,0
0,4,0,269,1,0,0,0,0,1,1
0,4,1,239,1,0,0,0,0,1,1
1,6,0,300,0,0,0,4,2,0,0
0,6,0,73,0,0,0,0,0,0,1
0,5,0,118,0,0,0,0,0,0,0
1,6,0,0,0,0,0,0,1,0,0
0,6,0,10,0,0,0,0,2,0,0
0,6,0,139,0,0,0,0,0,1,1
0,6,0,16,0,0,0,0,1,1,0
0,6,0,43,0,0,0,0,1,0,0
0,6,0,50,0,0,0,0,0,1,1
0,5,1,211,0,0,111,0,0,1,1
0,6,0,22,0,0,0,0,2,0,0
0,6,0,139,0,0,0,2,0,0,0
0,6,0,36,0,0,0,0,1,0,0
1,3,0,0,0,0,0,1,0,0,0
1,5,0,53,0,0,0,1,0,0,0
0,6,0,142,0,0,0,0,2,0,0
0,4,1,126,0,0,39,0,0,1,1
0,4,0,40,0,0,0,1,0,0,0
0,4,1,276,1,0,0,0,0,1,1
0,4,1,156,0,0,0,0,0,1,1
0,3,0,172,0,0,0,0,0,0,0
0,6,0,88,1,0,0,0,2,1,1
0,6,0,1,0,0,0,0,1,0,0
1,3,0,150,0,0,0,1,1,0,0
1,4,0,21,0,0,0,1,0,0,1
0,6,0,99,0,0,0,0,1,0,0
0,6,0,245,0,0,0,0,0,1,1
0,6,0,215,0,0,0,0,0,0,1
1,3,0,30,0,0,0,0,0,1,0
1,6,0,52,0,0,0,0,2,0,0
0,6,0,21,0,0,0,0,1,0,0
0,5,0,24,0,0,0,0,0,0,0
1,6,0,0,0,0,0,0,0,0,0
0,6,0,146,0,0,0,0,2,0,0
0,6,0,170,0,0,0,0,0,1,1
0,2,0,20,1,0,0,0,1,0,1
1,4,0,339,0,0,0,0,0,0,0
0,6,0,178,0,0,0,1,1,0,0
0,5,0,8,0,0,0,0,0,0,0
0,6,0,156,0,0,0,1,0,0,0
0,5,1,233,0,0,0,0,0,1,1
0,6,0,0,0,0,0,0,1,0,0
1,5,0,292,1,0,0,0,0,1,1
1,5,0,65,0,0,0,0,0,0,0
1,6,0,1,0,0,0,0,1,0,0
0,6,0,86,0,0,0,0,0,1,1
0,4,1,186,0,0,0,0,0,1,1
1,6,0,0,0,0,0,0,1,0,0
0,3,0,40,0,0,0,2,0,0,0
1,3,0,0,0,1,0,0,0,0,0
0,6,0,12,0,0,0,0,0,0,1
0,6,0,115,0,0,0,0,0,0,1
0,6,0,91,0,0,0,0,2,0,0
0,6,0,147,0,0,0,0,2,0,0
0,3,0,0,0,0,0,0,0,0,0
1,6,0,65,0,0,0,1,1,1,0
0,6,0,16,0,0,0,0,0,1,1
0,4,1,28,0,0,0,0,0,1,1
1,4,0,336,0,0,0,0,0,0,0
1,4,0,156,0,0,60,1,0,0,0
0,6,0,103,0,0,0,0,1,0,0
0,2,0,1,0,0,0,0,0,0,0
1,6,0,9,0,0,0,0,1,0,0
0,6,0,1,0,0,0,0,2,0,0
0,6,0,152,0,0,0,0,2,0,0
0,6,0,77,0,0,0,0,1,0,0
0,6,0,22,0,0,0,0,1,1,0
0,4,0,274,1,0,0,0,0,1,1
0,5,0,164,0,0,0,0,0,0,0
0,4,0,12,0,0,0,0,0,1,0
0,6,0,80,0,0,0,1,1,0,0
0,6,0,203,0,0,0,0,2,0,0
0,6,0,86,0,0,0,0,1,0,0
0,6,0,138,0,0,0,0,0,1,1
1,6,0,118,0,0,0,0,1,0,0
0,6,0,11,0,0,0,0,1,1,0
1,5,0,5,0,0,0,0,0,0,0
1,4,1,238,0,0,0,0,0,1,1
0,6,0,161,0,0,0,0,0,1,1
0,5,1,279,0,0,0,0,0,1,1
0,6,0,101,0,0,0,0,0,1,1
1,3,0,24,0,0,0,0,2,0,0
1,5,0,240,0,0,0,0,2,0,0
0,6,0,38,0,0,0,0,3,1,0
0,6,0,156,0,0,0,0,1,0,0
1,6,0,10,0,0,0,0,0,1,0
0,6,0,66,0,0,0,0,2,1,0
0,5,0,228,1,0,0,0,0,1,1
0,5,0,6,0,0,0,0,0,0,0
0,6,0,63,0,0,0,0,0,0,1
1,5,0,3,0,0,0,0,0,0,0
0,3,0,0,0,0,0,1,0,0,0
1,5,0,65,0,0,0,0,1,0,0
0,6,0,196,0,0,0,0,1,0,0
0,4,1,104,0,0,0,0,0,1,1
0,5,0,60,0,0,0,1,0,0,0
1,3,0,223,0,0,0,2,0,0,0
0,6,0,0,0,0,0,0,1,0,0
0,5,0,14,1,0,0,0,0,1,1
0,6,0,14,0,0,0,1,1,0,0
0,6,0,18,0,0,0,0,2,0,0
0,4,0,75,0,0,0,3,1,0,0
1,6,0,44,0,0,0,0,1,0,1
0,6,0,122,0,0,0,0,1,1,0
1,4,0,385,0,0,0,2,1,0,0
1,3,0,129,0,0,0,0,1,0,0
1,5,0,220,0,0,0,0,1,0,0
0,6,0,334,0,0,0,0,0,1,1
0,6,0,86,0,0,0,0,1,0,0
0,4,1,97,1,0,9,0,0,1,1
0,6,0,55,0,0,0,0,0,1,1
0,5,0,133,0,0,0,0,0,0,0
0,6,0,93,0,0,0,1,3,0,0
0,6,0,177,0,0,0,0,2,0,0
0,5,1,258,0,0,0,0,0,1,1
0,6,0,81,0,0,0,0,0,0,1
1,3,0,329,0,0,0,0,1,0,0
0,5,0,135,0,0,0,0,0,0,0
1,6,0,237,0,0,0,1,0,1,1
1,6,0,64,0,0,0,0,1,0,0
0,6,0,36,0,0,0,0,2,0,0
0,4,1,28,0,0,0,0,0,1,1
0,1,0,0,0,0,0,2,0,0,0
0,6,0,87,0,0,0,0,1,1,0
1,3,0,33,0,0,0,5,1,0,0
0,4,0,5,0,1,0,0,0,0,0
0,6,0,104,0,0,0,0,1,1,0
1,5,0,107,0,0,0,0,0,0,0
0,5,0,210,0,0,0,0,0,1,0
1,3,0,1,0,0,0,0,0,0,0
0,6,0,11,1,0,0,0,2,1,1
0,6,0,75,0,0,0,0,1,1,0
1,6,0,204,0,0,0,0,2,0,0
0,6,0,95,0,0,0,0,1,0,0
0,4,1,288,0,0,0,0,0,1,1
0,6,0,17,0,0,0,0,1,0,0
0,6,0,10,0,0,0,0,2,0,0
0,6,0,31,0,0,0,0,2,1,0
0,4,0,314,1,0,0,0,0,1,1
1,6,0,187,1,0,0,0,1,1,1
1,6,0,55,0,0,0,0,1,0,0
0,6,0,205,0,0,0,2,0,1,1
0,3,0,148,0,0,0,1,0,0,1
0,6,0,172,0,0,0,0,0,0,1
0,6,0,31,0,0,0,0,1,0,0
1,3,0,158,0,0,0,0,0,1,0
0,3,0,3,0,0,0,0,0,0,0
0,6,0,124,0,0,0,0,1,1,0
1,3,0,48,0,0,0,0,0,0,0
0,6,0,68,0,0,0,0,1,0,0
1,5,0,136,0,0,0,1,0,0,0
1,6,0,251,0,0,0,1,1,0,1
0,6,0,98,0,0,0,0,0,1,1
0,5,0,13,0,0,0,0,0,0,0
1,3,0,0,0,0,0,0,0,1,0
0,6,0,131,0,0,0,0,0,1,1
0,5,1,58,0,0,0,0,0,1,1
0,6,0,173,0,0,0,0,1,0,0
1,6,0,203,0,0,0,0,1,0,0
0,5,1,205,0,0,0,1,0,1,1
0,4,1,173,0,0,0,0,0,1,1
1,5,0,21,0,0,0,0,0,0,0
0,4,0,8,0,0,0,0,1,0,1
1,6,0,3,0,0,0,0,0,0,0
1,5,0,194,0,0,0,0,0,0,0
0,4,0,4,0,0,0,0,0,0,0
0,3,0,2,0,0,0,1,0,0,0
0,2,0,3,0,1,0,0,1,1,0
0,5,0,405,0,0,0,0,0,0,0
0,5,1,291,0,0,0,0,0,1,1
0,6,0,101,0,0,0,0,1,0,0
0,4,0,434,0,0,0,0,1,0,0
0,6,0,52,0,0,0,0,0,0,1
1,6,0,0,0,0,0,0,0,1,0
0,6,0,272,0,0,0,0,0,1,1
1,6,0,36,0,0,0,2,1,1,0
1,2,0,6,0,0,0,0,0,0,0
1,3,0,0,0,0,0,0,0,0,0
0,6,0,47,0,0,0,1,0,1,1
0,2,0,7,0,0,0,0,0,0,0
0,6,0,99,0,0,0,0,0,1,1
1,3,0,0,0,0,0,1,0,0,0
0,6,0,42,0,0,0,0,0,0,1
0,4,0,26,0,0,0,1,0,0,0
0,5,0,92,0,0,0,0,0,0,0
0,3,0,110,0,0,0,0,0,0,1
1,5,0,200,0,0,0,0,0,0,1
0,4,1,112,0,0,0,0,0,1,1
0,5,0,309,0,0,0,1,0,0,1
0,6,0,12,0,0,0,2,0,0,0
1,6,0,45,0,0,0,0,1,0,0
0,4,1,545,0,0,0,0,0,1,1
0,3,0,35,0,0,0,0,0,0,0
0,4,1,78,0,0,0,0,0,1,1
0,5,0,151,0,0,63,0,0,1,1
1,3,0,60,0,0,0,0,1,0,0
1,3,0,121,0,0,0,0,0,0,0
0,6,0,18,0,0,0,0,1,0,0
0,6,0,187,0,0,0,0,0,1,1
0,5,0,78,0,0,0,0,0,1,0
1,6,0,105,0,0,0,0,0,0,1
0,3,0,4,0,0,0,1,0,0,0
1,5,0,264,0,0,0,0,0,0,0
0,3,0,80,0,0,0,0,0,1,0
0,6,0,226,0,0,0,0,1,0,0
0,3,0,144,0,0,0,0,2,0,1
0,4,1,277,0,0,0,0,0,1,1
1,6,0,0,0,0,0,0,0,0,0
0,5,1,140,0,0,0,0,0,1,1
1,4,1,143,0,0,0,0,0,1,1
1,5,0,160,0,0,0,0,0,0,0
1,3,0,1,0,0,0,0,1,0,0
0,4,0,24,0,0,0,1,0,1,0
0,6,0,357,0,0,0,0,0,1,1
0,6,0,134,0,0,0,1,1,0,0
0,6,0,176,0,0,0,0,1,0,0
1,4,0,13,0,0,0,0,0,0,1
0,5,0,98,0,0,0,0,0,1,0
1,5,0,164,0,0,0,0,0,0,0
0,6,0,56,0,0,0,1,1,0,0
0,2,0,9,0,0,0,0,0,0,0
0,6,0,14,0,0,0,0,1,0,0
1,6,0,106,0,0,0,0,2,1,0
0,6,0,2,0,0,0,0,2,0,0
0,6,0,49,0,0,0,0,1,0,0
0,6,0,176,0,0,0,1,0,0,0
0,6,0,34,0,0,0,0,3,1,0
0,6,0,34,0,0,0,1,1,0,0
0,6,0,13,0,0,0,0,2,1,0
1,6,0,1,0,0,0,1,1,0,0
0,5,0,94,0,0,0,0,0,0,0
0,6,0,18,0,0,0,0,1,1,0
0,4,1,87,0,0,0,0,0,1,1
0,6,0,89,0,0,0,0,1,1,0
0,6,0,199,0,0,0,2,0,1,1
0,2,0,7,0,1,0,0,2,0,0
0,6,0,1,0,0,0,0,1,0,0
0,5,1,103,0,0,0,0,0,1,1
0,4,1,55,0,0,0,0,0,1,1
1,6,0,135,0,0,0,0,0,1,1
1,2,0,8,0,0,0,0,0,1,0
0,6,0,155,0,0,0,0,0,1,1
0,5,1,181,1,0,42,0,0,1,1
1,3,0,194,0,0,0,0,0,0,0
1,6,0,73,0,0,0,0,2,1,1
1,6,0,278,0,0,0,0,1,1,1
0,6,0,83,0,0,0,1,1,0,0
0,4,1,309,0,0,0,0,0,1,1
0,5,0,14,0,0,0,0,0,0,0
1,5,0,86,0,0,0,0,0,0,0
0,4,0,115,0,0,0,0,0,0,0
0,6,0,40,0,0,0,0,0,0,1
1,6,0,0,0,1,0,2,0,0,0
0,6,0,16,0,0,0,0,0,0,1
1,5,0,170,0,0,0,0,2,0,0
1,4,0,276,0,0,0,0,0,0,0
0,4,0,17,0,0,0,0,0,1,0
1,2,0,70,0,0,0,0,0,0,1
0,4,1,97,0,0,0,0,0,1,1
0,6,0,28,0,0,0,0,0,1,1
0,6,0,155,0,0,0,0,0,1,1
0,6,0,108,0,0,0,0,0,0,0
0,5,0,73,0,1,0,1,0,0,0
0,5,1,286,0,0,0,0,0,1,1
0,6,1,249,0,0,20,0,0,1,1
0,6,0,40,0,0,0,0,1,0,0
1,6,0,102,0,0,0,0,0,0,1
0,4,1,344,1,0,0,0,0,1,1
1,6,0,168,0,0,0,0,2,1,0
0,6,0,105,0,0,0,0,0,1,1
0,6,0,99,0,0,0,0,2,0,0
0,5,0,26,0,0,0,0,0,1,0
0,6,0,2,0,0,0,0,0,1,0
0,6,0,116,0,0,0,0,2,0,0
0,6,0,39,0,0,0,0,1,0,0
1,6,0,159,0,0,0,0,0,0,1
0,6,0,6,0,0,0,0,0,1,0
0,6,0,160,0,0,0,1,2,1,0
0,6,0,3,0,0,0,0,0,1,0
0,4,1,148,0,0,0,0,0,1,1
1,6,0,168,0,0,0,0,2,1,0
1,4,0,103,0,0,0,0,1,0,0
1,5,0,120,0,0,0,0,0,0,0
1,5,0,6,0,0,0,0,0,0,0
1,6,0,170,0,0,0,0,3,0,0
0,6,0,186,0,0,0,0,0,1,1
0,3,0,1,0,0,0,0,0,0,0
1,6,0,204,0,0,0,1,0,1,0
0,6,0,25,0,0,0,2,0,1,1
0,6,0,4,0,0,0,0,1,0,0
1,6,0,124,0,0,0,0,2,0,0
1,6,0,40,0,0,0,0,0,1,1
0,6,0,9,0,0,0,0,2,0,0
1,4,0,13,0,0,0,1,0,0,0
1,6,0,26,0,0,0,2,2,0,0
0,6,0,45,0,0,0,0,0,0,1
1,3,0,0,0,0,0,1,0,0,0
0,2,0,11,0,0,0,0,0,0,0
0,4,1,395,1,0,0,0,0,1,1
1,5,0,3,0,0,0,0,0,0,0
0,4,1,277,0,0,0,0,0,1,1
0,6,0,32,0,0,0,0,1,0,0
1,3,0,0,0,0,0,0,0,0,0
0,4,1,42,0,0,0,0,0,1,1
0,5,0,0,0,0,0,0,0,1,0
0,5,0,12,0,0,0,0,0,0,0
0,3,0,7,0,1,0,0,3,0,0
0,6,0,161,0,0,0,2,1,0,0
0,6,0,55,0,0,0,0,0,0,1
0,5,0,164,0,0,0,0,0,0,0
1,3,0,0,0,0,0,0,1,0,0
0,6,0,79,0,0,0,0,0,0,1
0,4,1,360,1,0,0,0,0,1,1
0,6,0,85,0,0,0,0,2,0,0
1,4,1,411,0,0,0,0,0,1,1
1,3,0,0,0,0,0,0,1,0,0
1,6,0,47,0,0,0,0,1,0,0
1,5,0,14,0,0,0,0,0,0,0
1,5,0,155,0,0,0,0,1,0,0
0,5,0,50,0,0,0,1,0,0,0
0,6,0,2,0,0,0,0,1,0,0
1,4,0,254,0,0,0,0,0,0,0
0,6,0,13,0,0,0,1,0,0,0
0,3,0,35,0,0,0,0,1,1,0
1,3,0,171,0,0,0,1,0,0,0
0,3,0,94,0,0,0,4,0,0,0
0,6,0,191,0,0,0,1,0,0,0
1,5,0,111,0,0,0,0,1,0,0
1,4,0,2,0,0,0,1,0,0,0
1,2,0,2,0,23,0,1,2,0,0
0,2,0,4,0,10,0,0,1,0,0
0,5,1,276,0,0,160,0,0,1,1
0,6,0,18,0,0,0,0,1,0,0
0,6,0,181,0,0,0,0,0,1,1
0,6,0,5,0,0,0,0,1,0,0
1,2,0,1,0,1,0,0,0,0,0
1,3,0,209,0,0,0,1,2,0,1
0,6,0,46,0,0,0,0,1,0,0
1,5,0,207,1,0,0,0,0,1,1
0,6,0,24,0,0,0,0,0,1,1
0,5,0,167,0,0,0,0,1,0,0
0,4,0,70,0,0,0,0,0,0,0
1,6,0,111,0,0,0,0,0,0,1
1,6,0,33,0,0,0,0,1,0,0
1,3,0,50,0,0,0,0,1,0,0
0,6,0,2,0,0,0,0,0,0,0
0,6,0,55,0,0,0,0,2,0,0
0,6,0,124,0,0,0,0,1,0,0
1,3,0,79,0,0,0,3,0,0,0
0,4,1,358,0,0,0,0,0,1,1
0,6,0,215,0,0,0,0,0,0,1
0,6,0,123,0,0,0,0,2,1,1
0,3,0,206,0,0,0,0,0,1,0
0,5,0,1,0,0,0,0,0,0,0
1,3,0,0,0,0,0,0,0,0,0
1,2,0,7,0,0,0,1,1,1,0
0,6,0,41,0,0,0,1,1,0,0
0,5,0,34,0,0,0,0,1,0,0
0,3,0,74,0,0,0,0,0,1,0
1,4,0,542,0,0,0,0,1,0,0
0,4,0,315,0,0,38,0,1,0,0
0,4,0,137,0,0,0,0,1,0,0
0,6,0,88,0,0,0,0,1,0,0
0,5,0,62,0,0,0,0,0,1,0
1,4,1,183,0,0,0,0,0,1,1
0,5,0,35,0,0,0,0,0,0,0
1,4,2,162,0,0,0,0,0,1,1
0,6,0,52,0,0,0,0,0,0,1
0,3,0,23,0,0,0,0,1,0,0
0,6,0,125,0,0,0,0,2,0,0
0,5,0,221,0,0,0,0,0,0,0
0,2,0,5,0,0,0,0,0,0,0
0,6,0,13,0,0,0,1,0,0,0
0,6,0,133,0,0,0,0,0,0,1
1,4,0,156,0,0,0,0,0,0,0
0,5,0,164,0,0,0,0,0,0,0
0,6,0,9,0,0,0,0,2,1,0
1,3,0,19,0,0,0,0,0,0,0
1,6,0,0,0,0,0,0,0,0,0
0,3,0,71,0,0,0,0,0,0,0
0,6,0,89,0,0,0,1,1,0,0
0,5,1,507,0,0,0,0,0,1,1
1,5,0,137,0,0,0,0,0,0,0
1,6,0,12,0,1,0,0,0,0,0
0,6,0,11,0,0,0,0,1,0,0
0,6,0,241,0,0,0,0,0,1,1
1,4,0,261,0,0,0,0,0,0,0
0,3,0,57,0,0,0,0,0,0,0
0,6,0,55,0,0,0,0,0,1,1
1,5,0,221,0,0,0,0,1,0,0
0,4,0,414,0,0,0,0,1,0,0
0,6,0,85,0,0,0,5,0,1,0
0,6,0,142,0,0,0,0,0,1,1
0,6,0,12,0,0,0,0,0,1,1
0,6,0,17,0,0,0,0,3,0,0
1,5,0,157,0,0,0,0,0,0,0
1,6,0,17,0,0,0,0,0,1,1
1,3,0,1,0,0,0,0,1,0,0
0,6,0,7,0,0,0,0,1,0,0
0,6,0,20,0,0,0,0,0,0,1
0,6,0,35,0,0,0,0,1,0,0
1,6,0,52,0,0,0,0,1,0,0
0,6,0,16,0,0,0,0,1,0,0
0,6,0,256,0,0,0,0,0,0,0
1,6,0,18,0,0,0,0,0,0,1
0,6,0,81,0,0,0,0,1,0,0
0,6,0,183,0,0,0,2,1,0,0
0,6,0,157,0,0,0,0,0,1,1
1,6,0,2,0,0,0,1,3,0,0
1,2,0,0,0,6,0,0,0,0,0
0,5,0,139,0,0,0,0,0,1,1
0,4,0,174,0,0,0,0,1,0,0
0,5,0,10,0,0,0,0,0,0,0
0,4,0,11,0,0,0,0,0,0,0
0,4,1,198,0,0,0,0,0,1,1
0,5,0,277,0,0,0,0,0,0,1
0,6,0,56,0,0,0,0,2,0,0
0,4,0,35,0,0,0,0,0,1,1
0,4,0,48,0,0,0,0,1,0,0
0,5,0,0,0,0,0,2,1,0,0
0,6,0,10,0,0,0,0,1,0,0
0,6,0,5,0,0,0,0,2,0,0
1,5,0,6,0,0,0,0,0,0,0
0,6,0,46,0,0,0,0,0,1,1
1,3,0,0,0,0,0,0,1,0,0
1,6,0,67,0,0,0,0,0,0,1
0,6,0,285,0,0,0,0,1,1,1
0,6,0,6,0,0,0,0,0,0,0
0,6,0,49,0,0,0,2,1,0,1
0,4,1,240,0,0,0,0,0,1,1
0,5,0,189,0,0,0,1,1,0,0
1,2,0,41,0,0,0,0,0,1,1
0,5,1,94,1,0,28,0,0,1,1
0,6,0,7,0,0,0,0,1,0,0
0,5,0,296,0,0,0,0,1,0,0
0,4,0,111,0,0,0,0,0,0,0
0,6,0,296,0,0,0,0,0,1,1
0,6,0,287,0,0,0,0,0,1,1
0,5,0,301,0,0,0,0,1,0,0
0,3,0,0,0,0,0,0,0,0,0
0,6,0,282,0,0,0,0,1,1,1
0,6,0,169,0,0,0,0,1,0,0
0,6,0,90,0,0,0,0,2,1,0
1,3,0,224,0,0,0,2,0,0,0
0,5,0,28,0,0,0,0,1,0,0
0,4,0,149,0,0,0,0,0,1,1
0,6,0,131,0,0,0,0,0,1,1
1,6,0,0,0,0,0,0,2,0,0
1,5,0,251,0,0,0,0,0,1,0
0,4,1,175,0,0,0,0,0,1,1
0,6,0,153,0,0,0,0,0,1,0
0,5,0,309,0,0,215,0,0,1,1
0,4,1,405,0,0,0,0,0,1,1
0,5,1,22,0,0,0,0,0,1,1
1,2,0,4,0,0,0,0,0,0,0
1,5,0,157,0,0,0,0,0,0,0
1,5,0,239,3,0,0,0,0,1,1
1,5,0,304,0,0,0,0,0,0,0
1,2,0,30,0,0,0,4,0,0,1
0,5,1,169,0,0,0,0,0,1,1
0,6,0,116,0,0,0,0,2,0,0
0,4,1,173,0,0,0,0,0,1,1
0,6,0,45,0,0,0,0,0,1,1
0,6,0,16,0,0,0,0,2,0,0
0,5,0,118,0,0,0,1,0,0,0
1,2,0,0,0,0,0,0,0,0,0
0,6,0,30,0,0,0,0,0,1,1
0,3,0,63,0,0,0,1,0,0,0
1,6,0,0,0,0,0,0,0,0,0
1,3,0,0,0,0,0,0,0,0,0
1,4,0,72,0,0,0,0,0,1,1
1,5,0,12,0,0,0,0,1,0,0
0,5,0,23,0,0,0,0,0,0,0
0,6,0,49,0,0,0,0,2,0,0
1,4,1,259,1,0,0,0,0,1,1
0,6,0,227,0,1,0,0,1,0,0
1,3,0,56,0,0,0,0,0,0,0
1,5,0,140,0,0,0,0,1,0,0
1,6,0,3,0,0,0,0,0,1,0
0,6,0,139,0,0,0,0,0,1,1
0,4,0,46,0,0,0,0,0,1,1
0,4,0,100,0,0,0,1,0,0,0
0,4,1,77,0,0,0,0,0,1,1
0,6,0,84,0,0,0,0,0,1,1
0,5,0,1,0,0,0,0,1,0,0
1,6,0,309,0,0,0,0,2,1,0
0,6,0,115,0,0,0,0,1,0,0
1,5,0,3,0,0,0,0,2,1,0
0,4,0,75,0,0,0,0,0,1,1
0,6,0,58,0,0,0,0,0,0,1
1,6,0,10,0,0,0,0,1,1,0
1,3,0,38,0,0,0,0,0,0,0
1,5,0,52,0,0,0,1,0,0,0
0,3,0,77,0,0,0,0,1,0,0
1,3,0,1,0,0,0,0,2,0,0
0,5,0,70,0,0,0,0,0,1,0
0,3,0,0,0,3,0,0,0,0,0
0,5,1,146,0,0,50,0,0,1,1
0,6,0,28,0,0,0,0,1,0,0
1,6,0,1,0,0,0,0,1,0,0
1,6,0,32,0,0,0,0,0,1,1
0,4,1,286,0,0,0,0,0,1,1
0,4,1,332,1,0,0,0,0,1,1
1,3,0,100,0,0,0,0,0,0,1
1,4,0,213,0,0,0,0,0,0,0
0,4,0,11,0,0,0,0,0,0,0
0,6,0,156,0,0,0,0,0,0,1
0,5,0,0,0,0,0,1,0,0,0
0,6,0,3,0,0,0,0,0,0,0
0,3,0,0,0,0,0,0,0,0,0
0,6,0,0,0,0,0,0,1,0,0
0,5,0,265,0,0,0,0,1,0,0
0,6,0,68,0,0,0,0,0,1,1
1,3,0,4,0,0,0,0,0,0,0
0,4,0,55,0,0,0,1,1,0,0
1,6,0,78,0,0,0,0,0,1,1
0,5,0,127,0,0,0,0,0,0,0
1,6,0,95,0,0,0,0,2,0,0
1,4,1,277,0,0,0,0,0,1,1
0,5,0,83,0,0,77,0,0,0,0
1,2,0,2,0,14,0,0,0,0,0
0,6,0,7,0,0,0,0,0,1,0
1,5,0,172,0,0,0,0,1,0,0
0,4,1,372,0,0,0,0,0,1,1
1,6,0,54,0,0,0,0,0,1,1
1,5,0,133,0,0,0,0,1,0,0
0,4,1,115,1,0,22,0,0,1,1
0,5,0,213,0,0,0,0,0,0,0
0,5,1,105,0,0,0,0,0,1,1
0,6,0,179,0,0,0,0,3,1,0
1,5,0,140,0,0,0,0,1,0,0
0,4,0,98,0,0,0,0,0,1,0
0,6,0,35,0,0,0,0,1,0,0
1,3,0,88,0,0,0,0,2,0,0
1,3,0,48,0,0,0,0,0,0,0
0,5,0,6,0,0,0,0,0,1,0
0,6,0,102,0,0,0,0,0,0,1
0,4,1,87,0,0,0,0,0,1,1
1,3,0,2,0,0,0,0,0,0,0
0,4,0,414,0,0,0,0,2,0,0
0,5,0,53,0,0,0,0,1,0,0
0,6,0,74,0,0,0,0,0,0,1
0,6,0,44,0,0,0,0,0,0,1
0,4,1,545,0,0,0,0,0,1,1
0,6,0,168,0,0,0,0,1,0,0
0,6,0,128,0,0,0,0,2,0,0
0,6,0,45,0,0,0,0,0,1,1
1,5,0,91,0,0,0,0,1,0,0
0,4,0,95,0,0,0,0,1,0,0
1,6,0,73,0,0,0,0,0,0,1
0,4,1,156,0,0,0,0,0,1,1
0,6,0,0,0,0,0,0,1,0,0
1,6,0,23,0,0,0,0,1,1,0
0,6,0,142,0,0,0,0,0,1,1
1,6,0,25,0,0,0,0,1,0,0
1,4,1,238,0,0,0,0,0,1,1
0,5,0,11,0,0,0,0,1,0,0
0,6,0,89,0,0,0,0,1,0,0
0,6,0,36,0,0,0,0,0,1,1
0,5,0,154,0,0,0,1,0,0,0
0,5,0,117,0,0,0,0,0,1,1
0,5,0,31,0,0,0,0,0,1,0
1,6,0,167,0,0,0,0,1,0,0
0,4,1,104,0,0,0,0,0,1,1
1,3,0,74,0,0,0,1,2,0,1
1,6,0,9,0,0,0,0,0,1,0
1,6,0,23,0,0,0,0,0,0,1
1,5,1,253,1,0,0,0,0,1,1
1,4,0,24,0,0,0,0,0,0,0
0,4,0,316,0,0,0,0,0,1,0
1,3,0,78,0,0,0,0,0,1,0
0,4,1,307,1,0,0,0,0,1,1
0,6,0,24,0,0,0,0,0,1,1
0,6,0,2,0,0,0,0,1,1,0
0,6,0,68,0,0,0,0,0,1,1
1,2,0,74,0,0,0,0,0,1,1
0,0,0,4,0,0,0,0,0,0,0
0,5,0,37,0,0,0,0,0,1,1
0,6,0,96,0,0,0,0,1,1,0
0,5,0,504,0,0,0,0,0,1,1
1,5,0,236,0,0,0,0,0,0,0
0,6,0,4,0,0,0,0,1,0,0
1,6,0,67,0,0,0,0,1,0,0
0,6,0,13,0,0,0,0,2,0,0
0,6,0,45,0,0,0,0,1,1,0
0,4,0,40,0,0,0,0,0,1,1
1,3,0,177,0,0,0,2,1,0,0
0,5,1,188,0,0,39,0,0,1,1
0,4,1,277,0,0,0,0,0,1,1
0,4,1,87,0,0,0,0,0,1,1
1,4,0,36,0,0,0,0,0,1,0
1,5,0,289,0,0,0,1,0,0,0
0,4,0,115,0,0,0,1,0,0,0
0,4,1,355,1,0,0,0,0,1,1
1,5,0,0,0,0,0,1,0,0,0
0,5,0,3,0,0,0,1,1,0,0
1,4,0,185,0,0,0,0,0,0,0
0,2,0,1,0,3,0,0,1,0,0
0,6,0,8,0,0,0,0,0,0,0
0,6,0,0,0,0,0,0,2,1,0
0,6,0,17,0,0,0,0,0,0,0
0,5,1,211,0,0,111,0,0,1,1
0,6,0,195,0,0,0,1,0,1,1
1,3,0,50,0,0,0,1,0,0,0
0,6,0,43,0,0,0,0,1,0,0
0,3,0,42,0,0,0,0,0,0,0
1,6,0,87,0,0,0,2,2,0,0
0,6,0,191,0,0,0,1,1,0,0
0,5,1,278,0,0,0,0,0,1,1
0,5,0,125,0,0,0,0,0,1,0
0,4,0,8,1,0,0,0,0,1,1
0,1,0,0,0,0,0,0,0,0,0
0,6,0,62,0,0,0,0,1,0,0
0,5,0,320,0,0,0,0,1,0,0
1,6,0,7,0,0,0,0,0,0,0
1,4,0,365,0,0,0,1,0,0,0
0,6,0,17,1,0,0,0,0,1,1
0,5,0,28,0,0,0,0,0,0,0
1,5,0,200,0,0,0,0,3,0,0
0,5,0,3,0,0,0,0,0,0,0
0,6,0,23,0,0,0,0,0,1,1
0,5,1,304,0,0,0,0,0,1,1
1,6,0,8,0,0,0,0,2,0,0
1,6,0,102,0,0,0,1,2,1,1
0,6,0,65,0,0,0,0,3,0,0
0,6,0,179,0,0,0,0,1,0,0
0,6,0,187,0,0,0,0,3,0,0
0,6,0,191,0,0,0,0,1,1,0
1,5,0,128,0,0,0,0,1,1,0
0,6,0,0,0,0,0,0,1,0,0
1,6,0,36,0,0,0,2,1,0,0
0,6,0,11,0,0,0,0,1,1,0
1,6,0,33,0,0,0,0,1,0,0
0,5,0,88,0,0,77,0,0,0,0
1,5,0,34,0,0,0,3,0,0,0
1,2,0,30,0,1,0,0,0,0,0
0,5,0,135,0,0,0,0,1,0,0
1,5,0,90,0,0,0,1,1,0,0
0,6,0,17,0,0,0,0,0,1,0
0,6,0,90,0,0,0,0,2,1,0
0,6,0,67,0,0,0,0,0,1,1
1,6,0,211,0,0,0,0,2,0,0
1,6,0,186,0,0,0,0,3,0,1
0,3,0,0,0,0,0,0,0,0,0
0,2,0,31,0,0,0,0,0,0,0
0,5,0,3,0,0,0,0,0,0,0
1,5,0,157,0,0,0,0,0,0,0
1,3,0,42,0,0,0,0,0,0,0
0,3,0,0,0,0,0,0,0,1,0
1,5,0,81,0,0,0,0,0,0,0
0,4,1,25,0,0,0,0,0,1,1
1,4,0,185,0,0,0,1,0,0,0
0,4,1,115,1,0,22,0,0,1,1
1,3,0,18,0,0,0,2,0,0,0
1,6,0,22,0,0,0,2,1,0,1
1,4,1,92,1,0,0,0,0,1,1
0,4,1,210,0,0,0,0,0,1,1
0,4,1,128,0,0,0,0,0,1,1
0,4,0,272,1,0,0,0,0,1,1
0,6,0,224,0,0,0,0,1,1,0
0,6,0,18,0,0,0,0,1,0,0
0,4,0,16,0,0,0,1,1,0,0
0,6,0,36,0,0,0,0,1,0,0
0,6,0,259,0,0,0,3,3,0,0
1,3,0,33,0,0,0,0,0,0,0
0,4,1,343,1,0,0,2,0,1,1
1,3,0,37,0,0,0,0,2,0,0
0,6,0,186,0,0,0,0,0,1,1
1,5,0,4,0,0,0,1,1,0,0
0,4,1,251,0,0,93,0,0,1,1
0,6,0,260,0,0,0,0,0,1,1
1,5,0,105,0,0,0,0,0,1,0
1,2,0,2,0,0,0,0,1,0,0
0,2,0,1,0,12,0,0,1,0,0
0,6,0,103,0,0,0,0,0,1,1
0,4,0,307,1,0,0,0,0,1,1
1,2,0,6,0,3,0,0,1,0,0
0,3,0,13,0,0,0,0,0,0,0
1,3,0,0,0,0,0,1,0,0,0
1,4,0,7,0,0,0,0,0,0,0
1,2,0,4,0,0,0,1,0,0,0
0,4,0,312,1,0,0,0,0,1,1
0,6,0,79,0,0,0,1,1,0,0
0,6,0,12,0,0,0,0,1,0,0
0,5,1,140,0,0,0,0,0,1,1
1,6,0,30,0,0,0,0,0,1,1
1,2,0,8,0,0,0,0,0,0,0
0,6,0,15,0,0,0,0,1,0,0
0,6,0,33,0,0,0,0,1,1,0
1,5,0,0,0,0,0,0,1,0,0
0,5,0,320,0,0,0,0,1,0,0
0,5,1,507,0,0,0,0,0,1,1
1,6,0,68,0,0,0,0,1,0,0
0,5,0,71,0,0,0,0,0,0,0
0,5,0,70,0,0,0,0,0,0,0
0,6,0,153,0,0,0,0,0,1,0
0,6,0,80,0,0,0,0,1,0,0
1,6,0,265,0,0,0,0,1,0,0
0,6,0,0,0,0,0,1,0,0,0
0,5,0,76,0,0,0,0,0,1,1
0,6,0,212,0,0,0,1,1,0,1
0,5,0,112,0,0,0,0,0,0,0
0,5,0,24,0,0,0,0,0,0,0
0,6,0,41,0,0,0,0,0,1,1
0,6,0,75,0,0,0,0,1,0,0
0,5,0,220,0,0,0,0,1,0,0
1,6,0,144,0,0,0,0,0,1,1
0,6,0,128,0,0,0,0,1,1,0
1,4,0,287,0,1,0,2,0,0,0
0,6,0,5,0,0,0,0,1,0,0
0,4,1,412,0,0,0,0,0,1,1
0,4,0,286,1,0,0,0,0,1,1
0,6,0,29,0,0,0,0,0,0,1
0,6,0,168,0,0,0,0,1,1,0
0,5,0,31,0,0,0,0,0,0,0
0,6,0,6,0,0,0,0,0,1,0
0,6,0,1,0,0,0,0,1,0,0
1,4,0,364,0,0,0,2,0,0,0
0,3,0,61,0,0,0,0,0,0,0
0,4,1,457,0,0,391,0,0,1,1
0,3,0,60,0,0,0,0,0,1,1
1,6,0,9,0,0,0,0,0,0,0
1,5,0,315,0,0,0,0,0,1,0
0,6,0,63,0,0,0,0,2,0,0
1,6,0,91,0,0,0,0,1,1,0
0,6,0,315,0,0,0,0,2,1,1
1,6,0,31,0,0,0,0,1,1,0
1,6,0,1,0,0,0,0,0,0,0
0,3,0,10,0,0,0,0,1,0,0
1,6,0,39,0,0,0,0,1,0,0
0,4,1,251,0,0,93,0,0,1,1
0,6,0,229,0,0,0,0,2,1,0
0,5,0,151,0,0,63,1,0,1,0
0,4,1,165,0,0,0,0,0,1,1
0,4,1,158,0,0,31,0,0,1,1
0,6,0,161,0,0,0,0,1,0,0
0,6,0,0,0,0,0,0,1,0,0
0,5,0,62,0,0,0,0,1,0,0
0,4,0,7,0,0,0,0,0,0,0
1,5,0,221,0,0,0,0,1,0,0
0,6,0,201,0,0,0,0,1,0,1
0,5,0,81,0,0,4,0,0,1,1
0,2,1,113,0,0,0,0,0,1,1
0,6,0,144,0,0,0,0,0,0,1
0,3,0,7,0,0,0,0,0,0,0
0,6,0,0,0,0,0,0,0,0,0
1,6,0,119,0,0,0,0,1,0,0
1,6,0,318,0,0,0,0,2,1,1
1,5,0,46,0,0,0,0,2,0,0
1,2,0,5,1,1,0,0,0,0,0
0,6,0,89,0,0,0,0,1,0,0
0,6,0,7,0,0,0,0,1,0,0
1,2,0,29,0,7,0,0,0,0,0
1,3,0,56,0,0,0,1,2,0,0
0,4,1,344,0,0,0,0,0,1,1
0,6,0,193,0,0,0,0,2,0,0
1,6,0,353,0,0,0,0,0,1,1
1,4,0,542,0,0,0,0,0,0,0
0,3,0,38,0,0,0,0,0,0,0
0,6,0,1,0,0,0,0,1,0,0
1,6,0,230,0,0,0,2,1,0,1
0,6,0,41,0,0,0,0,1,0,0
1,3,0,48,0,0,0,0,0,1,0
1,3,0,104,0,0,0,0,0,1,0
1,2,0,8,0,0,0,0,0,0,0
1,5,0,307,0,0,0,0,0,0,0
0,6,0,59,0,0,0,0,2,0,0
0,6,0,0,0,0,0,0,0,0,0
1,6,0,168,0,0,0,0,0,1,1
0,5,1,226,0,0,0,0,0,1,1
0,6,0,102,0,0,0,0,2,0,0
0,6,0,139,0,0,0,0,0,1,1
0,6,0,1,0,0,0,0,0,0,0
1,6,0,23,0,0,0,0,1,0,0
0,0,0,3,0,0,0,0,0,0,0
0,6,0,40,0,0,0,0,0,0,1
0,5,1,177,1,0,0,0,0,1,1
0,6,0,11,0,1,0,0,1,0,0
0,3,0,22,0,0,0,0,0,0,0
0,6,0,75,0,0,0,1,1,0,1
1,6,0,140,0,0,0,0,1,1,0
0,4,0,176,0,0,0,0,0,1,1
1,4,0,30,0,0,0,0,0,0,0
0,6,0,199,0,0,0,0,2,0,0
1,6,0,130,0,0,0,0,2,1,1
1,2,0,40,0,0,0,0,0,1,1
0,6,0,148,0,0,0,0,1,0,0
0,6,0,27,0,0,0,1,2,0,0
0,6,0,23,0,0,0,0,2,0,0
0,5,0,23,1,0,0,0,0,1,1
1,4,0,107,0,0,0,0,0,1,0
0,4,1,68,1,0,0,0,0,1,1
0,5,0,156,0,0,0,0,0,0,0
1,2,0,34,0,2,0,1,0,0,0
0,6,0,165,0,0,0,2,1,0,0
1,5,0,117,0,0,0,0,0,0,0
1,6,0,69,0,0,0,0,0,1,1
0,6,0,197,0,0,0,0,1,1,0
1,5,0,34,0,0,0,0,1,0,0
1,6,0,69,0,0,0,0,2,1,0
0,6,0,64,0,0,0,1,1,1,0
1,2,0,76,0,0,0,0,0,1,0
1,6,0,1,0,0,0,0,0,0,0
0,6,0,21,0,0,0,0,1,0,0
0,6,0,52,0,0,0,0,0,1,1
0,6,0,21,0,0,0,0,0,0,1
1,3,0,0,0,0,0,1,0,0,0
1,3,0,195,0,0,0,0,2,0,1
0,4,1,130,1,0,10,0,0,1,1
0,6,0,95,0,0,0,0,1,1,0
1,6,0,111,0,0,0,0,1,1,0
0,6,0,148,0,0,0,0,0,1,1
0,6,0,0,0,0,0,0,1,0,0
0,4,0,351,1,0,0,0,0,1,1
0,6,0,81,0,0,0,0,0,0,1
1,6,0,19,0,0,0,0,1,0,0
0,6,0,1,0,0,0,0,0,0,0
0,5,0,75,0,0,0,0,1,0,0
1,6,0,0,0,2,0,0,2,0,0
0,2,1,38,0,0,0,0,0,1,1
0,6,0,46,0,0,0,0,0,0,1
0,6,0,193,0,0,0,0,0,1,0
0,5,0,162,0,0,0,0,1,0,0
1,6,0,181,0,0,0,0,1,0,1
0,6,0,30,0,0,0,0,0,1,1
0,6,0,307,0,0,0,0,1,1,1
0,6,0,63,0,0,0,0,0,1,1
1,5,0,49,0,0,0,0,1,0,0
0,6,0,26,0,0,0,0,0,1,1
1,3,0,234,0,0,0,0,1,1,0
0,6,0,11,0,0,0,0,0,0,0
1,2,0,0,0,0,0,0,0,0,0
0,3,0,173,0,0,0,0,1,0,0
1,5,0,188,0,0,0,0,0,1,0
1,6,0,182,0,0,0,0,2,1,0
0,6,0,11,0,0,0,0,1,1,0
0,6,0,21,1,0,0,0,0,1,1
0,5,0,5,0,0,0,0,0,0,0
0,6,0,23,0,0,0,0,1,1,0
0,2,0,2,0,3,0,0,1,0,0
0,6,0,24,0,0,0,2,1,0,0
1,2,0,0,0,1,0,2,1,0,0
0,5,0,25,0,0,0,0,0,0,0
0,4,0,55,0,0,0,0,0,0,0
1,6,0,295,0,0,0,0,1,0,0
1,6,0,42,0,0,0,0,1,0,0
0,5,1,27,0,0,21,0,0,1,1
0,5,0,98,0,0,0,0,0,0,0
0,4,1,28,0,0,0,0,0,1,1
0,6,0,79,0,0,0,0,2,0,0
1,4,0,336,0,0,0,2,0,0,0
1,6,0,8,0,0,0,0,2,0,0
1,4,0,31,0,0,0,0,1,0,0
0,6,0,8,0,0,0,0,1,1,0
0,5,0,55,0,0,0,1,0,0,0
0,6,0,61,0,0,0,0,1,0,0
1,3,0,1,0,0,0,0,1,0,0
0,5,0,27,0,0,0,0,0,1,0
0,5,0,276,0,0,0,0,0,1,1
0,4,0,119,0,0,0,0,0,0,0
0,6,0,47,0,0,0,0,0,1,1
0,6,0,283,0,0,0,0,0,1,1
0,5,0,104,0,0,0,1,1,1,1
0,2,0,2,0,0,0,0,0,1,0
1,6,0,150,0,0,0,0,1,1,0
0,5,1,273,0,0,0,0,0,1,1
0,2,0,1,0,0,0,0,0,0,0
0,6,0,31,0,0,0,0,1,0,0
1,3,0,49,0,0,0,0,1,0,0
1,6,0,4,0,0,0,0,3,0,0
0,4,1,233,0,0,0,0,0,1,1
0,5,0,7,0,0,0,0,0,0,0
0,5,0,83,0,0,77,0,0,0,0
0,5,0,57,0,0,0,0,1,0,0
0,5,0,70,0,0,0,0,0,0,0
0,6,0,108,0,0,0,0,3,0,0
1,2,0,73,0,0,0,0,0,1,0
1,5,0,101,0,0,0,1,1,0,0
0,6,0,2,0,0,0,0,1,0,0
1,5,0,6,0,0,0,0,0,0,0
1,3,0,1,0,1,0,0,0,0,0
1,5,0,128,0,0,0,1,0,0,0
0,2,0,0,0,0,0,0,1,0,0
0,6,0,4,0,0,0,0,0,1,0
0,5,1,301,1,0,0,0,0,1,1
0,6,0,41,0,0,0,0,1,0,0
1,6,0,333,0,0,0,0,1,1,1
0,6,0,102,0,0,0,0,2,1,0
0,6,0,12,0,0,0,0,1,0,0
1,3,0,127,0,0,0,0,0,0,0
1,3,0,0,0,1,0,1,0,0,0
1,3,0,36,0,0,0,0,0,0,0
0,6,0,253,0,0,0,0,2,0,0
1,6,0,55,0,0,0,0,1,0,0
0,5,0,162,0,0,0,0,1,0,0
0,6,0,29,0,0,0,0,0,1,1
0,6,0,45,0,0,0,0,0,1,1
1,6,0,78,0,0,0,0,0,1,1
0,6,0,59,0,0,0,0,0,1,1
0,6,0,90,0,0,0,0,0,0,0
1,6,0,18,0,0,0,0,1,0,0
1,6,0,173,0,0,0,0,0,0,1
1,6,0,0,0,0,0,0,0,0,0
0,6,0,83,0,0,0,0,0,0,1
0,6,0,16,0,0,0,0,1,1,0
0,6,0,194,0,0,0,0,1,1,0
1,6,0,2,0,0,0,0,1,0,0
0,5,1,105,0,0,0,0,0,1,1
0,6,0,9,0,0,0,1,0,0,0
1,5,0,141,0,0,0,0,0,0,0
0,4,0,140,0,0,87,1,0,0,0
1,6,0,1,0,0,0,0,0,0,0
0,3,0,33,0,0,0,2,2,0,0
0,3,0,1,0,0,0,2,1,0,0
0,5,1,30,0,0,0,0,0,1,1
0,4,1,447,0,0,0,0,0,1,1
0,6,0,17,0,0,0,0,1,0,0
1,4,0,364,0,0,0,1,0,0,0
0,2,0,149,0,0,0,1,0,0,0
1,5,0,52,0,0,0,0,0,0,0
1,5,0,103,0,0,0,0,0,0,0
0,2,1,11,0,0,0,0,0,1,1
0,4,1,179,0,0,0,0,0,1,1
0,6,0,82,0,0,0,0,1,1,0
0,4,1,334,1,0,0,0,0,1,1
1,6,0,69,0,0,0,0,3,0,0
1,4,2,169,0,0,0,0,0,0,0
0,6,0,144,0,0,0,0,1,0,0
0,4,1,181,0,0,0,0,0,1,1
1,6,0,114,0,0,0,0,0,1,1
1,6,0,32,0,0,0,0,2,0,0
0,6,0,179,0,0,0,1,1,0,0
0,6,0,59,0,0,0,0,1,0,0
0,6,0,94,0,0,0,0,0,1,1
1,6,0,5,0,0,0,0,0,0,0
1,3,0,13,0,0,0,0,0,0,0
1,5,0,2,0,0,0,0,2,0,0
0,6,0,123,0,0,0,0,0,0,1
0,6,0,52,0,0,0,0,2,1,0
0,4,1,433,0,0,0,0,0,1,1
0,6,0,52,0,0,0,0,0,0,1
0,6,0,182,0,0,0,0,0,0,1
1,5,0,25,0,0,0,0,0,1,0
0,4,0,63,0,0,0,0,0,0,0
0,6,0,8,0,0,0,0,1,0,0
1,6,0,208,0,0,0,0,2,0,1
0,4,0,41,0,0,0,0,0,1,1
0,6,0,121,0,0,0,0,1,1,0
0,2,0,0,0,0,0,1,1,0,0
0,6,0,45,0,0,0,1,0,0,0
0,6,0,3,0,0,0,1,2,0,0
1,2,0,32,0,0,0,0,0,0,0
0,6,0,134,0,0,0,0,1,1,0
1,6,0,166,0,0,0,2,0,1,0
0,6,0,93,0,0,0,0,0,1,1
0,3,0,0,0,0,0,0,1,0,0
0,4,0,4,0,0,0,0,0,0,0
0,4,0,16,0,0,0,1,0,0,0
0,6,0,193,0,0,0,0,0,1,0
0,6,0,134,0,0,0,0,2,0,0
0,6,0,17,0,0,0,0,0,1,0
1,6,0,39,0,0,0,0,1,0,0
0,6,0,0,0,0,0,0,0,0,0
0,6,0,18,0,0,0,0,1,0,0
0,6,0,34,0,0,0,0,1,0,0
0,6,0,5,0,0,0,0,0,1,0
0,4,1,165,0,0,0,0,0,1,1
0,6,0,113,0,0,0,0,2,0,0
0,6,0,3,0,0,0,0,2,0,0
0,5,0,257,0,0,0,1,0,0,0
0,6,0,87,0,0,0,0,1,1,0
0,6,0,7,0,0,0,0,2,0,0
0,4,1,27,0,0,0,0,0,1,1
0,6,0,22,0,0,0,0,2,1,0
1,3,0,8,0,0,0,0,0,0,0
1,3,0,1,0,0,0,0,0,1,0
0,6,0,0,0,0,0,0,1,0,0
0,1,0,11,0,0,0,0,3,0,0
1,5,0,1,0,0,0,0,0,0,0
1,4,0,101,0,0,0,1,0,0,1
0,5,0,55,0,0,0,0,0,0,0
0,6,0,48,0,0,0,0,1,0,0
0,6,0,207,0,0,0,0,1,0,0
0,5,0,133,0,0,0,0,0,0,0
1,3,0,5,0,0,0,0,0,0,0
0,4,1,288,0,0,0,0,0,1,1
1,2,0,9,5,3,0,0,0,1,0
0,6,0,53,0,0,0,0,0,1,1
0,3,0,17,0,0,0,1,1,0,0
0,6,0,33,0,0,0,0,0,0,1
0,2,0,8,0,0,0,0,0,0,0
1,3,0,9,0,0,0,1,0,0,0
1,4,0,40,0,0,0,1,0,0,0
0,4,1,266,0,0,32,0,0,1,1
1,4,0,203,0,0,0,1,2,0,0
0,6,0,132,0,0,0,0,0,1,0
0,4,1,468,0,0,0,0,0,1,1
0,6,0,17,0,0,0,0,0,1,0
1,4,1,212,0,0,0,0,0,1,1
0,6,0,3,0,0,0,0,1,0,0
0,6,0,49,0,0,0,0,0,1,1
0,5,0,115,0,0,0,0,1,0,0
0,5,0,122,0,0,0,0,0,0,0
0,6,0,27,0,0,0,0,3,1,0
0,3,0,34,0,0,0,0,0,1,0
0,6,0,90,0,0,0,0,0,1,0
1,4,0,5,0,0,0,0,0,0,0
0,3,0,46,0,0,0,0,1,0,0
0,3,0,23,0,0,0,0,0,1,0
1,6,0,97,0,0,0,0,1,0,0
0,6,0,62,0,0,0,0,0,0,1
0,6,0,120,0,0,0,0,2,0,0
1,6,0,97,0,0,0,0,1,0,0
0,6,0,40,0,0,0,0,1,0,0
0,6,0,37,0,0,0,0,0,1,1
0,6,0,62,0,0,0,0,1,1,0
0,5,0,301,0,0,0,1,0,0,0
0,4,1,92,0,0,0,0,0,1,1
0,6,0,178,0,0,0,0,0,1,1
0,1,0,0,0,10,0,0,1,0,0
1,6,0,102,0,0,0,1,2,1,1
0,6,0,24,0,0,0,0,2,1,0
1,3,0,10,0,0,0,4,1,0,0
0,6,0,117,0,0,0,0,1,0,0
0,2,2,51,0,0,0,0,0,0,0
0,6,0,10,0,0,0,0,1,0,0
0,3,0,85,0,0,0,0,1,0,0
1,6,0,95,0,0,0,0,0,1,1
0,6,0,165,0,0,0,0,0,1,1
1,5,0,242,0,0,0,0,1,0,0
0,5,0,1,0,0,0,0,0,0,0
0,6,0,216,0,0,0,0,0,1,1
0,5,0,247,0,0,0,0,1,0,0
0,6,0,2,0,0,0,2,2,0,0
0,4,1,68,1,0,0,0,0,1,1
1,5,0,88,0,0,0,0,1,0,1
0,4,1,274,0,0,0,0,0,1,1
1,6,0,163,0,0,0,0,1,0,0
1,4,0,336,0,0,0,1,0,0,0
0,6,0,156,0,0,0,1,1,0,1
1,5,0,47,0,0,0,0,0,0,0
1,6,0,199,0,0,0,0,1,1,1
0,3,0,4,0,0,0,0,0,1,0
0,5,0,39,0,0,0,1,0,0,0
1,4,0,244,0,0,0,0,0,0,0
0,6,0,85,0,0,0,0,0,1,1
0,5,1,286,0,0,0,0,0,1,1
0,6,0,35,0,0,0,0,2,0,0
1,2,0,73,0,0,0,0,0,0,0
1,6,0,20,0,0,0,0,1,1,0
0,6,0,66,0,0,0,0,1,0,0
0,6,0,79,0,0,0,1,1,0,0
0,5,0,2,0,0,0,0,0,0,0
0,5,0,96,0,0,0,0,0,1,0
1,6,0,77,0,0,0,0,2,1,0
0,6,0,151,0,0,0,0,0,1,1
0,6,0,325,0,0,0,0,4,0,0
0,6,0,123,0,0,0,0,1,0,1
1,4,0,7,0,0,0,1,1,0,0
0,4,1,175,0,0,0,0,0,1,1
0,4,1,292,1,0,0,0,0,1,1
0,3,0,92,0,0,0,0,0,1,0
0,6,0,11,0,0,0,0,1,0,0
1,3,0,155,0,0,0,0,1,0,1
0,6,0,115,0,0,0,0,0,1,1
1,5,0,14,0,0,0,0,0,0,0
0,4,0,316,0,0,0,1,0,0,0
0,5,1,105,0,0,0,0,0,1,1
1,6,0,90,0,0,0,0,2,0,0
1,6,0,150,0,0,0,0,0,1,1
1,6,0,60,0,0,0,0,2,0,0
1,5,0,72,0,0,0,0,2,0,0
1,4,0,128,0,0,97,0,1,0,0
1,6,0,55,0,0,0,0,0,1,1
1,4,0,183,0,0,0,0,0,0,0
0,5,0,59,0,0,0,0,0,0,0
0,6,0,45,0,0,0,0,0,0,1
0,6,0,51,0,0,0,1,1,0,0
0,6,0,12,0,0,0,0,1,1,0
1,5,0,85,0,0,0,0,2,1,0
0,4,0,137,0,0,0,0,1,0,0
0,4,1,247,0,0,0,0,0,1,1
0,6,0,251,0,0,0,2,1,0,0
1,5,0,171,0,1,0,0,3,0,0
1,6,0,0,0,0,0,0,0,0,0
0,2,0,4,0,7,0,0,1,0,0
0,6,0,40,0,0,0,0,2,0,0
0,5,1,33,1,0,0,0,0,1,1
0,4,1,314,1,0,0,0,0,1,1
0,5,0,53,0,0,0,1,0,0,0
0,4,0,174,0,0,0,0,1,0,0
0,6,0,32,0,0,0,0,0,1,1
0,2,0,8,0,0,0,1,0,0,0
1,4,1,40,0,0,0,0,0,1,1
1,4,0,40,0,0,0,0,0,0,0
1,6,0,75,0,0,0,0,1,1,0
1,6,0,120,0,0,0,0,0,0,1
1,5,0,82,0,0,0,0,0,0,0
0,3,0,86,0,0,0,0,1,0,0
0,6,0,115,0,0,0,0,0,0,1
0,5,0,270,0,0,187,0,0,1,1
0,5,1,245,0,0,0,0,0,1,1
0,6,0,68,0,0,0,0,0,1,1
0,6,0,201,0,0,0,0,1,1,1
1,1,0,71,0,0,0,0,0,0,1
0,4,1,384,0,0,0,0,0,1,1
1,4,1,106,0,0,0,0,0,1,1
1,4,0,4,0,0,0,0,0,0,0
1,5,0,198,0,0,0,0,0,0,0
0,5,0,102,0,0,0,0,0,0,0
1,3,0,0,0,0,0,1,0,0,0
0,2,0,3,6,67,0,1,1,0,0
0,6,0,73,0,0,0,0,1,1,0
0,5,0,45,0,0,0,0,1,0,0
0,6,0,6,0,0,0,0,1,0,0
0,6,0,15,0,0,0,0,0,0,1
0,6,0,80,0,0,0,0,1,0,0
0,6,0,55,0,0,0,0,0,0,1
1,6,0,16,0,0,0,0,1,0,0
1,6,0,12,0,0,0,1,1,0,0
1,6,0,83,0,0,0,0,1,1,0
0,3,0,44,0,0,0,0,0,1,0
0,4,1,104,0,0,0,0,0,1,1
0,5,1,154,0,0,40,0,0,1,1
1,2,0,3,0,2,0,0,0,0,0
0,5,0,53,0,0,0,0,0,0,0
1,6,0,194,0,0,0,0,2,1,0
0,2,0,3,0,5,0,0,0,0,0
0,6,0,153,0,0,0,0,1,0,0
1,3,0,0,0,0,0,0,0,0,0
1,6,0,40,0,0,0,2,1,0,0
0,4,1,368,0,0,0,0,0,1,1
0,5,0,100,0,0,0,1,1,0,0
0,5,0,192,0,0,0,0,0,0,0
0,6,0,106,0,0,0,1,2,0,0
0,6,0,33,0,0,0,0,0,1,1
0,6,0,0,0,0,0,0,0,0,0
0,5,0,38,0,0,0,0,0,0,0
0,6,0,180,0,0,0,0,0,0,1
0,5,0,133,0,0,0,0,0,0,0
1,4,1,106,0,0,0,0,0,1,1
1,5,0,150,0,0,0,0,0,0,0
0,5,1,188,0,0,39,0,0,1,1
0,6,0,26,0,0,0,0,0,1,1
0,5,0,377,0,0,0,0,1,0,0
0,6,0,38,0,0,0,0,1,1,0
0,4,0,65,0,0,0,0,0,0,0
0,6,0,14,0,0,0,0,1,0,0
0,6,0,17,0,0,0,0,1,1,0
0,6,0,61,0,0,0,0,1,0,0
1,6,0,17,0,0,0,0,2,1,0
1,6,0,47,0,0,0,0,1,0,0
0,6,0,122,0,0,0,0,1,0,0
1,6,0,233,0,0,0,0,1,1,1
1,2,0,154,0,0,0,0,0,0,0
1,3,0,79,0,0,0,0,0,1,0
0,4,0,11,0,0,0,0,0,0,0
1,6,0,239,0,0,0,0,2,0,1
1,3,0,4,0,0,0,0,2,0,0
0,6,0,66,0,0,0,0,1,1,0
0,6,0,108,0,0,0,2,2,0,1
0,0,0,11,0,0,0,0,0,0,0
0,6,0,83,0,0,0,0,2,1,0
0,4,1,156,0,0,0,0,0,1,1
0,3,0,19,0,0,0,2,0,0,0
1,3,0,29,0,0,0,0,3,0,0
1,6,0,44,0,0,0,0,1,1,1
0,5,0,164,0,0,0,0,0,0,0
0,6,0,3,0,0,0,0,2,0,0
1,4,0,30,0,0,0,0,0,0,0
1,4,0,0,0,0,0,0,0,0,0
1,5,0,28,0,0,0,0,0,0,0
1,5,0,46,0,0,0,1,1,0,0
0,4,1,174,0,0,0,0,0,1,1
0,6,0,39,0,0,0,1,3,1,1
0,6,0,9,0,0,0,0,1,0,0
0,5,0,38,1,0,0,0,0,1,1
1,6,0,66,0,0,0,0,0,0,1
1,6,0,0,0,0,0,0,0,0,0
1,5,0,5,0,1,0,0,0,0,0
0,6,0,12,0,0,0,1,3,0,0
0,5,1,210,0,0,0,0,0,1,1
1,3,0,0,0,0,0,1,0,0,0
0,4,1,299,1,0,0,0,0,1,1
0,6,0,10,0,0,0,0,0,0,1
0,5,0,159,0,0,0,0,1,0,0
1,6,0,80,0,0,0,0,0,1,1
0,6,0,330,0,0,0,0,2,0,0
0,4,0,216,0,0,0,2,0,0,0
0,5,0,19,0,0,0,0,0,0,0
0,4,0,102,0,0,0,0,2,0,0
1,2,0,0,0,0,0,0,0,0,0
0,3,0,0,0,0,0,2,0,0,0
0,4,0,295,1,0,0,0,0,1,1
1,4,1,143,0,0,0,0,0,1,1
0,5,1,97,0,0,0,0,0,1,1
0,6,0,77,0,0,0,0,1,0,0
0,6,0,4,0,0,0,1,0,0,0
1,5,0,74,0,0,0,0,1,0,0
0,6,0,83,0,0,0,1,1,0,0
0,6,0,132,0,0,0,0,3,0,0
0,2,0,0,0,2,0,0,1,0,0
1,6,0,48,0,0,0,0,0,1,1
0,6,0,156,0,0,0,0,0,1,1
0,5,1,213,0,0,62,0,0,1,1
0,5,1,301,1,0,0,0,0,1,1
0,3,0,58,0,0,0,0,2,0,0
0,4,0,102,0,0,0,1,0,0,0
1,5,0,63,0,0,0,0,0,1,0
0,6,0,270,0,0,0,0,1,1,1
0,5,0,56,0,0,0,1,0,0,0
0,6,0,103,0,0,0,0,1,0,0
0,6,0,58,0,0,0,0,0,1,1
1,6,0,71,0,0,0,0,1,1,0
0,5,0,44,0,0,0,0,1,0,0
0,3,0,39,0,0,0,0,2,0,0
0,6,0,95,0,0,0,0,0,1,1
0,4,1,66,0,0,0,0,0,1,1
0,6,0,66,0,0,0,0,1,0,0
0,5,0,2,0,0,0,0,0,1,0
1,6,0,2,0,0,0,0,0,0,0
0,6,0,312,0,0,0,0,2,0,0
0,5,0,18,0,0,0,0,0,0,0
0,4,1,328,1,0,0,0,0,1,1
1,6,0,60,0,0,0,0,0,1,1
1,3,0,5,0,0,0,0,0,1,0
0,6,0,232,0,0,0,0,2,0,0
0,2,0,6,0,4,0,0,0,0,0
0,5,0,9,0,0,0,0,0,1,0
1,5,0,90,0,0,0,0,0,0,0
0,4,1,88,0,0,0,0,0,1,1
1,6,0,98,0,0,0,0,0,1,1
1,6,0,23,0,0,0,0,1,0,0
1,6,0,36,0,0,0,1,0,0,0
0,6,0,152,0,0,0,0,2,0,0
0,6,0,133,0,0,0,1,0,0,0
0,6,0,4,0,0,0,0,2,0,0
0,4,0,414,0,0,0,0,1,0,0
0,4,0,6,0,0,6,1,0,0,0
0,5,0,418,0,0,223,0,0,0,0
0,5,0,181,0,0,0,0,0,0,0
0,6,0,85,0,0,0,0,0,1,1
0,5,0,37,0,0,0,0,0,1,1
1,6,0,110,0,0,0,0,0,1,1
0,6,0,45,0,0,0,2,1,0,0
1,3,0,0,0,0,0,0,0,0,0
0,6,0,206,0,0,0,0,0,1,0
0,6,0,43,0,0,0,0,1,0,0
1,3,0,0,0,0,0,0,0,0,0
0,4,0,138,0,0,0,0,1,0,0
0,6,0,87,0,0,0,0,0,1,1
0,6,0,2,0,0,0,0,1,0,0
1,6,0,0,0,0,0,0,0,0,0
1,3,0,37,0,0,0,2,0,0,0
1,6,0,234,0,0,0,0,2,1,0
0,5,0,268,1,0,0,0,0,1,1
1,3,0,88,0,0,0,0,0,1,0
0,6,0,225,0,0,0,0,0,1,1
1,3,0,15,0,0,0,0,1,0,0
1,5,0,137,0,0,0,0,1,0,0
0,4,0,176,0,0,0,0,0,1,1
1,2,0,8,0,0,0,0,0,1,0
0,3,0,6,0,0,0,1,1,0,0
0,5,1,79,0,0,69,0,0,1,1
0,5,0,89,0,0,0,2,2,0,0
0,6,0,84,0,0,0,0,0,1,1
0,6,0,157,0,0,0,0,1,0,0
0,4,1,365,0,0,0,0,0,1,1
0,6,0,43,0,0,0,1,1,0,0
0,2,0,87,0,0,0,0,0,1,1
0,2,0,28,0,0,0,0,0,1,0
0,3,0,10,1,0,0,0,2,1,1
0,4,0,295,1,0,0,0,0,1,1
1,4,0,131,0,0,0,0,1,0,0
0,6,0,48,0,0,0,0,2,0,0
1,6,0,6,0,0,0,0,2,0,0
0,6,0,169,0,0,0,0,1,1,0
1,6,0,98,0,0,0,0,0,1,1
0,5,0,192,0,0,0,0,0,0,0
0,3,0,46,0,0,0,0,3,0,0
0,6,0,263,0,0,0,0,1,1,1
1,3,0,1,0,0,0,0,0,1,0
0,6,0,108,0,0,0,0,1,1,0
0,3,0,177,0,0,0,0,1,0,0
1,4,0,207,0,0,113,2,0,0,0
1,6,0,8,0,0,0,0,1,0,0
0,6,0,5,0,0,0,0,1,0,0
0,5,0,13,0,0,0,0,0,0,0
0,5,1,178,1,0,46,0,0,1,1
0,6,0,63,0,0,0,0,0,0,1
0,4,1,175,0,0,0,0,0,1,1
1,2,0,78,0,0,0,0,0,0,0
1,4,0,7,0,0,0,0,0,0,0
1,4,1,411,0,0,0,0,0,1,1
0,5,1,245,0,0,0,0,0,1,1
0,6,0,64,0,0,0,1,2,0,0
1,5,0,2,0,0,0,0,1,0,0
1,5,0,134,0,0,0,1,0,0,0
1,3,0,334,0,0,0,6,0,0,0
1,4,0,7,0,0,0,0,0,0,0
0,4,0,11,0,0,0,0,0,0,0
0,4,0,53,0,0,0,0,0,0,0
0,3,0,1,0,0,0,0,0,0,0
0,6,0,3,0,0,0,0,1,0,0
0,6,0,84,0,0,0,0,1,0,0
0,6,0,21,0,0,0,0,1,0,0
0,5,0,465,0,0,0,0,1,0,0
0,6,0,0,0,0,0,0,0,0,0
1,3,0,21,0,0,0,1,0,0,0
0,6,0,91,0,0,0,0,1,1,0
0,3,0,0,0,0,0,0,0,0,0
0,4,0,462,0,0,0,0,2,0,0
1,6,0,257,0,0,0,1,1,1,0
1,4,0,165,0,0,122,0,0,0,0
0,6,0,29,0,0,0,0,0,1,1
0,6,0,53,0,0,0,0,0,1,1
0,5,0,113,0,0,0,0,1,0,0
1,6,0,28,0,0,0,1,2,0,0
0,6,0,21,0,0,0,0,1,1,0
1,4,0,214,0,0,0,1,0,0,0
0,6,0,160,0,0,0,1,0,0,1
1,3,0,12,0,0,0,0,0,1,0
0,6,0,122,0,0,0,0,0,1,0
0,3,0,114,0,0,0,0,0,0,0
0,4,0,281,1,0,0,0,0,1,1
0,6,0,42,0,0,0,0,1,0,0
1,4,0,40,0,0,0,0,0,0,0
0,4,1,92,0,0,0,0,0,1,1
0,6,0,12,0,0,0,0,0,1,1
1,6,0,11,0,0,0,0,2,0,0
0,2,1,38,0,0,0,0,0,1,1
1,6,0,88,0,0,0,0,0,1,0
0,6,0,14,0,0,0,1,0,0,0
0,6,0,74,0,0,0,0,0,0,1
1,5,0,24,0,0,0,3,0,0,0
0,5,1,139,0,0,0,0,0,1,1
0,5,1,113,1,0,44,0,0,1,1
0,4,0,68,0,0,0,4,0,0,0
1,4,1,92,1,0,0,0,0,1,1
0,6,0,74,0,0,0,0,0,0,1
1,2,0,8,0,0,0,0,0,1,0
0,6,0,204,0,0,0,0,0,1,1
0,5,2,0,0,0,0,1,0,0,0
1,4,0,107,0,0,0,1,0,0,0
1,4,0,211,0,0,0,0,0,1,0
0,6,0,213,0,0,0,0,1,1,1
0,5,1,179,0,0,0,0,0,1,1
1,3,0,4,0,0,0,0,0,0,0
0,6,0,234,0,0,0,0,1,0,1
0,6,0,109,0,0,0,0,2,1,0
0,6,0,179,0,0,0,0,1,0,0
1,5,0,104,0,0,0,4,0,0,0
0,4,0,316,0,0,0,0,0,0,0
0,6,0,26,0,0,0,0,0,1,1
0,5,1,364,1,0,0,1,0,1,1
0,6,0,55,0,0,0,0,0,1,1
0,2,0,17,0,0,0,0,1,0,0
0,3,0,87,0,0,0,1,0,0,0
1,6,0,0,0,0,0,0,0,1,0
0,6,0,78,0,0,0,0,1,1,0
0,3,0,202,0,0,0,0,2,0,0
0,6,0,76,0,0,0,1,0,0,1
0,4,0,53,0,0,0,0,0,0,0
1,3,0,3,0,0,0,0,0,0,0
1,5,0,240,0,0,0,0,1,1,0
1,6,0,54,0,0,0,0,0,1,1
0,6,0,130,0,0,0,0,1,1,0
1,4,0,14,0,0,0,2,0,0,0
0,2,0,25,0,0,0,0,0,1,0
0,5,0,14,0,0,0,0,0,0,0
0,6,0,39,0,0,0,0,1,0,0
0,4,1,320,0,0,0,0,0,1,1
1,3,0,10,0,1,0,0,2,0,0
1,6,0,14,0,0,0,1,1,0,0
0,6,0,4,0,0,0,0,1,0,0
0,6,0,158,0,0,0,0,1,1,0
1,4,0,23,0,0,0,0,0,0,1
1,2,0,73,0,0,0,0,0,0,0
0,3,0,86,0,0,0,0,3,0,0
0,6,0,152,0,0,0,1,1,0,0
1,3,0,349,0,0,0,2,0,1,0
1,5,0,1,0,0,0,0,0,0,0
0,6,0,4,0,0,0,0,2,0,0
0,5,0,61,0,0,0,0,0,0,0
0,6,0,21,0,0,0,1,0,0,0
1,3,0,213,0,0,0,1,1,0,0
1,6,0,184,0,0,0,0,2,1,0
0,4,1,450,0,0,0,0,0,1,1
0,4,0,47,0,0,0,0,1,0,0
0,6,0,332,0,0,0,0,0,1,1
0,4,1,320,0,0,0,0,0,1,1
0,4,0,132,0,0,0,0,0,0,0
0,6,0,98,0,0,0,0,0,1,1
1,5,0,284,0,0,0,0,0,0,1
0,6,0,59,0,0,0,0,1,0,0
0,5,0,61,0,0,0,0,0,0,0
1,5,0,211,0,0,0,1,0,0,0
0,6,0,16,0,0,0,0,0,1,1
0,6,0,92,0,0,0,0,0,0,1
1,6,0,6,0,1,0,0,2,0,0
1,4,0,101,0,0,0,9,0,0,0
0,6,0,30,0,0,0,0,1,0,0
0,6,0,120,0,0,0,0,0,1,1
1,4,0,222,0,0,0,0,0,0,0
0,4,1,65,0,0,0,0,0,1,1
1,3,0,18,0,0,0,0,0,0,0
0,6,0,53,0,0,0,0,0,1,1
0,4,0,241,1,0,0,0,0,1,1
1,3,0,0,0,0,0,0,0,0,0
1,4,1,65,0,0,0,0,0,1,1
0,6,0,273,0,0,0,1,0,1,1
0,6,0,19,0,0,0,0,1,0,0
1,5,0,9,0,0,0,0,0,0,0
0,3,0,134,0,0,0,0,0,1,0
1,3,0,29,0,0,0,0,0,0,0
0,6,0,82,0,0,0,0,1,0,0
0,6,0,118,0,0,0,0,1,0,0
1,6,0,62,0,0,0,0,1,0,0
0,6,0,50,0,0,0,0,1,0,0
0,6,0,23,0,0,0,0,1,0,0
0,4,0,422,0,0,379,1,1,0,0
1,5,0,17,0,0,0,0,1,0,0
1,3,0,0,0,0,0,0,0,0,0
0,6,0,131,0,0,0,0,0,0,1
1,5,0,18,0,0,0,0,0,0,0
0,6,0,77,0,0,0,0,0,1,1
0,6,0,93,0,0,0,0,2,0,1
1,5,0,152,0,0,0,0,0,0,0
0,6,0,24,0,0,0,0,1,0,0
0,4,0,158,0,0,0,0,1,0,0
0,4,1,304,1,0,0,0,0,1,1
0,6,0,270,0,0,0,2,1,0,0
0,6,0,190,0,0,0,0,1,1,0
1,3,0,16,0,0,0,0,1,0,0
0,6,0,3,0,0,0,0,1,0,0
1,6,0,78,0,0,0,1,2,1,0
1,2,0,8,0,1,0,0,0,0,0
0,6,0,223,0,0,0,0,0,1,1
1,6,0,66,0,0,0,0,1,1,0
0,5,0,54,0,0,0,2,0,0,0
0,3,0,0,0,0,0,1,0,0,0
0,6,0,12,0,0,0,0,0,0,1
1,5,0,29,0,0,0,0,1,0,0
0,6,0,14,0,0,0,0,1,0,0
0,6,0,1,0,0,0,0,1,0,0
1,6,0,73,0,0,0,0,1,0,0
0,5,0,31,0,0,0,0,0,0,0
0,5,1,279,0,0,0,0,0,1,1
1,2,0,8,0,0,0,0,0,1,0
0,6,0,131,0,0,0,2,1,1,1
0,6,0,126,0,0,0,0,1,0,0
0,3,0,0,0,0,0,2,0,0,0
1,6,0,80,0,0,0,0,2,0,1
1,5,1,260,1,0,0,0,0,1,1
0,6,0,55,0,0,0,0,1,1,0
1,6,0,1,0,0,0,0,1,0,0
1,3,0,1,0,0,0,0,0,0,0
1,6,0,5,0,2,0,0,1,0,0
0,4,0,98,0,0,0,0,0,0,0
0,6,0,46,0,0,0,0,1,0,0
0,3,0,20,1,8,0,0,2,0,0
1,3,0,0,0,3,0,1,0,0,0
1,6,0,0,0,0,0,0,1,0,0
0,5,0,2,0,0,0,0,0,0,0
0,6,0,219,0,0,0,0,1,0,0
0,6,0,71,0,0,0,0,1,0,0
0,6,0,46,0,0,0,0,2,0,0
0,5,1,273,0,0,0,0,0,1,1
0,6,0,80,0,0,0,0,1,1,0
0,6,0,5,0,0,0,1,2,0,0
1,6,0,52,0,0,0,0,1,0,0
0,4,1,337,0,0,0,0,0,1,1
1,3,0,0,0,0,0,0,0,0,0
0,3,0,1,0,0,0,0,1,0,0
0,6,0,112,0,0,0,0,1,1,0
1,6,0,16,0,0,0,0,3,0,0
0,6,0,18,0,0,0,0,0,0,1
1,6,0,6,0,0,0,0,1,0,0
1,6,0,0,0,0,0,0,0,0,0
0,5,1,233,1,0,0,0,0,1,1
1,6,0,15,0,0,0,0,1,1,0
0,5,0,3,0,0,0,0,0,1,0
0,6,0,42,0,0,0,0,0,1,1
1,4,1,378,0,0,0,0,0,1,1
0,6,0,10,0,0,0,0,1,1,0
0,6,0,8,0,0,0,0,0,0,0
0,5,0,58,0,0,0,1,0,1,0
0,4,1,87,0,0,0,0,0,1,1
1,3,0,228,0,0,0,0,1,1,1
1,4,0,152,0,0,0,3,0,0,0
1,2,0,4,0,5,0,0,0,0,0
1,6,0,210,0,0,0,0,0,1,1
0,6,0,0,0,0,0,0,0,0,0
1,6,0,73,0,0,0,0,1,0,0
0,5,0,65,0,0,0,0,0,0,0
1,4,0,336,0,0,0,0,0,0,0
0,6,0,15,0,0,0,0,1,0,0
1,5,0,239,0,0,0,1,0,0,0
1,5,0,178,0,0,0,0,0,0,0
0,6,0,14,0,0,0,0,0,1,1
0,3,0,101,0,0,0,0,1,0,1
0,6,0,113,0,0,0,0,0,0,1
1,3,0,13,0,0,0,0,3,0,0
0,4,0,315,0,0,38,0,1,0,0
0,4,1,262,1,0,0,0,0,1,1
1,6,0,300,0,0,0,0,1,0,0
1,5,0,204,0,0,0,0,0,0,0
0,5,0,1,0,0,0,0,0,0,0
1,2,0,0,0,2,0,0,0,0,0
1,5,0,76,0,0,0,0,3,0,0
0,4,1,56,0,0,0,0,0,1,1
1,6,0,0,0,2,0,0,0,0,0
1,5,0,3,0,0,0,0,1,0,0
0,6,0,72,0,0,0,0,2,0,0
0,6,0,132,0,0,0,0,0,1,0
0,4,0,147,1,0,0,0,0,1,1
0,6,0,214,0,0,0,1,1,0,0
0,6,0,51,0,0,0,0,1,0,0
1,6,0,8,0,0,0,0,0,1,0
0,6,0,61,0,0,0,0,0,1,1
0,6,0,133,0,0,0,0,1,0,0
0,6,0,51,0,1,0,0,1,0,0
0,4,1,311,1,0,0,0,0,1,1
0,5,1,169,0,0,0,0,0,1,1
0,2,0,0,0,0,0,1,1,0,0
1,5,0,20,0,0,0,1,1,0,0
1,5,0,6,0,0,0,0,0,0,0
1,4,0,22,0,0,0,0,0,0,0
0,4,1,157,0,0,0,0,0,1,1
0,5,0,273,1,0,0,0,0,1,1
1,5,0,210,0,0,0,0,1,0,1
0,4,0,138,0,0,0,0,1,0,0
0,6,0,111,0,0,0,0,0,0,1
1,2,0,0,0,0,0,0,0,0,0
0,2,0,13,0,0,0,0,0,0,0
0,4,1,304,1,0,0,0,0,1,1
0,6,0,132,0,0,0,2,1,1,1
0,5,0,121,0,0,0,0,0,0,0
1,5,0,116,0,0,0,0,1,1,0
0,4,0,46,0,0,0,0,0,1,1
1,5,0,161,0,0,0,0,1,0,0
1,6,0,358,0,0,0,0,0,1,1
1,6,0,5,0,0,0,0,1,0,0
1,6,0,2,0,0,0,0,1,0,0
0,4,1,97,0,0,0,0,0,1,1
0,3,0,8,0,0,0,0,1,1,0
0,3,0,0,0,0,0,0,0,0,0
0,4,0,111,0,0,0,0,1,0,0
1,3,0,44,0,0,0,0,0,0,0
0,5,0,57,0,0,0,0,1,0,0
0,4,0,115,0,0,0,0,0,0,0
1,6,0,28,0,0,0,0,0,0,0
0,6,0,79,0,0,0,0,1,1,0
0,6,0,107,0,0,0,1,1,1,0
0,6,0,36,0,0,0,0,1,0,0
1,4,0,155,0,0,0,0,0,0,0
1,6,0,13,0,0,0,0,1,1,0
0,5,0,72,0,0,0,0,0,1,0
0,6,0,49,0,0,0,0,1,0,0
1,5,0,88,0,0,0,0,0,0,0
0,6,0,27,0,0,0,0,2,1,0
1,4,0,386,0,0,0,0,0,1,0
1,4,0,128,0,0,0,0,0,1,1
0,6,0,1,0,0,0,0,1,0,0
0,4,0,279,1,0,0,0,0,1,1
0,5,0,40,0,0,0,0,2,0,0
0,4,0,84,0,0,0,0,0,0,0
0,6,0,134,0,0,0,1,2,0,0
1,1,0,7,0,0,0,1,2,0,0
1,4,1,245,1,0,0,0,0,1,1
0,4,0,279,1,0,0,0,0,1,1
0,5,0,20,0,0,0,0,0,1,0
1,1,0,14,0,0,0,0,1,0,0
0,6,0,55,0,0,0,0,1,0,0
0,6,0,68,0,0,0,0,0,0,1
0,4,1,126,0,0,39,0,0,1,1
0,6,0,130,0,0,0,0,0,1,1
0,6,0,111,0,0,0,0,2,0,0
1,6,0,51,0,0,0,0,2,0,0
0,4,0,151,0,0,0,1,1,0,0
1,3,0,78,0,0,0,0,0,0,0
1,6,0,3,0,0,0,0,2,0,0
0,6,0,45,0,0,0,0,0,1,1
1,6,0,140,0,0,0,0,0,0,1
0,6,0,84,0,0,0,0,0,1,1
1,3,0,119,0,0,0,0,2,0,0
1,6,0,3,0,0,0,0,1,0,0
0,4,1,32,0,0,0,0,0,1,1
0,5,0,36,0,0,0,0,0,0,0
0,3,0,2,0,0,0,0,0,0,0
0,5,0,112,0,0,0,1,1,0,0
0,3,0,193,0,0,0,0,2,0,0
0,6,0,41,0,0,0,0,0,0,1
0,3,0,215,0,0,0,4,0,1,0
0,6,0,33,0,0,0,0,1,1,0
0,5,1,373,0,0,0,0,0,1,1
1,6,0,40,0,0,0,0,2,0,0
0,2,0,31,0,0,0,0,0,1,0
1,6,0,75,0,0,0,0,1,0,0
0,4,0,4,0,0,0,0,0,0,0
0,5,0,2,0,0,0,1,0,0,0
0,6,0,215,0,0,0,0,1,0,0
1,6,0,293,0,0,0,0,2,1,0
0,3,0,11,0,0,0,0,2,1,0
0,3,0,170,0,0,0,0,1,0,0
0,6,0,200,0,0,0,0,1,1,0
0,2,0,8,0,0,0,0,0,0,0
1,6,0,264,0,0,0,0,4,0,0
0,6,0,292,0,0,0,0,1,0,0
0,6,0,36,0,0,0,0,2,1,0
1,4,0,96,0,0,0,0,0,0,0
0,4,1,104,0,0,0,0,0,1,1
0,6,0,194,0,0,0,0,0,1,1
0,4,0,12,0,0,0,0,0,0,0
0,5,0,3,0,0,0,0,0,0,0
1,3,0,0,0,0,0,0,0,0,0
0,5,0,3,0,0,0,0,1,0,0
1,6,0,220,0,0,0,0,1,0,0
1,3,0,0,0,0,0,0,0,0,0
0,4,0,8,0,0,0,0,0,0,0
1,3,0,56,0,0,0,2,2,0,0
0,2,0,3,0,5,0,1,1,0,0
1,4,1,106,0,0,0,0,0,1,1
0,3,0,0,0,0,0,0,0,0,0
0,4,1,339,1,0,0,0,0,1,1
0,3,0,30,0,0,0,0,0,1,1
1,5,0,151,0,0,0,0,0,0,0
1,6,0,1,0,0,0,0,3,0,0
0,6,0,14,0,0,0,1,0,0,0
1,6,0,32,0,0,0,0,1,1,0
0,6,0,64,0,0,0,0,0,1,1
0,5,0,54,0,0,0,0,0,0,0
0,5,0,198,0,0,0,0,0,0,0
0,6,0,40,0,0,0,0,1,0,0
0,5,0,26,0,0,0,0,0,0,0
0,6,0,2,0,0,0,0,0,0,0
0,6,0,64,0,0,0,1,0,1,0
0,6,0,28,0,0,0,0,1,0,0
1,6,0,0,0,0,0,6,1,0,0
1,4,1,197,0,0,0,0,0,1,1
0,2,0,5,0,0,0,0,0,0,0
0,6,0,176,0,0,0,1,0,0,0
1,3,0,47,0,0,0,2,0,0,0
0,3,0,136,0,0,0,1,2,0,0
0,5,0,377,0,0,0,0,1,0,0
0,3,1,163,0,0,0,0,0,1,1
0,5,0,50,0,0,0,0,0,0,0
0,4,1,277,0,0,0,0,0,1,1
0,6,0,40,0,0,0,0,1,0,0
1,6,0,143,0,0,0,0,1,1,0
1,5,0,2,0,0,0,0,0,0,0
0,6,0,249,0,0,0,1,1,1,0
0,5,0,270,0,0,187,0,0,1,1
0,6,0,121,0,0,0,0,0,1,1
0,6,0,143,0,0,0,1,1,0,0
0,3,0,0,0,0,0,2,0,0,0
0,6,0,231,0,0,0,0,1,0,0
0,6,0,26,0,0,0,0,1,1,0
1,6,0,232,0,0,0,0,2,0,0
0,3,0,125,0,0,0,0,1,1,0
0,5,1,250,0,0,0,0,0,1,1
1,6,0,15,0,0,0,1,2,0,0
0,5,1,308,0,0,0,0,0,1,1
0,4,1,97,0,0,0,0,0,1,1
0,6,0,93,0,0,0,0,0,1,1
0,2,0,2,5,53,0,0,2,0,0
1,3,0,0,0,0,0,0,0,0,0
1,6,0,22,0,0,0,0,1,0,0
0,6,0,43,0,0,0,0,0,0,1
0,4,1,198,0,0,0,0,0,1,1
0,5,0,273,0,0,0,0,0,0,0
0,5,0,74,0,0,0,0,0,0,0
0,2,0,0,0,0,0,0,0,0,0
0,6,0,3,0,0,0,0,1,0,0
0,6,0,146,0,0,0,0,1,0,0
1,5,0,104,0,0,0,0,0,1,0
1,3,0,12,0,0,0,0,0,1,0
0,6,0,195,0,0,0,0,4,0,1
0,6,0,17,0,0,0,0,1,0,0
0,6,0,5,0,0,0,0,0,1,0
0,6,0,42,0,0,0,0,0,1,1
1,6,0,92,0,0,0,2,0,0,0
0,4,0,69,0,0,58,0,0,0,0
1,4,0,22,0,0,0,0,0,1,0
1,3,0,50,0,0,0,0,0,0,0
0,4,1,272,1,0,41,0,0,1,1
1,6,0,39,0,0,0,0,1,0,0
1,5,0,43,0,0,0,0,1,1,0
0,3,0,31,0,2,0,1,2,1,0
0,6,0,32,0,0,0,0,0,1,1
0,6,0,60,0,0,0,0,0,1,1
0,6,0,228,0,0,0,2,1,0,0
1,6,0,158,0,0,0,0,2,1,0
0,6,0,101,0,0,0,0,3,0,0
1,3,0,0,0,0,0,0,0,0,0
0,4,0,330,1,0,0,0,0,1,1
1,6,0,8,0,0,0,0,1,0,0
1,5,0,98,0,0,0,0,0,0,0
0,4,0,316,0,0,0,0,0,0,0
1,6,0,70,0,0,0,0,1,0,0
1,6,0,16,0,1,0,0,1,0,0
0,6,0,22,0,0,0,0,2,0,0
1,6,0,196,0,0,0,0,1,0,0
1,6,0,47,0,0,0,0,1,0,0
0,4,1,454,0,0,0,0,0,1,1
0,6,0,122,0,0,0,1,1,0,0
1,2,0,33,0,0,0,0,0,0,0
0,6,0,115,0,0,0,2,1,0,0
1,5,1,267,1,0,0,0,0,1,1
1,4,0,468,0,0,0,0,0,1,0
0,6,0,220,0,0,0,1,1,0,0
0,6,0,16,0,0,0,0,2,0,0
1,5,0,252,0,0,0,0,2,0,0
0,5,1,275,0,0,0,0,0,1,1
0,2,1,172,0,0,0,1,0,0,0
0,6,0,25,0,0,0,0,0,1,0
1,6,0,13,0,0,0,0,1,0,0
0,5,0,90,0,0,0,0,1,0,0
0,6,0,227,0,0,0,0,1,1,1
0,6,0,2,0,0,0,2,0,0,0
0,4,0,70,0,0,0,0,0,0,0
0,4,0,1,0,0,0,0,0,0,0
0,5,1,146,1,0,28,0,0,1,1
1,5,1,244,19,0,0,0,0,1,1
0,6,0,22,0,0,0,0,1,0,0
0,5,0,73,0,0,0,0,0,1,0
0,4,1,92,0,0,0,0,0,1,1
0,2,0,7,1,22,0,0,2,0,0
1,5,0,1,0,0,0,0,0,0,0
0,3,0,0,0,0,0,1,0,0,0
0,5,0,386,0,0,0,0,1,1,0
0,4,1,55,0,0,0,0,0,1,1
1,5,0,4,0,0,0,0,0,0,0
0,6,0,126,0,0,0,0,2,0,0
0,6,0,54,0,0,0,0,1,0,0
0,6,0,23,0,0,0,0,1,0,0
1,5,0,36,0,0,0,1,0,0,0
1,4,0,7,0,0,0,0,0,0,0
1,6,0,1,0,7,0,0,3,0,0
0,4,0,226,0,0,96,0,1,0,0
1,6,0,2,0,0,0,0,1,0,0
0,6,0,41,0,0,0,0,0,0,1
1,6,0,52,0,0,0,0,2,1,0
1,6,0,68,0,0,0,0,0,1,1
0,6,0,200,0,0,0,0,0,1,1
0,5,0,364,0,0,0,0,0,1,1
0,5,0,0,0,0,0,1,0,0,0
0,6,0,163,0,0,0,0,1,0,0
0,6,0,8,0,0,0,0,3,0,0
0,6,0,127,0,0,0,0,0,0,1
0,3,0,165,0,0,0,0,2,1,0
0,3,0,45,0,0,0,0,0,1,1
1,2,0,8,0,1,0,0,0,0,0
0,6,0,98,0,0,0,0,0,0,1
1,5,0,145,0,0,0,0,0,0,0
0,4,0,302,1,0,0,0,0,1,1
0,6,0,53,0,0,0,0,4,0,0
0,5,0,162,0,0,0,0,0,0,0
0,6,0,179,0,0,0,0,0,1,1
0,5,0,377,0,0,0,0,1,0,0
1,6,0,205,0,0,0,0,2,0,1
0,6,0,75,0,0,0,0,1,1,0
1,5,0,151,0,0,0,0,0,0,0
0,6,0,54,0,0,0,0,0,1,1
1,6,0,0,0,0,0,0,1,0,0
1,6,0,15,0,0,0,0,2,0,0
0,6,0,69,0,0,0,0,2,0,0
0,4,0,72,0,0,58,0,1,0,0
0,3,0,84,0,0,0,2,0,0,0
0,5,0,230,0,0,0,0,0,0,1
0,6,0,40,0,0,0,0,1,1,0
0,4,1,67,0,0,0,0,0,1,1
0,6,0,1,0,0,0,0,2,0,0
0,6,0,48,0,0,0,0,0,1,0
0,3,0,1,0,0,0,0,0,1,0
1,5,0,86,0,0,0,1,1,0,0
0,6,0,110,0,0,0,0,0,1,1
0,5,1,150,0,0,0,0,0,1,1
1,4,1,103,0,0,0,0,0,1,1
0,6,0,70,0,0,0,0,2,0,0
0,4,1,278,1,0,0,0,0,1,1
0,5,1,112,0,0,0,0,0,1,1
0,2,0,23,1,19,0,0,2,0,0
1,2,0,0,0,1,0,0,1,0,0
0,6,0,164,0,0,0,1,1,0,0
0,6,0,48,0,0,0,0,2,0,0
0,6,0,22,0,0,0,0,1,0,0
0,6,0,45,0,0,0,0,2,1,0
0,6,0,0,0,0,0,0,0,0,0
0,3,0,116,0,0,0,0,0,0,1
0,6,0,43,0,0,0,0,1,0,0
1,6,0,199,0,0,0,0,0,1,1
0,6,0,119,0,0,0,0,0,0,0
0,5,0,50,0,0,0,0,0,0,0
0,5,0,146,0,0,99,0,0,0,0
0,6,0,1,0,0,0,0,0,0,0
1,6,0,44,0,0,0,0,0,1,1
0,2,0,5,0,0,0,1,0,0,0
1,5,0,164,0,0,0,0,1,0,0
1,4,1,393,0,0,0,0,0,1,1
1,2,0,3,1,6,0,4,0,0,0
0,6,0,90,0,0,0,0,0,1,0
1,5,0,82,0,0,0,0,0,0,0
1,5,0,106,0,0,0,0,1,0,0
0,6,0,11,0,0,0,0,1,1,0
0,6,0,10,0,0,0,0,1,1,0
1,6,0,7,0,0,0,0,2,0,0
1,6,0,56,0,0,0,0,0,1,1
1,3,0,217,0,0,0,1,0,0,0
0,3,0,12,0,0,0,1,0,0,0
0,6,0,25,0,0,0,0,2,0,0
1,4,0,287,0,0,0,1,0,0,0
1,6,0,163,0,0,0,0,2,0,0
0,6,0,18,0,0,0,0,0,1,1
0,5,0,94,0,0,0,0,0,0,0
0,6,0,39,0,0,0,0,1,0,0
0,6,0,1,0,0,0,0,0,0,0
0,6,0,45,0,0,0,0,1,0,0
0,5,1,329,1,0,0,0,0,1,1
1,6,0,302,0,0,0,0,2,1,1
0,6,0,1,0,0,0,0,0,0,0
0,5,0,80,0,0,50,0,0,0,0
0,4,1,350,0,0,0,0,0,1,1
0,5,0,56,0,0,0,0,0,0,0
1,3,0,5,0,2,0,0,2,0,0
0,4,0,95,0,0,0,0,1,0,0
0,4,1,173,0,0,0,0,0,1,1
0,5,1,33,1,0,0,0,0,1,1
0,2,0,1,0,0,0,0,1,0,0
0,5,0,141,0,0,0,0,1,0,0
0,6,0,110,0,0,0,0,0,1,1
1,6,0,17,0,0,0,0,0,1,1
0,5,0,14,0,0,0,0,0,0,0
0,4,0,330,1,0,0,0,0,1,1
0,6,0,2,0,0,0,0,0,1,0
0,5,1,279,0,0,0,0,0,1,1
0,4,1,68,1,0,0,0,0,1,1
0,5,1,34,1,0,0,0,0,1,1
0,6,0,146,0,0,0,1,0,0,0
0,6,0,15,0,0,0,0,2,0,0
0,6,0,52,0,0,0,0,1,0,0
0,5,0,418,0,0,223,0,0,0,0
1,6,0,43,0,0,0,0,1,1,0
0,6,0,84,0,0,0,0,1,1,0
0,6,0,220,0,0,0,2,1,0,1
0,6,0,12,0,0,0,0,0,0,1
1,3,0,0,0,1,0,0,0,0,0
1,6,0,131,0,0,0,0,0,1,1
0,4,1,66,0,0,0,0,0,1,1
0,5,0,32,0,0,0,0,0,0,0
0,5,1,275,0,0,69,0,0,1,1
1,4,0,45,0,0,0,0,0,0,1
0,6,0,140,0,0,0,0,2,0,0
1,6,0,30,0,0,0,0,0,0,1
0,4,0,98,0,0,0,0,0,1,0
1,6,0,0,0,0,0,0,1,0,0
0,5,1,99,0,0,0,0,0,1,1
1,6,0,157,0,0,0,0,2,0,1
0,6,0,44,0,0,0,0,0,1,1
1,2,0,6,0,0,0,0,0,0,0
1,6,0,1,0,0,0,0,0,0,0
0,3,0,67,0,0,0,0,0,0,0
0,6,0,8,0,0,0,0,0,0,0
0,6,0,4,0,0,0,0,1,0,0
1,6,0,248,0,0,0,0,0,1,1
1,2,0,2,0,4,0,0,1,0,0
1,6,0,17,0,0,0,0,1,1,0
0,5,0,289,0,0,0,0,0,0,0
0,6,0,5,0,0,0,1,2,0,0
1,5,0,5,0,0,0,0,0,0,0
0,5,0,163,0,0,0,0,1,0,0
0,4,1,247,0,0,0,0,0,1,1
0,4,0,198,0,0,0,0,0,1,0
0,5,0,94,0,0,0,0,0,1,0
0,3,0,51,0,0,0,0,0,0,0
0,0,0,13,0,0,0,2,0,0,0
1,5,0,266,0,0,0,0,0,0,0
1,3,0,10,0,0,0,0,2,0,0
0,4,1,433,0,0,0,0,0,1,1
0,6,0,214,0,0,0,0,0,1,1
0,6,0,32,0,0,0,0,2,0,0
0,3,0,271,0,0,0,0,0,0,0
1,6,0,114,0,0,0,0,1,0,1
0,6,0,67,0,0,0,0,0,1,1
0,6,0,34,0,0,0,1,2,0,0
1,6,0,90,0,0,0,0,0,1,0
1,6,0,20,0,0,0,0,2,1,0
0,6,0,10,0,0,0,0,0,1,1
1,3,0,1,0,0,0,0,1,0,0
0,6,0,265,0,0,0,0,0,1,1
0,6,0,18,0,0,0,0,1,0,0
0,6,0,1,0,0,0,0,1,0,0
1,6,0,16,0,0,0,0,1,0,0
0,6,0,37,0,0,0,0,0,1,1
1,6,0,145,0,0,0,0,2,1,1
0,4,0,286,0,0,176,1,1,0,0
0,4,0,409,0,0,0,0,2,0,0
1,3,0,0,0,0,0,0,0,0,0
0,6,0,27,0,0,0,0,1,0,0
1,6,0,0,0,1,0,1,0,0,0
1,5,0,41,0,0,0,2,0,0,0
0,5,1,178,1,0,46,0,0,1,1
1,6,0,53,0,0,0,2,2,0,0
1,4,0,74,0,0,0,2,0,0,0
0,5,0,88,0,0,0,0,0,0,0
0,5,0,115,0,0,0,0,2,0,0
1,6,0,190,0,0,0,0,0,1,1
0,6,0,44,0,0,0,0,0,0,1
0,4,1,391,0,0,0,0,0,1,1
1,6,0,27,0,0,0,0,2,0,0
0,6,0,127,0,0,0,0,1,1,0
0,6,0,38,0,0,0,0,1,0,0
0,5,0,105,0,0,0,0,0,1,0
0,6,0,30,0,0,0,0,1,0,0
0,3,0,4,0,0,0,0,2,0,0
0,5,0,92,0,0,0,0,0,0,0
1,5,0,249,0,0,0,1,4,0,0
0,6,0,76,0,0,0,2,1,0,0
0,3,0,56,0,0,0,0,1,0,0
0,6,0,104,0,0,0,0,0,0,1
0,6,0,73,0,0,0,0,2,0,0
0,5,0,33,0,0,0,0,0,0,0
0,6,0,208,0,0,0,0,2,0,0
0,4,0,189,0,0,0,0,0,0,0
0,5,0,307,0,0,0,1,0,0,0
1,5,0,4,0,0,0,0,0,0,0
0,6,0,49,0,0,0,0,0,1,1
0,3,0,8,0,0,0,0,0,0,0
1,6,0,2,0,0,0,0,2,0,0
0,5,1,286,0,0,0,0,0,1,1
0,6,0,21,0,0,0,0,0,0,1
0,3,0,100,0,0,0,2,0,0,0
0,4,1,186,0,0,0,0,0,1,1
0,4,1,318,1,0,0,0,0,1,1
1,5,0,13,0,0,0,0,0,1,0
0,4,0,215,0,0,0,1,0,0,0
1,6,0,7,0,0,0,0,0,1,0
0,6,0,1,0,0,0,0,0,0,0
0,4,1,184,0,0,0,0,0,1,1
0,6,0,0,0,0,0,0,0,0,0
0,6,0,25,0,0,0,0,1,0,0
0,6,0,127,0,0,0,0,2,0,0
0,6,0,147,0,0,0,0,1,0,0
0,6,0,19,0,0,0,0,0,0,1
0,6,0,123,0,0,0,0,0,0,1
0,6,0,150,0,0,0,0,1,0,0
1,4,0,386,0,0,0,1,0,0,0
1,6,0,125,0,0,0,0,0,0,1
0,2,0,23,0,0,0,0,0,0,0
1,5,0,2,0,0,0,0,1,1,0
0,6,0,96,0,0,0,0,1,1,0
0,4,0,351,1,0,0,0,0,1,1
0,6,0,8,0,0,0,1,3,0,0
0,4,0,263,0,0,0,0,1,0,0
0,6,0,94,0,0,0,2,1,0,0
0,5,1,245,0,0,0,0,0,1,1
0,6,0,40,0,0,0,0,1,0,0
0,6,0,57,0,0,0,0,1,0,0
1,6,0,1,0,0,0,0,1,0,0
0,4,0,79,0,0,0,0,0,0,0
0,4,1,297,1,0,0,0,0,1,1
0,3,0,0,0,0,0,0,1,0,0
1,3,0,113,0,0,0,0,3,0,0
1,3,0,158,0,0,0,0,1,0,1
0,3,0,48,0,0,0,0,0,0,0
1,6,0,4,0,0,0,0,2,0,0
0,3,0,73,0,0,0,0,0,0,0
0,6,0,113,0,0,0,0,0,1,1
0,6,0,41,0,0,0,0,1,0,0
0,4,1,50,0,0,0,0,0,1,1
1,6,0,89,0,0,0,0,1,0,0
0,6,0,183,0,0,0,0,0,1,1
0,5,0,32,1,0,0,0,0,1,1
0,2,0,1,0,0,0,0,0,0,0
0,6,0,91,0,0,0,0,0,1,1
0,4,1,440,0,0,0,0,0,1,1
1,3,0,10,0,0,0,0,0,0,0
1,2,0,36,0,0,0,2,0,0,0
0,4,0,18,0,0,0,0,0,0,0
1,5,0,13,0,0,0,0,0,0,0
1,5,0,25,0,0,0,0,0,0,0
0,4,1,97,0,0,0,0,0,1,1
0,6,0,20,0,0,0,0,0,0,1
0,2,0,182,0,0,0,0,0,0,1
0,5,0,58,1,0,0,0,0,1,1
0,6,0,159,0,0,0,0,1,0,0
1,5,0,48,0,0,0,1,0,0,0
0,6,0,160,0,0,0,0,1,0,0
0,4,1,277,0,0,0,0,0,1,1
0,6,0,189,0,0,0,0,1,0,0
0,6,0,134,0,0,0,0,0,0,1
1,4,0,40,0,0,0,1,0,0,0
0,5,1,78,0,0,0,0,0,1,1
1,5,0,207,1,0,0,0,0,1,1
1,6,0,177,1,0,0,0,1,1,1
0,6,0,5,0,0,0,0,0,1,0
1,5,0,202,1,0,0,0,1,1,1
0,4,1,384,0,0,0,0,0,1,1
1,3,0,11,0,0,0,1,0,0,0
1,4,0,58,0,0,0,0,2,0,0
0,6,0,0,0,0,0,0,1,0,0
0,6,0,128,0,0,0,0,1,0,0
0,6,0,90,0,0,0,0,3,0,0
0,4,1,334,1,0,0,0,0,1,1
0,5,0,64,0,0,0,0,0,0,0
0,5,0,69,1,0,0,0,0,1,1
1,6,0,56,0,0,0,0,3,0,0
1,4,0,241,0,0,0,0,0,0,0
0,6,0,2,0,0,0,0,0,0,0
1,6,0,104,0,0,0,2,2,0,1
0,3,0,55,0,0,0,0,0,0,0
1,2,0,16,0,0,0,0,0,1,0
0,6,0,135,0,0,0,0,3,0,0
1,6,0,59,0,0,0,0,0,1,1
0,6,0,51,0,0,0,1,1,0,0
1,6,0,15,0,0,0,1,2,1,0
0,4,0,18,0,0,0,0,1,0,0
0,5,0,59,0,0,0,0,0,0,0
1,6,0,0,0,0,0,0,0,0,0
0,6,0,71,0,0,0,0,2,0,0
0,6,0,8,0,0,0,0,0,1,0
1,6,0,117,0,0,0,0,1,1,0
1,4,0,40,0,0,0,0,0,0,0
0,6,0,249,0,0,0,0,1,0,0
1,6,0,12,0,0,0,0,1,0,0
0,3,0,0,0,0,0,0,0,1,0
1,5,0,56,0,0,0,0,0,0,0
0,6,0,212,0,0,0,0,0,1,1
0,6,0,20,0,0,0,0,1,0,0
1,6,0,11,0,0,0,0,1,0,0
0,3,0,1,0,0,0,1,0,0,0
0,6,0,25,0,0,0,0,1,0,0
0,4,1,87,0,0,0,0,0,1,1
1,6,0,14,0,0,0,0,1,0,0
0,6,0,14,0,0,0,0,0,0,1
0,6,0,54,0,0,0,0,1,0,0
0,6,0,37,0,0,0,0,0,0,1
0,6,0,11,0,0,0,0,1,0,0
0,6,0,31,0,0,0,0,2,0,0
0,4,1,168,0,0,0,0,0,1,1
0,4,0,98,0,0,0,0,0,0,0
1,5,0,1,0,0,0,0,0,0,0
0,5,0,151,0,0,63,0,0,1,1
0,4,0,95,0,0,0,0,0,0,1
0,2,0,10,0,0,0,0,0,0,0
0,5,0,121,0,0,0,0,0,0,0
0,4,0,451,0,0,0,0,0,1,1
0,5,1,233,1,0,0,0,0,1,1
1,6,0,11,0,0,0,0,0,0,0
0,4,1,414,1,0,0,0,0,1,1
0,4,0,316,0,0,0,0,0,0,0
1,3,0,14,0,0,0,0,0,0,0
1,2,0,2,0,0,0,0,0,0,0
0,6,0,126,0,0,0,0,1,0,0
0,5,0,89,0,0,0,0,1,0,0
0,6,0,122,0,0,0,1,1,0,0
1,6,0,1,0,0,0,0,0,1,0
1,6,0,171,0,0,0,0,0,1,1
0,4,1,61,0,0,0,0,0,1,1
1,6,0,2,0,0,0,0,2,0,0
0,4,0,279,1,0,0,0,0,1,1
1,5,0,116,0,0,0,1,0,0,0
0,6,0,43,0,0,0,0,3,0,0
0,6,0,93,0,0,0,0,0,1,1
0,3,0,0,0,0,0,1,0,0,0
0,6,0,10,0,0,0,0,3,1,0
0,6,0,1,0,0,0,0,1,0,0
1,6,0,172,0,0,0,0,1,0,1
0,6,0,192,0,0,0,0,0,1,1
0,6,0,56,0,0,0,0,0,1,1
0,6,0,157,0,0,0,0,1,1,0
0,5,0,192,0,0,0,0,0,0,0
1,2,0,0,0,0,0,0,0,0,0
1,5,0,155,0,0,0,0,0,0,0
1,4,1,238,0,0,0,0,0,1,1
0,4,0,208,0,0,0,0,0,1,0
1,6,0,1,0,1,0,0,2,0,0
0,6,0,62,0,0,0,0,2,1,0
0,3,0,27,0,0,0,0,0,0,0
0,6,0,4,0,0,0,0,2,1,0
0,4,0,53,0,0,0,1,0,0,0
0,5,0,423,0,0,0,0,1,0,0
0,5,0,132,0,0,0,0,0,0,0
0,6,0,96,0,0,0,0,3,0,1
0,2,0,25,0,0,0,1,0,0,0
0,5,1,150,0,0,0,0,0,1,1
0,6,0,37,0,0,0,0,0,1,1
0,3,0,1,0,0,0,0,0,0,0
0,5,1,267,0,0,0,0,0,1,1
0,4,0,97,0,0,0,0,0,0,0
1,6,0,12,0,1,0,0,1,0,0
0,6,0,0,0,0,0,1,0,0,0
0,6,0,0,0,0,0,0,1,0,0
1,6,0,24,0,0,0,0,1,0,0
1,6,0,65,0,0,0,0,0,1,1
1,6,0,15,0,0,0,0,1,0,0
1,6,0,238,0,0,0,1,1,1,0
0,5,1,150,0,0,0,0,0,1,1
0,4,1,573,0,0,0,0,0,1,1
0,6,0,51,0,0,0,0,1,1,0
0,5,0,31,0,0,0,0,0,0,0
0,6,0,14,0,0,0,0,0,0,1
0,5,0,145,0,0,0,0,0,0,0
0,5,1,99,0,0,0,0,0,1,1
0,4,0,240,0,0,0,0,1,0,0
1,6,0,208,0,0,0,0,1,0,0
1,2,0,6,0,9,0,0,0,0,0
1,3,0,7,0,0,0,0,0,0,0
0,6,0,64,0,0,0,3,0,0,1
0,4,1,91,0,0,20,0,0,1,1
0,5,0,107,0,0,0,0,1,0,0
1,6,0,1,0,0,0,0,1,0,0
1,3,0,282,0,0,0,0,0,0,1
0,6,0,15,0,0,0,0,3,0,0
0,6,0,84,0,0,0,0,3,0,0
0,6,0,294,0,0,0,0,1,0,1
1,6,0,144,0,0,0,0,0,1,1
1,6,0,3,0,0,0,0,1,0,0
0,6,0,184,0,0,0,1,0,1,1
0,6,0,110,0,0,0,0,0,1,1
0,4,1,89,0,0,0,0,0,1,1
0,6,0,293,0,0,0,0,1,0,0
1,2,0,2,0,1,0,0,0,0,0
0,6,0,64,0,0,0,2,2,0,0
0,6,0,33,0,0,0,0,1,0,0
0,6,0,317,0,0,0,1,3,1,0
0,6,0,11,0,0,0,0,0,0,0
0,6,0,49,0,0,0,0,2,1,0
1,5,0,110,0,0,0,0,1,0,0
0,6,0,18,0,0,0,0,1,0,0
0,6,0,9,0,0,0,0,1,0,0
1,3,0,1,0,0,0,0,1,0,0
0,6,0,13,0,0,0,0,1,0,0
1,6,0,60,0,0,0,1,2,0,0
1,4,0,203,0,0,0,0,0,0,0
0,5,1,19,1,0,0,0,0,1,1
0,5,0,5,0,0,0,0,0,0,0
1,6,0,318,0,0,0,0,2,1,1
0,6,0,36,0,0,0,0,4,0,0
0,6,0,77,0,0,0,1,1,0,0
0,6,0,70,0,0,0,0,1,0,0
0,4,0,97,0,0,0,1,0,0,0
1,3,0,0,0,0,0,0,0,0,0
0,4,1,510,0,0,0,0,0,1,1
0,6,0,13,0,0,0,0,1,0,0
1,6,0,34,0,0,0,1,1,0,0
0,6,0,1,0,0,0,0,1,1,0
0,5,1,71,0,0,0,0,0,1,1
0,6,0,134,0,0,0,0,1,0,0
1,6,0,84,0,0,0,0,2,0,1
0,6,0,32,0,0,0,0,2,0,0
1,6,0,6,0,0,0,0,0,0,0
0,6,0,75,0,0,0,0,0,1,1
1,6,0,19,0,0,0,0,0,1,0
1,4,0,44,0,0,0,0,0,1,1
1,6,0,165,0,0,0,1,2,0,0
1,5,0,147,0,0,0,0,0,0,0
0,6,0,177,0,0,0,0,1,1,0
0,3,0,85,0,0,0,0,0,0,0
0,2,0,183,0,0,1,0,0,0,1
1,6,0,5,0,0,0,1,1,0,0
0,5,0,58,0,0,0,0,2,0,0
0,6,0,44,0,0,0,0,1,0,0
0,6,0,12,0,0,0,0,1,0,0
0,6,0,31,0,0,0,0,1,0,0
0,6,0,8,0,0,0,0,1,0,0
0,6,0,7,0,0,0,0,0,0,0
0,6,0,31,0,0,0,0,0,1,1
1,6,0,142,0,0,0,0,1,1,0
0,4,0,29,0,0,0,0,0,0,0
1,6,0,69,0,0,0,0,0,0,1
1,5,0,37,0,0,0,0,0,1,0
0,5,1,134,0,0,91,0,0,1,1
1,5,0,23,0,0,0,0,1,0,0
1,3,0,142,0,0,0,0,0,1,1
1,6,0,42,0,0,0,0,2,0,1
0,6,0,14,0,0,0,0,0,1,1
0,3,0,199,0,0,0,0,2,0,1
0,6,0,73,0,0,0,0,2,0,0
0,5,1,102,0,0,0,0,0,1,1
0,5,0,47,0,0,0,0,0,0,0
0,6,0,69,0,0,0,1,1,0,0
0,3,0,108,0,0,0,0,0,0,1
0,6,0,56,0,0,0,0,0,1,1
0,4,0,116,0,0,0,0,1,0,0
0,6,0,66,0,0,0,0,2,0,0
0,2,0,64,0,0,0,0,0,1,0
0,6,0,122,0,0,0,0,2,0,0
0,2,0,0,0,1,0,0,0,0,0
0,4,0,134,0,0,0,0,0,0,0
1,3,0,77,0,0,0,0,3,0,0
0,2,0,21,0,0,0,0,0,1,0
1,5,0,361,0,0,0,0,0,1,0
0,5,1,315,0,0,69,0,0,1,1
1,5,0,29,0,0,0,0,1,0,0
0,6,0,30,0,0,0,0,1,1,0
0,6,0,36,0,0,0,0,2,0,0
0,6,0,112,0,0,0,0,0,1,1
0,6,0,68,0,0,0,0,1,0,0
1,4,0,14,0,0,0,0,0,0,0
0,5,0,17,0,0,0,0,0,1,0
1,6,0,16,0,0,0,0,0,0,1
0,5,1,308,0,0,0,0,0,1,1
0,6,0,85,0,0,0,0,0,1,1
0,5,1,19,1,0,0,0,0,1,1
0,3,0,17,0,0,0,2,1,0,0
0,6,0,246,0,0,0,0,0,1,1
0,6,0,22,0,0,0,0,2,1,0
1,3,0,0,0,0,0,0,0,0,0
0,6,0,219,0,0,0,2,5,0,0
0,6,0,53,0,0,0,1,2,0,0
0,6,0,43,0,0,0,0,0,1,1
0,4,0,44,0,0,0,0,0,0,0
0,6,0,31,1,0,0,0,1,1,1
0,6,0,112,0,0,0,0,0,0,1
0,4,0,137,0,0,0,0,1,0,0
1,6,0,4,0,0,0,0,0,0,0
1,4,0,239,0,0,0,0,0,0,1
1,6,0,186,0,0,0,0,0,1,1
1,5,0,70,0,0,0,0,0,0,0
0,6,0,9,0,0,0,0,0,0,1
1,3,0,46,0,0,0,0,1,0,0
0,6,0,142,0,0,0,2,3,0,0
0,6,0,128,0,0,0,0,0,1,1
1,6,0,10,0,1,0,0,1,0,0
0,4,1,419,0,0,0,0,0,1,1
0,5,0,5,0,0,0,0,1,0,0
0,4,0,95,0,0,0,0,1,0,0
1,4,0,36,0,0,0,3,0,0,0
0,6,0,149,0,0,0,0,0,1,1
1,6,0,24,0,0,0,0,0,0,1
0,6,0,163,0,0,0,0,1,1,0
1,4,0,32,0,0,0,0,0,0,0
0,6,0,122,0,0,0,0,0,1,0
0,4,1,129,0,0,0,0,0,1,1
0,6,0,92,0,0,0,0,2,0,0
0,6,0,64,0,0,0,0,0,1,1
1,6,0,73,0,0,0,0,3,0,1
0,5,0,168,0,0,0,0,2,0,0
1,6,0,79,0,0,0,0,2,0,0
0,6,0,21,1,0,0,0,1,1,1
0,6,0,77,0,0,0,2,2,0,0
0,4,0,56,0,0,0,1,0,0,0
1,4,1,168,0,0,0,0,0,1,1
1,4,1,211,0,0,0,0,0,1,1
0,2,0,1,0,0,0,0,0,1,0
0,6,0,22,0,0,0,0,1,0,0
1,2,0,13,0,2,0,0,0,0,0
0,4,1,299,1,0,0,0,0,1,1
0,5,0,34,0,0,33,0,0,0,0
0,6,0,108,0,0,0,0,0,0,0
0,6,0,135,0,0,0,1,2,0,1
0,4,1,292,1,0,0,0,0,1,1
0,4,0,18,0,0,0,0,0,0,0
1,3,0,157,0,4,0,0,4,0,0
1,3,0,5,0,0,0,0,0,0,0
0,6,0,80,0,0,0,0,1,0,0
0,5,1,286,0,0,0,0,0,1,1
0,6,0,141,0,0,0,0,1,1,0
1,3,0,7,0,0,0,0,0,0,0
0,3,0,56,0,0,0,0,1,0,0
1,3,0,204,0,0,0,0,0,0,0
0,4,1,59,0,0,0,0,0,1,1
1,6,0,139,0,0,0,0,0,1,1
0,6,0,67,0,0,0,0,1,0,0
0,5,0,39,0,0,0,0,0,1,1
1,5,0,154,0,0,0,0,0,0,0
0,6,0,41,0,0,0,0,0,0,1
0,6,0,267,0,0,0,0,2,0,1
1,6,0,8,0,0,0,0,0,0,0
1,6,0,0,0,0,0,0,1,0,0
1,4,0,7,0,0,0,1,0,0,0
0,5,0,39,0,0,0,1,0,0,0
1,3,0,199,0,0,0,0,3,0,0
0,6,0,154,0,0,0,0,1,0,0
1,4,0,144,0,0,0,1,0,1,1
1,6,0,306,0,0,0,0,1,1,1
0,5,0,122,0,0,0,0,0,0,0
0,6,0,92,0,0,0,0,3,0,0
0,5,1,329,1,0,0,0,0,1,1
1,6,0,1,0,0,0,0,0,0,0
0,4,1,240,0,0,0,0,0,1,1
1,6,0,239,0,0,0,0,3,0,0
0,6,0,103,0,0,0,0,1,0,0
0,6,0,29,0,0,0,0,1,0,0
0,2,0,4,0,0,0,0,0,1,0
1,4,0,327,0,0,0,0,0,0,0
0,6,0,205,0,0,0,0,2,1,0
0,6,0,268,0,0,0,0,0,0,1
0,4,1,391,0,0,0,0,0,1,1
0,6,0,16,0,0,0,0,2,0,0
0,4,0,11,0,0,0,0,0,0,0
0,5,0,2,0,0,0,0,0,0,0
0,6,0,0,0,0,0,0,0,0,0
0,3,0,3,0,0,0,0,1,0,0
0,6,0,136,0,0,0,0,0,1,0
0,5,0,12,0,0,0,0,0,0,0
1,3,0,53,0,0,0,1,1,0,0
0,6,0,25,0,0,0,0,1,0,0
1,6,0,196,0,0,0,0,1,1,0
1,6,0,1,0,0,0,0,1,0,0
0,6,0,128,0,0,0,0,2,0,0
0,6,0,240,0,0,0,0,1,0,1
0,6,0,100,0,0,0,0,0,1,1
0,6,0,17,0,0,0,0,0,1,0
1,6,0,250,0,0,0,0,1,1,1
1,5,0,157,0,0,0,1,1,0,0
0,6,0,115,0,0,0,0,1,0,0
1,4,0,72,0,0,0,0,0,1,1
1,6,0,0,0,0,0,0,1,0,0
0,5,0,183,0,0,0,0,1,0,0
1,3,0,83,0,0,0,3,1,0,0
0,6,0,9,0,0,0,0,0,0,1
0,6,0,44,0,0,0,0,2,0,0
1,6,0,10,0,0,0,0,1,0,0
0,5,0,112,0,0,0,0,0,0,0
0,3,0,24,0,0,0,0,0,1,1
1,3,0,39,0,0,0,3,3,0,0
1,6,0,60,0,0,0,0,1,0,0
0,3,0,6,0,0,0,1,0,0,0
1,6,0,153,0,0,0,0,2,1,0
1,6,0,98,0,0,0,0,1,1,0
0,6,0,8,0,0,0,0,1,0,0
1,4,0,151,0,0,0,5,0,0,0
1,6,0,18,0,2,0,0,2,0,0
0,4,0,316,0,0,0,0,0,0,0
0,6,0,105,0,0,0,3,1,0,0
0,6,0,33,0,0,0,0,1,1,0
0,5,0,71,0,0,0,0,0,1,0
0,6,0,185,0,0,0,0,0,0,1
0,6,0,6,0,0,0,1,1,0,0
0,5,1,26,0,0,0,0,0,1,1
1,2,0,1,0,1,0,0,0,0,0
0,5,0,14,0,0,0,0,0,0,0
0,6,0,59,0,0,0,0,2,0,0
1,4,1,211,0,0,0,0,0,1,1
0,4,0,30,0,0,0,0,0,0,1
1,6,0,80,0,0,0,0,1,0,1
0,6,0,6,0,0,0,0,0,0,0
1,6,0,2,0,0,0,0,2,0,0
1,2,0,0,0,0,0,0,0,0,0
0,4,1,587,0,0,0,0,0,1,1
0,5,0,102,0,0,0,0,2,0,0
0,5,0,40,1,0,0,0,1,1,1
0,6,0,6,0,0,0,0,0,0,0
0,5,0,159,0,0,0,0,0,0,0
0,6,0,160,0,0,0,0,0,0,1
0,6,0,45,0,0,0,0,1,0,0
1,5,0,80,0,0,0,0,1,0,1
0,3,0,0,0,0,0,0,0,0,0
0,4,0,264,1,0,0,0,0,1,1
1,6,0,46,0,0,0,0,1,1,0
1,5,0,194,0,0,0,0,0,0,0
0,4,1,391,0,0,0,0,0,1,1
1,4,0,9,0,0,0,0,0,0,1
1,3,0,273,0,0,0,0,0,0,0
0,6,0,8,0,0,0,1,1,0,0
1,3,0,10,0,0,0,0,0,1,0
1,6,0,99,0,0,0,0,1,0,0
0,6,0,133,0,0,0,1,1,1,0
0,3,0,49,0,0,0,0,0,1,0
0,6,0,119,0,0,0,2,2,0,0
1,5,0,232,0,0,0,0,0,0,0
0,3,0,190,0,0,0,1,1,0,0
1,4,0,11,0,0,0,0,1,0,0
0,6,0,117,0,0,0,0,1,0,0
0,4,1,266,0,0,32,0,0,1,1
0,5,0,290,0,0,108,0,0,1,1
0,6,0,24,0,0,0,0,1,0,0
1,5,0,187,0,0,0,0,0,0,0
1,6,0,40,0,0,0,0,0,0,1
0,5,0,6,0,0,0,0,0,0,0
0,5,0,129,0,0,0,0,0,0,0
0,6,0,193,0,0,0,0,1,0,0
0,5,0,179,0,0,0,0,1,0,0
0,4,0,281,0,0,174,0,0,1,1
1,4,0,244,0,0,0,0,0,0,0
0,6,0,115,0,0,0,0,0,1,1
0,6,0,226,1,0,0,0,1,1,1
0,5,0,95,0,0,0,0,1,0,1
0,4,1,278,1,0,0,0,0,1,1
0,4,1,115,1,0,22,0,0,1,1
0,6,0,119,0,0,0,0,1,0,0
0,6,0,20,0,0,0,0,2,1,0
1,5,0,6,0,0,0,0,0,0,0
0,6,0,119,0,0,0,0,0,1,0
1,3,0,1,0,0,0,0,2,0,0
0,6,0,192,0,0,0,0,0,1,1
0,6,0,336,0,0,0,0,0,1,1
0,4,0,258,1,0,0,0,0,1,1
0,6,0,41,0,0,0,0,1,1,0
0,6,0,237,0,0,0,0,2,1,0
0,6,0,62,0,0,0,0,1,0,0
1,6,0,66,0,0,0,0,1,1,0
1,4,0,359,0,0,0,5,0,0,0
1,2,0,3,0,0,0,0,0,1,0
1,6,0,10,0,0,0,0,1,0,0
1,6,0,4,0,0,0,0,1,0,0
1,4,1,138,0,0,0,0,0,1,1
1,6,0,25,0,0,0,0,3,0,0
1,5,0,207,1,0,0,0,0,1,1
0,4,1,104,0,0,0,0,0,1,1
0,4,0,137,0,0,0,0,1,0,0
1,6,0,213,0,0,0,0,1,1,0
1,6,0,196,0,0,0,0,2,1,0
1,5,0,167,0,0,0,0,2,0,0
1,6,0,125,0,0,0,0,1,0,0
0,3,0,0,0,0,0,0,0,0,0
1,5,0,149,0,0,0,1,1,1,0
0,4,1,405,0,0,0,0,0,1,1
0,4,1,101,0,0,0,0,0,1,1
1,5,0,8,0,0,0,0,0,0,0
1,3,0,61,0,0,0,0,0,0,0
1,3,0,0,0,0,0,0,1,0,0
0,6,0,51,0,0,0,0,0,0,1
1,6,0,42,0,0,0,0,1,0,0
0,4,0,29,0,0,0,0,0,0,0
0,4,0,281,1,0,0,0,0,1,1
1,4,0,342,0,0,125,0,0,0,0
0,5,1,71,0,0,0,0,0,1,1
1,6,0,280,0,0,0,1,0,0,1
0,3,0,0,0,0,0,0,0,0,0
0,5,0,265,0,0,0,0,1,0,0
0,6,0,184,0,0,0,0,1,1,0
0,6,0,150,0,0,0,0,2,0,0
1,5,0,60,0,0,0,0,0,1,0
1,6,0,104,0,0,0,0,0,0,0
0,6,0,145,0,0,0,1,2,0,0
0,6,0,136,0,0,0,0,1,0,1
0,5,0,199,1,0,0,0,0,1,1
0,6,0,4,0,0,0,0,3,0,0
0,6,0,0,0,0,0,0,0,0,0
0,6,0,116,0,0,0,0,1,0,0
0,5,0,418,0,0,223,0,0,1,0
0,6,0,190,0,0,0,4,0,1,1
0,6,0,179,0,0,0,0,1,0,0
1,3,0,1,0,0,0,0,1,0,0
0,4,0,315,0,0,38,0,0,1,1
1,3,0,45,0,0,0,3,1,0,0
1,3,0,0,0,3,0,0,0,0,0
1,6,0,56,0,0,0,0,2,1,1
1,5,0,189,0,0,0,0,0,0,0
0,2,0,0,0,0,0,0,0,1,0
0,3,0,0,0,0,0,1,1,0,0
1,6,0,76,0,0,0,0,1,0,0
0,6,0,34,0,0,0,0,2,1,0
0,3,0,2,0,0,0,0,2,0,0
0,4,1,152,0,0,0,0,0,1,1
0,4,1,377,1,0,0,0,0,1,1
1,6,0,3,0,0,0,0,0,1,0
0,6,0,10,0,0,0,0,0,1,1
0,4,0,297,0,0,236,0,0,0,0
1,5,0,35,0,0,0,0,1,0,0
1,6,0,43,0,0,0,0,1,0,0
0,5,0,273,0,0,0,0,0,0,0
0,5,0,115,0,0,0,2,0,0,0
0,6,0,109,0,0,0,0,0,1,1
0,6,0,0,0,0,0,0,0,0,0
0,6,0,5,0,0,0,1,2,0,0
0,6,0,5,0,0,0,1,0,0,0
0,5,1,146,0,0,50,0,0,1,1
1,6,0,190,0,0,0,0,0,1,1
0,4,0,68,0,0,0,1,0,0,0
0,4,0,321,1,0,0,0,0,1,1
1,6,0,0,0,0,0,0,0,0,0
0,6,0,175,0,0,0,0,0,1,1
0,6,0,0,0,0,0,0,0,0,0
0,6,0,53,0,0,0,0,1,0,0
0,5,0,39,0,0,0,0,0,1,1
0,6,0,86,0,0,0,0,1,1,0
0,5,0,27,0,0,0,0,0,1,0
1,6,0,52,0,0,0,1,1,0,0
1,4,0,221,0,0,0,0,0,0,1
1,6,0,189,0,0,0,1,2,0,0
1,5,0,221,0,0,0,0,1,0,0
0,6,0,100,0,0,0,0,1,0,0
1,6,0,2,0,0,0,0,0,0,0
0,6,0,21,0,0,0,0,0,1,1
0,6,0,110,0,0,0,0,0,0,1
0,4,0,316,0,0,0,1,0,0,0
0,5,1,15,0,0,0,0,0,1,1
1,6,0,108,0,0,0,0,1,0,0
0,5,1,163,0,0,0,0,0,1,1
0,5,0,207,0,0,0,1,0,0,0
0,4,0,2,0,0,0,0,0,1,0
0,6,0,0,0,0,0,0,0,0,0
0,6,0,191,0,0,0,2,1,1,1
1,6,0,137,0,0,0,0,1,1,1
0,6,0,45,0,0,0,0,0,1,1
0,6,0,131,0,0,0,0,0,1,1
1,6,0,241,0,0,0,0,1,0,1
1,5,0,32,0,0,0,0,0,1,0
0,6,0,52,0,0,0,0,0,0,1
0,6,0,26,0,0,0,0,0,1,1
1,5,0,322,0,0,0,0,0,0,0
0,6,0,0,0,0,0,0,0,0,0
0,6,0,7,0,0,0,0,1,0,0
0,6,0,45,0,0,0,0,1,1,0
0,6,0,62,0,0,0,0,1,0,0
0,6,0,154,0,0,0,0,1,0,0
0,6,0,129,0,0,0,0,2,0,0
0,6,0,66,0,0,0,0,1,0,0
1,6,0,67,0,0,0,0,1,0,0
1,6,0,248,0,0,0,0,1,1,0
0,4,0,55,0,0,0,0,0,0,0
0,6,0,29,0,0,0,0,2,0,0
0,6,0,40,0,0,0,0,1,0,0
0,2,0,2,0,20,0,0,1,0,0
0,5,0,131,0,0,0,0,0,0,1
0,6,0,141,0,0,0,2,1,0,0
1,6,0,167,1,0,0,0,1,1,1
0,4,0,17,0,0,0,2,2,0,0
0,4,0,316,0,0,0,0,0,0,0
0,6,0,119,0,0,0,0,0,0,0
0,6,0,191,0,0,0,8,0,0,0
0,4,1,61,0,0,0,0,0,1,1
0,6,0,33,0,0,0,0,1,0,0
0,3,0,0,0,0,0,0,0,0,0
0,6,0,12,0,0,0,0,1,0,0
1,6,0,35,0,0,0,0,1,0,0
0,4,0,137,1,0,0,0,0,1,1
1,4,0,11,0,0,0,0,0,1,0
0,4,0,351,1,0,0,0,0,1,1
0,2,0,20,0,7,0,0,0,0,0
1,6,0,182,0,0,0,0,1,1,0
0,4,0,248,0,0,0,0,1,1,0
0,6,0,150,0,0,0,0,2,1,0
1,6,0,1,0,0,0,2,1,0,0
0,5,1,174,0,0,0,0,0,1,1
0,6,0,2,0,0,0,0,2,0,0
1,4,0,152,0,0,0,1,1,0,0
0,6,0,18,0,0,0,1,1,1,0
0,4,0,3,0,0,0,0,0,1,0
0,4,0,98,0,0,0,0,0,1,0
0,5,0,133,0,0,0,0,0,0,0
0,4,0,215,0,0,0,0,0,0,0
0,5,0,40,0,0,0,0,1,0,0
0,6,0,99,0,0,0,0,2,0,0
0,6,0,12,0,0,0,0,1,0,0
0,6,0,143,0,0,0,0,1,0,0
0,5,0,127,0,0,0,0,0,1,0
0,3,0,150,0,0,0,1,0,0,1
0,6,0,7,0,0,0,0,1,0,0
0,5,1,245,0,0,0,0,0,1,1
1,6,0,98,0,0,0,0,1,1,0
0,4,1,86,1,0,35,0,0,1,1
1,6,0,39,0,0,0,0,1,0,0
0,4,1,86,1,0,35,0,0,1,1
0,5,0,70,0,0,0,0,0,0,0
1,5,0,210,0,0,0,0,1,1,1
0,6,0,7,0,0,0,0,1,1,0
1,5,0,1,0,0,0,0,0,0,0
0,4,1,233,0,0,0,0,0,1,1
0,4,0,316,0,0,0,2,0,1,0
0,6,0,86,0,0,0,0,1,0,0
1,5,1,275,26,0,0,0,0,1,1
1,6,0,36,0,0,0,1,2,0,0
1,3,0,0,0,0,0,0,2,0,0
0,4,1,87,0,0,0,0,0,1,1
0,6,0,184,0,0,0,0,2,0,0
1,4,1,215,0,0,0,0,0,1,1
0,6,0,19,0,0,0,0,1,0,0
1,5,0,156,0,0,0,0,0,1,0
1,3,0,155,0,0,0,0,2,0,0
1,6,0,25,0,0,0,0,2,1,0
1,4,0,94,0,0,0,0,0,0,0
1,6,0,1,0,0,0,0,2,0,0
0,6,0,103,0,0,0,0,3,1,0
1,5,0,201,0,0,0,1,0,0,0
0,3,0,0,0,0,0,0,0,1,0
0,4,0,16,0,0,0,0,1,0,0
1,6,0,0,0,1,0,0,0,0,0
1,4,0,112,0,0,0,0,0,0,0
0,6,0,98,0,0,0,0,1,0,0
0,6,0,4,0,0,0,0,1,0,0
0,6,0,48,0,0,0,0,0,1,0
0,6,0,19,0,0,0,0,1,0,0
0,5,0,221,0,0,0,0,0,0,0
0,6,0,50,0,0,0,0,0,0,1
0,6,0,128,0,0,0,0,0,1,1
0,5,1,268,0,0,193,0,0,1,1
0,6,0,4,0,0,0,0,1,0,0
1,5,0,297,0,0,0,1,1,0,0
0,6,0,262,0,0,0,0,2,1,1
0,6,0,175,0,0,0,2,2,0,0
0,5,0,286,0,0,44,0,1,0,0
0,5,0,200,0,0,0,0,1,0,1
1,6,0,45,0,0,0,1,1,0,0
1,6,0,78,0,0,0,0,1,0,0
0,3,0,1,0,0,0,0,0,0,0
1,3,0,192,0,0,0,0,0,0,0
0,4,1,80,0,0,60,0,0,1,1
0,6,0,106,0,0,0,0,0,1,1
0,4,1,260,1,0,0,0,0,1,1
0,6,0,74,0,0,0,0,0,0,1
1,3,0,0,0,0,0,0,0,0,0
0,5,0,61,0,0,0,0,0,0,0
1,5,0,27,0,0,0,0,0,0,0
0,5,0,23,0,0,0,0,1,0,0
0,6,0,32,0,0,0,0,1,0,0
1,6,0,170,0,0,0,0,2,0,0
0,6,0,146,0,0,0,0,0,1,1
1,6,0,201,0,0,0,0,2,1,0
1,5,0,150,0,0,0,0,0,0,0
1,4,0,365,0,0,0,1,1,0,0
1,6,0,17,0,0,0,0,0,0,1
0,6,0,13,0,0,0,0,0,1,1
0,6,0,271,0,0,0,0,1,1,0
0,6,0,135,0,0,0,0,3,0,0
1,3,0,0,0,0,0,1,0,0,0
1,5,0,181,0,0,0,0,0,0,0
1,5,0,203,0,0,0,1,0,0,0
0,6,0,129,0,0,0,0,2,0,0
1,6,0,1,0,0,0,0,2,0,0
0,6,0,141,0,0,0,0,0,1,1
1,4,0,7,0,0,0,0,0,0,0
1,6,0,28,0,0,0,0,2,0,0
0,5,0,58,0,0,0,0,0,0,0
1,3,0,10,1,9,0,0,1,0,0
0,5,1,210,0,0,0,0,0,1,1
0,6,0,76,0,0,0,0,1,0,0
1,5,0,15,0,0,0,0,0,0,0
0,6,0,102,0,0,0,0,1,0,0
1,6,0,242,0,0,0,0,2,0,0
1,6,0,109,0,0,0,0,1,1,0
0,5,0,7,0,0,0,0,0,0,0
0,6,0,25,0,0,0,0,2,0,0
1,4,0,202,0,0,0,0,1,0,0
1,6,0,50,0,0,0,0,0,1,0
0,6,0,223,0,0,0,0,1,1,0
1,6,0,73,0,0,0,0,1,0,0
0,5,1,291,0,0,0,0,0,1,1
0,5,1,291,0,0,0,0,0,1,1
1,6,0,213,0,0,0,0,2,1,0
1,6,0,76,0,0,0,0,2,0,0
1,5,0,34,0,0,0,0,0,0,0
0,6,0,20,0,0,0,0,0,1,1
1,5,0,156,0,0,0,0,0,0,0
0,6,0,141,0,0,0,0,0,0,1
0,6,0,85,0,0,0,1,1,0,0
0,5,0,5,0,0,0,0,2,0,0
0,3,0,31,0,0,0,2,0,0,0
0,6,0,17,0,0,0,0,1,0,0
0,5,0,276,0,0,178,0,0,0,0
0,4,1,173,0,0,0,0,0,1,1
1,5,0,95,0,0,0,0,1,0,1
1,6,0,129,0,0,0,0,0,0,1
0,6,0,13,0,0,0,0,1,0,0
0,4,1,297,1,0,0,0,0,1,1
0,5,1,104,0,0,0,0,0,1,1
0,6,0,18,0,1,0,0,1,0,0
0,6,0,138,0,0,0,0,1,1,0
0,6,0,1,0,0,0,0,2,0,0
0,5,0,83,0,0,0,0,0,0,0
0,3,0,131,0,0,0,0,3,1,0
1,6,0,83,0,0,0,0,1,0,0
1,6,0,20,0,0,0,0,2,0,0
0,6,0,9,0,0,0,0,0,0,1
0,5,0,14,0,0,0,0,0,0,0
1,3,0,19,0,0,0,0,0,0,0
0,6,0,264,0,0,0,0,0,1,1
0,6,0,11,0,0,0,0,2,0,0
1,6,0,15,0,0,0,0,0,1,0
0,6,0,147,0,0,0,0,2,0,0
0,5,0,37,0,0,0,0,0,1,1
0,6,0,112,0,0,0,0,0,0,1
1,6,0,120,0,0,0,0,1,0,1
1,6,0,0,0,0,0,0,1,0,0
0,6,0,275,0,0,0,0,2,1,0
0,6,0,170,0,0,0,0,3,0,0
0,4,1,277,0,0,0,0,0,1,1
1,5,0,131,0,0,0,0,1,0,0
0,6,0,56,0,0,0,0,0,0,1
1,6,0,224,0,0,0,0,1,1,1
0,2,0,4,1,2,0,0,1,0,0
1,4,0,253,0,0,0,0,0,0,0
1,6,0,155,0,0,0,0,1,0,1
0,3,0,40,0,0,0,0,0,0,0
0,5,0,226,0,0,0,0,1,0,0
1,2,0,41,0,0,0,3,0,0,1
0,5,0,71,0,0,0,0,0,1,0
0,5,0,98,0,0,0,0,0,0,0
0,3,0,7,0,0,0,0,1,0,0
0,5,0,71,0,0,0,0,0,0,0
1,3,0,23,0,2,0,0,2,0,0
0,5,0,85,0,0,0,0,1,0,0
1,6,0,155,0,0,0,0,1,0,1
0,4,1,90,0,0,0,0,0,1,1
1,6,0,219,0,0,0,1,0,0,1
0,6,0,9,0,0,0,0,2,0,0
0,4,1,475,0,0,0,0,0,1,1
0,4,0,98,0,0,0,1,0,0,0
0,6,0,14,0,0,0,0,1,0,0
1,6,0,27,0,0,0,0,1,1,0
0,6,0,139,0,0,0,0,1,1,0
0,6,0,336,0,0,0,0,2,1,0
0,6,0,29,0,0,0,1,3,0,0
0,6,0,56,0,0,0,0,0,1,1
0,3,0,7,0,0,0,0,0,0,0
0,6,0,174,0,0,0,0,0,0,1
0,5,0,161,0,0,0,0,0,0,0
0,5,0,106,0,0,0,0,1,0,0
0,6,0,5,0,0,0,0,1,0,0
0,6,0,67,0,0,0,0,1,0,0
1,6,0,207,0,0,0,0,0,1,0
0,4,1,300,0,0,0,0,0,1,1
0,3,0,141,0,0,0,0,2,0,0
0,5,0,178,0,0,0,1,1,0,0
0,5,1,315,0,0,0,0,0,1,1
1,5,0,124,0,0,0,0,2,0,0
0,6,0,16,0,0,0,0,0,1,1
0,6,0,159,0,0,0,0,0,1,1
1,6,0,10,0,0,0,0,0,0,0
0,4,1,277,0,0,0,0,0,1,1
0,6,0,30,0,0,0,0,1,1,0
1,6,0,1,0,0,0,1,1,0,0
0,6,0,10,0,0,0,0,1,0,0
0,6,0,94,0,0,0,0,1,0,0
1,6,0,17,0,0,0,0,1,0,0
0,5,1,168,0,0,77,0,0,1,1
1,6,0,75,0,0,0,0,1,0,0
1,3,0,137,0,0,0,0,0,0,0
0,3,0,84,0,0,0,0,2,0,0
0,5,0,118,0,0,0,0,0,0,0
0,4,1,175,0,0,0,0,0,1,1
1,6,0,171,0,0,0,2,0,1,0
0,2,0,6,0,0,0,0,1,0,0
0,4,1,186,0,0,0,0,0,1,1
1,3,0,0,0,0,0,0,0,0,0
1,6,0,34,0,0,0,0,3,0,0
1,6,0,137,0,0,0,0,1,1,1
0,6,0,82,0,0,0,2,1,1,0
0,2,0,14,0,2,0,1,1,0,0
1,6,0,12,0,0,0,0,2,0,0
1,6,0,143,0,0,0,0,0,0,1
1,3,0,15,0,0,0,0,0,0,0
0,6,0,202,0,0,0,0,0,1,1
1,5,0,239,0,0,0,0,0,0,0
0,6,0,162,0,0,0,0,0,1,1
0,6,0,17,1,0,0,0,0,1,1
0,4,0,111,0,0,0,0,1,0,0
1,5,0,256,0,0,0,0,2,0,0
1,3,0,34,0,0,0,1,2,0,0
1,6,0,68,0,0,0,0,0,1,1
0,4,0,69,0,0,58,0,0,0,0
1,6,0,154,0,0,0,0,1,1,1
0,5,0,99,0,0,0,0,0,1,1
0,4,0,40,0,0,0,0,0,0,1
0,6,0,57,0,0,0,0,0,0,1
0,4,1,379,0,0,0,0,0,1,1
0,3,0,9,0,0,0,0,0,0,0
0,6,0,15,0,0,0,0,1,0,0
0,4,1,44,0,0,0,0,0,1,1
0,6,0,150,0,0,0,0,1,0,0
1,4,1,215,0,0,0,0,0,1,1
0,6,0,2,0,0,0,0,0,1,0
0,4,0,134,0,0,0,0,0,1,0
1,5,0,184,0,1,0,0,0,0,0
1,6,1,0,0,0,0,0,0,1,1
1,4,1,7,0,0,0,0,0,1,1
0,4,1,475,0,0,0,0,0,1,1
0,5,0,112,0,0,0,0,1,0,0
1,6,0,16,0,0,0,0,0,1,1
1,4,1,151,0,0,0,0,0,1,1
1,6,0,3,0,0,0,1,0,0,0
0,6,0,83,0,0,0,0,3,1,0
0,3,0,0,0,0,0,1,0,0,0
1,6,0,4,0,0,0,0,1,0,0
0,5,0,8,0,0,0,0,0,0,0
1,4,1,74,0,0,0,0,0,1,1
0,5,0,221,0,0,0,0,0,0,0
0,6,0,94,0,0,0,0,0,1,1
1,4,1,215,0,0,0,0,0,1,1
1,3,0,0,0,0,0,0,3,0,0
0,4,0,111,0,0,0,0,0,1,0
0,6,0,111,0,0,0,2,2,0,1
0,6,0,32,0,0,0,0,0,0,1
1,6,0,87,0,0,0,0,0,1,1
1,2,0,15,0,0,0,1,0,0,0
0,5,0,377,0,0,0,1,1,0,0
0,4,1,127,0,0,0,0,0,1,1
1,6,0,23,0,0,0,0,2,0,0
0,5,1,102,0,0,0,0,0,1,1
1,3,0,239,0,0,0,0,0,1,1
1,5,0,73,0,0,0,0,0,0,0
1,4,0,31,0,0,0,0,1,0,0
1,3,0,0,0,0,0,0,0,0,0
1,3,0,0,0,0,0,1,0,0,0
0,6,0,127,0,0,0,1,1,0,0
1,5,0,156,0,0,0,0,1,0,0
0,4,1,86,1,0,35,0,0,1,1
0,6,0,10,0,1,0,0,2,0,0
1,3,0,0,0,0,0,0,0,0,0
0,3,0,152,0,0,0,0,0,0,0
0,6,0,320,0,0,0,0,1,0,1
0,3,0,0,0,0,0,0,0,0,0
0,4,0,145,0,0,0,0,0,1,1
0,5,1,396,0,0,0,0,0,1,1
1,3,0,205,0,0,0,0,0,0,0
0,6,0,159,0,0,0,0,1,0,0
0,5,0,292,0,0,0,0,0,0,0
0,6,0,181,0,0,0,0,1,0,0
0,3,0,80,0,0,0,0,1,1,0
0,6,0,10,0,0,0,0,2,1,0
0,6,0,18,0,0,0,0,1,0,0
0,3,0,0,0,0,0,1,0,0,0
1,3,0,171,0,0,0,0,2,0,0
0,6,0,42,0,0,0,0,0,0,1
1,6,0,210,0,0,0,0,2,1,1
1,5,0,5,0,0,0,0,0,0,0
0,4,0,274,1,0,0,0,0,1,1
0,3,0,0,0,0,0,0,0,0,0
0,4,0,53,0,0,0,0,1,0,0
0,6,0,77,0,0,0,0,0,1,1
0,6,0,40,0,0,0,0,0,1,1
0,5,0,289,1,0,0,0,0,1,1
0,6,0,44,0,0,0,0,1,0,0
1,6,0,249,0,0,0,0,1,0,0
1,5,0,6,0,0,0,0,1,0,0
0,6,0,33,0,0,0,0,2,1,0
0,6,0,73,0,0,0,0,0,0,1
1,6,0,93,0,0,0,0,1,0,0
0,6,0,10,0,0,0,4,0,1,1
0,5,1,490,0,0,0,0,0,1,1
1,4,0,7,0,0,0,0,0,1,0
1,4,0,31,0,0,0,0,0,0,0
0,5,1,333,1,0,19,0,0,1,1
1,6,0,37,0,0,0,0,0,0,0
1,6,0,11,0,0,0,0,0,0,0
1,4,0,31,0,0,0,0,1,0,0
1,6,0,12,0,0,0,1,2,0,0
0,6,0,48,0,0,0,0,1,0,0
0,5,1,245,0,0,0,0,0,1,1
1,4,0,327,0,0,0,0,0,0,0
1,3,0,0,0,0,0,0,0,0,0
0,4,1,88,0,0,0,0,0,1,1
0,4,1,420,0,0,0,0,0,1,1
0,6,0,45,0,0,0,0,2,0,0
0,6,0,33,0,0,0,0,2,0,0
1,3,0,294,0,0,0,1,0,1,0
0,4,1,479,0,0,0,0,0,1,1
0,4,1,286,0,0,0,0,0,1,1
1,6,0,65,0,0,0,0,2,0,0
0,6,0,19,0,0,0,2,0,0,1
0,6,0,199,0,0,0,0,1,0,0
0,6,0,195,0,0,0,0,2,1,1
1,6,0,279,0,0,0,0,2,1,1
0,4,1,104,0,0,0,0,0,1,1
0,5,0,158,0,0,0,0,0,0,0
1,6,0,95,0,0,0,0,1,1,1
0,5,0,60,0,0,0,0,0,0,0
0,5,0,0,0,0,0,0,0,0,0
0,6,0,128,0,0,0,1,1,0,0
1,2,0,3,0,1,0,0,0,0,0
1,4,0,222,0,0,0,0,0,0,0
0,6,0,297,0,0,0,1,1,0,0
0,6,0,267,0,0,0,0,0,1,1
0,2,0,9,0,0,0,0,0,0,0
0,2,1,69,0,0,0,0,0,1,1
1,6,0,269,0,0,0,0,1,1,0
1,4,0,364,0,0,0,0,0,0,0
0,6,0,99,0,0,0,0,1,1,0
1,6,0,12,0,0,0,0,1,0,0
0,6,0,28,0,0,0,0,0,1,1
0,5,0,111,0,0,0,0,0,0,1
0,3,0,133,0,0,0,0,1,1,0
1,6,0,39,0,0,0,0,1,1,0
0,3,0,0,0,1,0,0,0,0,0
0,2,0,10,0,0,0,1,0,1,0
0,6,0,53,0,0,0,0,2,0,0
0,4,0,5,0,0,0,0,0,1,0
0,6,0,115,0,0,0,0,0,0,1
1,6,0,159,0,0,0,0,1,0,0
0,6,0,1,0,0,0,1,0,0,0
0,6,0,117,0,0,0,0,0,1,1
1,6,0,113,0,0,0,0,1,0,0
1,3,0,0,0,0,0,1,0,0,0
1,6,0,58,0,0,0,0,2,0,0
1,5,0,165,0,0,0,0,0,0,0
1,3,0,69,0,0,0,0,1,0,0
1,4,0,13,0,0,0,1,0,0,0
0,6,0,47,0,0,0,0,2,0,0
1,5,0,36,0,0,0,1,0,0,0
1,6,0,20,0,0,0,0,0,0,1
1,4,0,202,0,0,0,0,0,1,1
0,4,1,67,0,0,0,0,0,1,1
1,6,0,24,0,0,0,0,0,1,1
0,6,0,219,0,0,0,0,1,1,0
1,6,0,208,0,0,0,0,0,1,1
0,6,0,100,0,0,0,2,2,0,0
0,6,0,178,0,0,0,0,2,0,0
0,6,0,61,0,0,0,0,0,1,1
1,6,0,233,0,0,0,0,2,0,0
1,5,0,227,0,0,0,0,0,0,0
0,4,1,48,0,0,0,0,0,1,1
0,5,0,221,0,0,0,1,0,0,0
1,3,0,26,0,1,0,0,0,0,0
1,6,0,5,0,1,0,0,2,0,0
1,6,0,165,0,0,0,0,0,1,1
0,4,0,2,0,0,0,2,0,0,0
0,4,1,395,1,0,0,0,0,1,1
1,6,0,125,0,0,0,0,3,1,0
1,6,0,250,0,0,0,0,0,0,1
0,5,0,65,0,0,0,0,0,0,0
1,5,0,110,0,0,0,0,1,0,0
0,3,0,4,0,0,0,1,0,0,0
1,4,0,185,0,0,0,1,1,0,0
1,6,0,39,0,0,0,0,1,0,0
0,6,0,28,0,0,0,0,1,0,0
1,3,0,1,0,0,0,0,0,0,0
0,3,0,18,0,0,0,0,2,0,0
0,6,0,151,0,0,0,0,1,0,0
1,5,0,86,0,0,0,0,1,0,0
0,4,1,288,0,0,0,0,0,1,1
1,5,0,52,0,0,0,1,0,0,0
0,6,0,224,0,0,0,0,1,1,0
1,6,0,154,0,0,0,0,0,1,1
0,6,0,7,0,0,0,0,2,0,0
0,6,0,85,0,0,0,0,0,1,1
0,2,0,2,0,0,0,0,0,0,0
0,5,0,244,0,0,0,0,0,1,1
1,6,0,142,0,0,0,0,1,1,0
1,6,0,185,0,0,0,0,1,0,0
0,6,0,30,0,0,0,0,0,0,1
0,6,0,10,0,0,0,0,2,0,0
1,6,0,88,0,0,0,0,0,0,0
1,2,1,7,0,0,0,0,0,0,0
1,6,0,224,0,0,0,0,1,1,1
1,5,0,153,0,0,0,0,0,0,0
0,3,0,172,0,0,0,0,2,0,0
0,6,0,5,0,0,0,0,0,1,0
1,6,0,147,0,0,0,0,1,1,1
0,5,1,308,0,0,0,0,0,1,1
0,5,0,52,0,0,0,0,1,0,0
0,6,0,18,0,0,0,0,1,0,0
0,4,1,143,0,0,0,0,0,1,1
1,5,0,148,0,0,0,0,0,1,0
0,5,1,113,1,0,44,0,0,1,1
0,5,0,6,0,0,0,0,0,0,0
1,5,0,102,0,0,0,0,0,1,0
0,6,0,59,0,0,0,0,1,1,0
0,4,0,153,1,0,0,1,0,1,1
1,4,0,289,1,0,0,0,0,1,1
0,6,0,14,0,0,0,0,0,1,1
0,6,0,33,0,0,0,0,1,0,0
0,6,0,24,0,0,0,0,0,1,1
1,5,0,55,0,0,0,0,0,0,0
0,6,0,77,0,0,0,0,0,1,1
0,1,0,61,0,14,0,1,2,0,0
0,2,0,6,1,6,0,0,1,0,0
1,6,0,29,0,0,0,0,0,1,1
1,6,0,281,0,0,0,0,0,1,1
0,4,1,266,0,0,0,0,0,1,1
0,2,1,255,0,0,0,0,0,1,1
1,2,0,4,0,0,0,0,0,0,0
0,6,0,12,0,0,0,0,1,1,0
1,3,0,234,0,0,0,0,1,1,0
0,4,1,88,0,0,0,0,0,1,1
0,6,0,17,0,0,0,0,2,1,0
0,3,0,8,0,0,0,0,0,0,0
0,6,0,102,0,0,0,0,2,1,0
1,5,0,191,0,0,0,1,0,0,0
1,3,0,223,0,0,0,0,0,0,1
0,4,1,615,0,0,0,0,0,1,1
1,4,0,386,0,0,0,0,0,1,0
0,5,0,323,0,0,0,0,0,1,1
0,6,0,214,0,0,0,0,3,0,0
0,4,1,42,0,0,0,0,0,1,1
0,5,1,239,0,0,80,0,0,1,1
0,4,0,34,0,0,0,0,0,1,0
1,6,0,7,0,0,0,0,1,0,0
0,5,1,279,0,0,0,0,0,1,1
1,6,0,35,0,0,0,1,0,0,0
1,6,0,159,0,0,0,0,0,1,1
1,5,0,226,0,0,0,0,1,1,0
1,5,0,59,0,0,0,0,0,0,0
0,6,0,35,0,0,0,0,0,1,1
0,4,1,594,0,0,0,0,0,1,1
1,5,0,176,0,0,0,0,0,0,0
0,4,1,545,0,0,0,0,0,1,1
0,5,0,86,0,0,0,1,0,0,0
0,5,0,135,0,0,0,0,0,1,0
1,4,0,364,0,0,0,1,0,0,0
1,2,0,3,0,0,0,0,0,0,0
0,5,0,396,0,0,0,0,1,0,0
0,6,0,59,0,0,0,0,2,0,0
0,6,0,12,0,0,0,1,0,1,0
0,6,0,126,0,0,0,0,1,1,0
0,5,0,203,0,0,0,0,0,0,0
0,4,1,281,0,0,0,0,0,1,1
0,6,0,141,0,0,0,0,1,0,0
0,5,1,393,0,0,0,0,0,1,1
1,6,0,13,0,0,0,0,1,0,0
0,5,0,6,0,0,0,0,0,0,0
0,6,0,1,0,0,0,0,1,0,0
0,6,0,164,0,0,0,0,1,0,0
0,5,1,226,0,0,0,0,0,1,1
0,5,0,139,0,0,0,0,1,0,0
1,4,0,236,0,0,0,0,0,0,1
1,3,0,227,0,0,0,0,1,0,0
1,6,0,0,0,0,0,0,0,0,0
0,5,1,71,0,0,0,0,0,1,1
0,6,0,75,0,0,0,0,1,0,0
1,6,0,98,0,0,0,0,1,0,0
0,5,0,32,0,0,0,0,0,0,0
0,6,0,1,0,0,0,0,0,0,0
0,6,0,294,0,0,0,0,1,1,1
1,3,0,2,0,1,0,0,0,0,0
0,5,0,221,0,0,147,0,0,1,0
0,6,0,113,0,0,0,2,1,0,0
0,6,0,138,0,0,0,3,2,0,0
0,6,0,182,0,0,0,0,1,1,0
0,2,0,2,0,1,0,0,0,0,0
0,4,0,0,0,0,0,0,0,0,0
1,6,0,9,0,0,0,0,0,0,0
0,6,0,0,0,0,0,0,1,0,0
0,3,0,24,0,0,0,1,0,0,0
0,4,0,269,1,0,0,0,0,1,1
0,4,1,300,0,0,0,0,0,1,1
0,6,0,36,0,0,0,0,0,0,1
0,4,1,309,0,0,0,0,0,1,1
1,3,0,0,0,0,0,0,0,0,0
0,5,1,267,0,0,0,0,0,1,1
0,4,1,101,0,0,0,0,0,1,1
0,4,1,372,0,0,0,0,0,1,1
0,6,0,93,0,0,0,0,1,0,0
0,6,0,80,0,0,0,0,0,1,1
0,5,0,41,0,0,0,0,0,0,0
0,6,0,100,0,0,0,0,1,1,0
0,2,0,7,0,0,0,2,0,0,0
1,6,0,57,0,0,0,0,0,1,1
0,5,1,396,0,0,0,0,0,1,1
0,6,0,28,0,0,0,1,2,0,0
0,3,0,1,0,0,0,0,0,0,0
0,6,0,166,0,0,0,0,1,0,0
0,6,0,115,0,0,0,0,0,1,1
0,4,1,87,0,0,0,0,0,1,1
0,6,0,135,0,0,0,1,2,0,1
0,6,0,4,0,0,0,0,1,0,0
0,3,0,47,0,0,0,0,0,0,0
1,6,0,1,0,1,0,0,1,0,0
0,6,0,10,0,0,0,0,1,0,0
1,6,0,0,0,0,0,0,0,0,0
0,6,0,31,0,0,0,0,2,0,0
0,6,0,39,0,0,0,0,0,1,1
1,6,0,120,0,0,0,0,4,0,0
0,6,0,14,0,0,0,0,2,0,0
1,6,0,1,0,0,0,0,1,0,0
0,3,0,84,0,0,0,0,1,0,0
0,3,0,29,0,0,0,0,1,1,0
1,4,1,265,14,0,0,0,0,1,1
0,6,0,10,0,0,0,0,2,0,0
1,5,0,239,0,0,0,0,0,0,0
0,6,0,0,0,0,0,0,0,0,0
0,5,1,178,1,0,46,0,0,1,1
1,4,0,143,0,0,0,0,0,1,0
1,2,0,43,0,0,0,0,0,0,0
0,6,0,270,0,0,0,0,1,1,1
0,6,0,122,0,0,0,0,0,1,0
1,3,0,12,0,0,0,0,2,0,0
1,6,0,56,0,0,0,2,1,0,0
1,3,0,7,0,0,0,0,0,0,0
0,5,0,292,0,0,0,0,0,0,0
0,3,0,4,0,0,0,0,0,0,0
0,6,0,30,0,0,0,0,2,0,0
0,4,0,39,0,0,0,0,0,0,0
0,6,0,308,0,0,0,1,2,0,0
0,6,0,0,0,0,0,0,1,0,0
0,6,0,8,0,0,0,0,1,0,0
0,4,0,176,0,0,0,0,0,0,1
0,5,0,41,0,0,0,0,1,0,0
0,6,0,46,0,0,0,0,2,0,0
1,5,0,137,0,0,0,0,0,0,0
0,6,0,89,0,0,0,0,0,0,1
0,1,0,1,1,10,0,0,2,1,0
0,5,0,214,0,0,0,0,0,0,0
0,4,0,40,0,0,0,0,0,1,1
0,6,0,62,0,0,0,0,1,0,0
0,6,0,197,0,0,0,0,2,1,1
0,2,0,7,0,0,0,1,0,0,0
1,5,0,7,0,0,0,0,0,0,0
1,4,0,2,0,0,0,0,0,0,1
0,6,0,173,0,0,0,0,0,1,1
0,5,0,35,0,0,0,0,0,0,0
0,6,0,46,0,0,0,0,0,1,1
1,6,0,37,0,0,0,1,2,0,0
0,5,1,34,1,0,0,0,0,1,1
0,4,1,233,0,0,0,0,0,1,1
0,5,1,335,1,0,0,0,0,1,1
1,5,0,19,0,0,0,0,1,1,0
0,5,1,93,0,0,0,0,0,1,1
0,4,0,101,0,0,0,0,0,0,0
0,5,1,245,0,0,0,0,0,1,1
0,6,0,86,0,0,0,0,1,1,0
0,6,0,22,0,0,0,0,0,1,1
1,5,0,208,0,0,0,0,2,1,0
1,6,0,163,0,0,0,0,2,0,0
0,6,0,244,0,0,0,3,0,1,0
0,2,0,0,0,0,0,0,0,0,0
0,4,1,92,0,0,0,0,0,1,1
1,6,0,292,0,0,0,0,1,0,1
1,6,0,1,0,0,0,0,0,0,0
0,6,0,26,0,0,0,0,0,1,1
0,3,0,23,0,0,0,0,1,0,0
0,5,1,313,0,0,0,0,0,1,1
1,6,0,20,0,1,0,0,1,0,0
0,6,0,58,0,0,0,0,3,0,0
0,6,0,20,0,0,0,0,1,0,0
0,6,0,1,0,0,0,0,0,0,0
0,6,0,39,0,0,0,0,0,1,1
0,5,0,57,0,0,0,0,0,0,0
1,4,0,7,0,0,0,1,0,0,0
0,6,0,18,0,0,0,0,0,0,1
1,6,0,26,0,0,0,0,0,0,1
1,3,0,163,0,0,0,1,2,1,0
1,6,0,0,0,0,0,0,0,0,0
0,4,0,12,0,0,0,0,0,1,0
1,3,0,21,0,0,0,1,0,0,0
0,3,0,76,0,0,0,0,0,1,1
0,1,0,0,0,0,0,0,0,0,0
1,2,0,0,0,0,0,0,0,0,0
0,2,0,1,0,0,0,0,0,0,0
0,6,0,2,0,0,0,0,0,0,0
1,6,0,55,0,0,0,0,2,1,0
1,5,0,113,0,0,0,0,0,1,0
0,6,0,29,0,0,0,2,2,1,0
0,6,0,76,0,0,0,0,2,0,0
1,5,0,164,0,0,0,0,0,0,0
1,6,0,86,0,0,0,0,0,1,1
0,6,0,49,0,0,0,0,1,1,0
0,5,0,271,0,0,0,0,1,0,0
0,4,0,57,0,0,0,0,1,0,0
0,6,0,52,0,0,0,0,0,1,1
0,6,0,274,0,0,0,0,2,1,0
0,6,0,163,0,0,0,0,2,0,0
0,5,0,59,0,0,0,0,0,0,0
0,4,0,95,0,0,0,0,0,1,1
0,4,1,305,1,0,17,0,0,1,1
0,6,0,277,0,0,0,0,1,0,0
1,4,2,14,0,0,0,0,0,0,0
1,3,0,52,0,0,0,0,1,0,0
1,6,0,1,0,0,0,0,1,0,0
0,6,0,24,0,0,0,0,1,1,0
0,2,0,28,0,0,0,0,0,0,0
0,5,1,161,0,0,101,0,0,1,1
0,4,0,59,0,0,0,0,0,0,0
0,6,0,106,0,0,0,0,1,1,0
0,4,0,98,0,0,0,0,0,1,0
0,5,0,55,0,0,0,0,0,0,0
0,5,0,195,1,0,0,0,0,1,1
1,6,0,80,0,0,0,0,2,0,1
0,5,0,303,0,0,0,0,0,1,1
0,4,1,265,0,0,0,0,0,1,1
0,4,1,321,1,0,0,0,0,1,1
1,6,0,208,0,0,0,0,1,1,0
1,5,0,35,0,0,0,0,1,0,0
0,6,0,86,0,0,0,0,0,1,1
1,5,0,217,0,0,0,0,0,0,0
0,2,0,165,0,0,0,4,0,0,0
1,6,0,153,0,0,0,0,2,0,0
1,6,0,55,0,0,0,0,1,0,0
0,5,0,230,0,0,0,0,1,0,0
1,6,0,70,0,0,0,0,0,0,0
1,6,0,223,0,0,0,0,2,0,1
0,5,1,226,0,0,0,0,0,1,1
1,5,0,116,0,0,0,0,1,1,0
0,6,0,95,0,0,0,0,0,1,1
0,4,1,395,1,0,0,0,0,1,1
0,6,0,44,0,0,0,0,1,1,0
0,6,0,95,0,0,0,0,0,1,1
0,4,0,0,0,0,0,1,0,0,0
0,5,0,99,0,0,0,0,0,1,1
0,6,0,161,0,0,0,0,2,0,0
1,3,0,53,0,0,0,0,1,1,0
0,6,0,167,0,0,0,0,0,1,1
1,4,0,72,0,0,0,0,0,1,1
0,4,1,594,0,0,0,0,0,1,1
1,3,0,5,0,0,0,0,0,0,0
1,2,0,0,0,0,0,2,0,0,0
0,5,1,97,0,0,0,0,0,1,1
0,6,0,57,0,0,0,0,0,1,1
0,6,0,28,0,0,0,0,2,1,0
1,6,0,132,0,0,0,1,1,0,1
0,6,0,139,0,0,0,0,1,1,0
0,6,0,4,0,0,0,0,1,0,0
1,6,0,14,0,0,0,0,1,1,0
1,6,0,10,0,0,0,2,1,0,0
0,6,0,20,0,0,0,0,0,1,1
0,5,0,16,0,0,0,0,0,1,0
0,5,0,2,0,0,0,1,0,0,0
1,3,0,0,0,0,0,2,0,0,0
0,5,1,373,0,0,0,0,0,1,1
0,4,1,28,0,0,0,0,0,1,1
0,6,0,177,0,0,0,0,3,1,0
1,3,0,1,0,2,0,0,0,0,0
0,3,0,0,0,0,0,0,1,0,0
1,3,0,26,0,0,0,1,2,0,0
1,6,0,6,0,0,0,0,1,0,0
0,6,0,47,0,0,0,1,2,0,0
0,5,0,61,0,0,0,0,0,0,0
1,5,0,16,0,0,0,0,0,0,0
1,6,0,99,0,0,0,0,1,0,0
1,4,0,33,0,0,0,0,1,0,0
0,6,0,24,0,0,0,0,3,0,0
1,6,0,118,0,0,0,0,2,1,1
0,6,0,251,0,0,0,2,1,0,0
0,6,0,175,0,0,0,0,0,0,1
0,5,0,145,0,0,0,1,0,0,0
1,5,0,19,0,0,0,0,0,0,0
1,4,0,22,0,0,0,0,0,0,0
0,6,0,80,0,0,0,0,0,1,1
0,4,0,414,0,0,0,0,1,0,0
1,4,0,197,0,0,0,0,0,0,0
1,4,0,82,1,0,0,0,0,1,1
1,4,1,181,0,0,0,0,0,1,1
0,6,0,190,0,0,0,0,2,0,0
0,6,0,191,0,0,0,0,0,1,1
0,3,0,0,0,0,0,0,0,1,0
0,5,0,23,0,0,0,0,0,0,0
0,2,0,0,2,16,0,0,0,0,0
1,6,0,45,0,0,0,1,1,1,0
0,4,0,44,0,0,0,0,0,1,0
1,6,0,225,0,0,0,1,2,1,0
0,5,0,97,0,0,0,0,1,0,0
1,6,0,1,0,0,0,0,1,0,0
0,6,0,8,0,0,0,0,0,0,0
1,6,0,1,0,0,0,0,0,0,0
0,4,0,16,0,0,0,0,1,0,0
1,5,0,35,0,0,0,0,0,0,0
1,3,0,71,0,0,0,0,0,0,0
0,6,0,43,0,0,0,0,1,0,0
1,6,0,214,0,0,0,0,0,0,1
0,6,0,3,0,0,0,0,2,0,0
0,4,1,346,1,0,0,0,0,1,1
0,6,0,80,0,0,0,0,0,1,1
0,6,0,51,0,0,0,0,1,0,0
0,1,0,2,2,7,0,0,3,0,0
0,5,1,364,1,0,0,0,0,1,1
0,3,0,207,0,0,0,0,0,0,0
0,5,1,34,1,0,0,0,0,1,1
1,4,0,254,0,0,0,0,0,0,0
0,6,0,121,0,0,0,0,0,0,1
0,6,0,130,0,0,0,0,0,1,1
1,4,1,149,0,0,0,0,0,1,1
0,6,0,43,0,0,0,0,0,1,1
1,5,0,52,0,0,0,1,0,0,0
1,5,0,41,0,0,0,1,0,0,0
0,4,1,82,1,0,21,0,0,1,1
1,6,0,145,0,0,0,0,0,0,1
0,4,0,4,0,0,0,0,0,0,0
1,6,0,252,0,0,0,1,0,1,1
1,3,0,13,0,0,0,2,0,0,0
0,3,0,0,0,0,0,0,0,0,0
0,2,0,0,0,1,0,0,0,0,0
1,4,0,211,0,0,0,0,0,0,0
0,6,0,44,0,0,0,1,1,0,0
0,6,0,47,0,0,0,0,1,1,0
1,6,0,128,0,0,0,0,2,0,0
0,3,0,0,0,0,0,0,0,0,0
1,6,0,167,0,0,0,0,1,0,0
0,6,0,17,0,0,0,0,1,1,0
0,5,0,67,0,0,0,0,0,0,0
1,5,0,107,0,0,0,0,2,0,0
1,6,0,56,0,0,0,1,0,0,0
0,6,0,0,0,0,0,1,0,0,0
0,6,0,189,0,0,0,0,0,1,1
1,6,0,172,0,0,0,1,0,1,1
1,5,0,63,0,0,0,0,1,0,0
0,6,0,95,0,0,0,0,1,1,0
1,5,0,85,0,0,0,2,0,0,0
0,6,0,14,0,0,0,0,1,0,0
1,3,0,0,0,1,0,0,1,0,0
1,6,0,47,0,0,0,0,2,1,1
1,4,0,82,0,0,0,0,0,0,0
0,2,0,5,0,0,0,1,0,1,0
0,6,0,173,0,0,0,0,0,0,1
0,5,1,109,1,0,44,0,0,1,1
0,3,0,1,0,0,0,0,1,0,0
0,4,1,156,0,0,0,0,0,1,1
1,6,0,36,0,0,0,0,2,0,1
0,5,1,52,0,0,0,0,0,1,1
0,5,0,124,0,0,0,0,0,0,0
1,2,0,7,0,0,0,0,0,0,0
0,6,0,4,0,0,0,1,0,0,0
0,4,1,120,0,0,0,0,0,1,1
1,2,0,61,0,0,0,2,0,0,0
1,3,0,15,0,0,0,0,2,0,0
0,6,0,148,0,0,0,0,1,0,0
1,4,0,96,0,0,0,0,0,0,0
0,4,1,304,1,0,0,0,0,1,1
1,5,0,0,0,0,0,0,0,0,0
1,4,0,211,0,0,0,0,0,1,0
0,6,0,9,0,0,0,0,0,0,1
1,6,0,10,0,0,0,0,1,0,0
1,3,0,4,0,0,0,0,2,0,0
1,6,0,116,0,0,0,0,1,0,0
1,5,0,46,0,0,0,3,0,0,0
0,6,0,321,0,0,0,2,3,1,0
1,4,0,383,0,0,0,0,0,0,1
1,6,0,24,0,0,0,0,2,0,0
0,4,1,267,0,0,0,0,0,1,1
1,5,0,72,0,0,0,0,0,0,0
0,4,0,212,0,0,0,0,0,1,1
1,5,0,45,0,0,0,0,2,0,0
0,6,0,51,0,0,0,0,2,0,0
0,6,0,80,0,0,0,0,1,0,0
0,5,1,278,0,0,0,0,0,1,1
1,2,0,6,0,2,0,0,0,0,0
1,4,0,542,0,0,0,0,2,0,0
0,5,1,100,0,0,0,0,0,1,1
0,6,0,217,0,0,0,0,0,1,1
0,6,0,139,0,0,0,0,0,0,1
0,5,0,7,0,0,0,0,0,0,0
1,3,0,2,0,0,0,0,1,0,0
0,4,0,168,0,0,0,1,0,0,0
0,5,0,159,0,0,0,0,1,0,0
1,6,0,61,0,0,0,0,1,0,0
0,4,0,213,0,0,0,1,1,0,0
1,6,0,28,0,0,0,0,2,0,0
1,5,0,182,0,0,0,0,0,0,0
0,6,0,1,0,0,0,0,0,0,0
1,4,1,143,0,0,0,0,0,1,1
0,4,1,87,0,0,0,0,0,1,1
0,4,0,116,0,0,0,0,0,0,0
1,6,0,22,0,0,0,0,2,0,0
1,3,0,88,0,0,0,0,1,0,0
0,6,0,69,0,0,0,0,0,1,1
0,4,1,266,0,0,0,0,0,1,1
0,5,1,394,0,0,0,0,0,1,1
0,6,0,35,0,0,0,0,2,1,0
1,6,0,74,0,0,0,0,2,1,1
0,4,1,412,0,0,0,0,0,1,1
1,5,0,37,0,0,0,0,0,0,0
0,6,0,168,0,0,0,2,2,0,0
1,3,0,105,0,0,0,0,1,0,0
0,3,0,162,0,0,0,0,1,0,1
0,5,1,120,0,0,15,0,0,1,1
1,6,0,11,0,0,0,0,1,0,0
0,6,0,52,0,0,0,0,1,0,0
0,6,0,212,0,0,0,0,1,0,0
0,4,1,391,0,0,0,0,0,1,1
1,5,0,313,0,0,0,0,2,1,0
1,5,0,56,0,0,0,0,0,0,0
1,3,0,0,0,0,0,0,0,0,0
1,3,0,2,0,0,0,1,0,1,0
0,6,0,63,0,0,0,0,1,0,0
1,2,0,0,2,3,0,0,2,0,0
1,5,0,39,0,0,0,0,0,0,0
1,5,0,136,0,0,0,1,0,0,0
0,5,1,30,0,0,0,0,0,1,1
0,6,0,35,0,0,0,0,0,1,1
0,4,1,337,0,0,0,0,0,1,1
0,5,0,67,0,0,0,0,1,1,1
0,5,0,301,0,0,0,0,1,0,0
0,4,1,101,0,0,0,0,0,1,1
0,4,1,224,1,0,0,0,0,1,1
1,6,0,13,0,0,0,0,0,0,1
1,4,1,92,1,0,0,0,0,1,1
0,6,0,50,0,0,0,1,1,0,0
0,3,0,64,0,0,0,0,2,0,0
1,4,0,364,0,0,0,3,0,0,0
0,6,0,22,0,0,0,0,1,0,0
1,6,0,5,0,0,0,0,1,0,0
0,6,0,100,0,0,0,0,2,1,0
0,5,1,245,0,0,0,0,0,1,1
0,4,1,422,0,0,0,0,0,1,1
1,3,0,1,0,0,0,0,0,0,0
1,2,0,31,0,0,0,2,0,0,0
0,5,0,273,0,0,0,0,0,0,0
0,6,0,0,0,0,0,0,0,0,0
0,6,0,76,0,0,0,3,1,0,0
0,4,1,479,0,0,0,0,0,1,1
0,3,0,188,0,0,0,0,0,0,0
0,6,0,180,0,0,0,2,1,0,0
0,4,1,35,0,0,0,0,0,1,1
0,3,0,8,0,0,0,1,3,0,0
0,6,0,89,0,0,0,0,1,1,0
0,3,0,1,0,0,0,0,1,0,0
0,6,0,207,0,0,0,0,2,0,0
0,5,0,90,0,0,0,1,0,1,0
1,6,0,1,0,0,0,1,1,0,0
0,4,0,48,0,0,0,0,1,0,0
1,3,0,313,0,0,0,0,0,0,1
1,6,0,62,0,0,0,0,1,0,0
1,5,0,4,0,0,0,0,0,0,0
1,6,0,291,0,0,0,0,1,1,1
0,6,0,90,0,0,0,0,0,0,0
1,2,0,3,0,0,0,0,0,0,0
1,6,0,51,0,0,0,0,1,1,0
0,6,0,19,0,0,0,0,1,0,0
1,4,0,19,0,0,0,0,0,0,0
0,5,0,183,0,0,0,0,1,0,0
1,2,0,19,0,0,0,0,0,0,0
1,6,0,117,0,0,0,0,1,0,0
0,5,0,69,0,0,0,0,0,0,0
0,6,0,28,0,0,0,0,1,1,0
1,6,0,0,0,0,0,0,2,0,0
0,6,0,8,0,0,0,0,0,0,0
0,6,0,0,0,0,0,0,0,0,0
0,6,0,4,0,0,0,0,0,0,0
0,6,0,1,0,0,0,0,1,0,0
0,5,0,92,0,0,0,0,2,0,0
0,5,0,39,0,0,0,0,0,1,1
0,5,0,75,0,0,0,0,0,0,0
1,3,0,39,0,0,0,0,0,1,0
0,5,0,90,0,0,0,0,0,0,0
0,6,0,70,0,0,0,0,0,0,1
1,6,0,16,0,0,0,0,0,0,1
0,4,1,283,1,0,0,0,0,1,1
1,6,0,15,0,0,0,0,2,0,0
1,5,0,288,0,0,0,1,0,1,0
0,6,0,130,0,0,0,0,2,1,1
0,6,0,2,0,0,0,0,1,0,0
0,6,0,15,0,0,0,0,0,0,1
0,5,0,70,0,0,0,0,0,0,0
1,6,0,15,0,0,0,1,3,0,0
0,2,0,6,0,0,0,1,0,1,0
0,5,1,407,0,0,0,0,0,1,1
0,4,1,605,0,0,0,0,0,1,1
0,6,0,21,0,0,0,0,1,0,0
0,5,0,72,0,0,0,0,0,1,0
0,5,1,34,1,0,0,0,0,1,1
0,4,1,292,1,0,0,0,0,1,1
0,5,1,56,0,0,0,0,0,1,1
0,4,1,130,0,0,0,0,0,1,1
1,6,0,37,0,0,0,0,0,0,0
0,5,1,329,1,0,0,0,0,1,1
0,6,0,179,0,0,0,0,0,0,1
0,6,0,128,0,0,0,0,1,1,0
0,4,0,198,0,0,0,0,1,0,0
0,5,1,71,0,0,0,0,0,1,1
0,4,0,158,0,0,0,1,0,0,0
1,6,0,0,0,0,0,0,1,0,0
1,3,0,123,0,0,0,0,1,0,0
1,3,0,320,0,0,0,0,0,0,0
0,6,0,47,0,0,0,0,0,0,1
0,6,0,54,0,0,0,0,1,1,0
0,6,0,21,0,0,0,0,1,0,0
0,4,1,342,1,0,0,0,0,1,1
0,3,0,125,0,0,0,0,0,0,1
0,3,0,50,0,0,0,0,0,1,0
1,5,0,20,1,0,0,0,0,1,1
1,5,0,181,0,0,0,0,0,0,0
1,5,0,144,0,0,0,0,0,0,0
0,5,0,138,0,0,0,0,0,0,0
0,6,0,128,0,0,0,0,1,0,0
1,6,0,120,0,0,0,0,0,1,1
0,6,0,85,0,0,0,0,0,0,1
1,4,1,92,1,0,0,0,0,1,1
1,5,0,247,0,0,0,0,0,1,0
1,6,0,177,0,0,0,0,1,1,0
0,3,0,101,0,0,0,1,2,0,0
0,2,0,2,0,2,0,0,0,0,0
0,6,0,1,0,0,0,0,2,0,0
0,6,0,7,0,0,0,0,0,0,0
1,6,0,126,0,0,0,0,2,0,0
0,6,0,9,0,0,0,0,1,0,0
0,6,0,18,0,0,0,0,0,0,1
0,5,0,170,0,0,0,1,2,0,0
0,4,1,86,1,0,35,0,0,1,1
0,5,0,0,0,0,0,0,0,0,0
0,6,0,21,0,0,0,0,0,1,1
1,6,0,23,0,0,0,1,3,0,1
0,2,0,5,0,2,0,0,1,0,0
1,3,0,0,0,0,0,0,0,0,0
1,6,0,127,0,0,0,0,2,0,1
0,6,0,119,0,0,0,0,0,0,0
0,6,0,33,0,0,0,0,0,1,1
1,6,0,187,0,0,0,1,4,0,0
0,6,0,10,0,0,0,0,0,1,1
1,3,0,0,0,0,0,0,0,0,0
1,6,0,247,0,0,0,1,2,1,0
0,6,0,93,0,0,0,0,1,0,0
0,6,0,84,0,0,0,0,0,1,1
0,4,0,55,0,0,0,0,0,0,0
1,5,0,71,0,0,0,0,0,1,0
1,6,0,131,0,0,0,0,0,1,1
1,6,0,109,0,0,0,0,1,0,0
0,4,0,25,0,0,0,0,0,1,1
0,5,0,36,0,0,0,1,0,0,1
0,3,0,31,0,0,0,0,0,0,0
0,4,0,34,0,0,0,0,0,1,0
1,6,0,144,0,0,0,0,0,0,1
1,5,0,236,0,0,0,0,0,0,0
1,5,0,14,0,0,0,0,0,0,0
0,5,0,2,0,0,0,1,0,0,0
0,6,0,257,0,0,0,3,2,0,0
0,6,0,60,0,0,0,0,1,0,0
0,5,0,103,0,0,0,1,1,0,1
0,5,0,9,0,0,0,0,0,0,0
1,3,0,0,0,0,0,0,0,0,0
0,1,0,0,1,5,0,0,4,0,1
1,6,0,98,0,0,0,6,3,1,0
1,6,0,128,0,0,0,0,1,0,1
0,6,0,16,0,0,0,1,1,0,0
0,5,1,245,0,0,0,0,0,1,1
0,6,0,51,0,0,0,0,1,1,0
1,3,0,1,0,0,0,0,0,0,0
0,3,0,172,0,0,0,0,1,0,0
0,2,0,0,0,0,0,0,0,0,0
0,4,1,538,0,0,0,0,0,1,1
0,4,1,129,0,0,0,0,0,1,1
0,4,1,215,0,0,0,0,0,1,1
0,5,0,129,0,0,0,0,1,0,0
0,6,0,54,0,0,0,0,3,1,0
0,6,0,24,0,0,0,0,1,0,0
1,4,0,10,0,0,0,0,0,1,0
0,6,0,61,0,0,0,0,2,0,0
0,6,0,50,0,0,0,2,1,0,0
0,6,0,56,0,0,0,0,3,0,0
1,5,0,118,0,0,0,0,1,0,0
1,5,0,244,0,0,0,0,0,0,0
1,2,0,12,0,0,0,0,0,0,0
0,6,0,128,0,0,0,0,0,1,1
0,6,0,26,0,0,0,0,0,0,1
0,4,0,208,0,0,0,0,0,0,0
1,4,0,94,0,0,0,0,0,1,0
0,3,0,138,0,0,0,0,0,0,0
0,6,0,7,0,0,0,0,0,0,0
1,5,0,219,0,0,0,0,1,0,1
0,6,0,8,0,0,0,2,2,0,0
0,4,1,277,0,0,0,0,0,1,1
0,6,0,89,0,0,0,0,0,0,1
0,4,0,56,0,0,0,0,0,0,1
1,3,0,0,0,0,0,0,0,0,0
0,5,0,32,0,0,0,1,0,0,0
1,4,0,322,0,0,75,0,0,0,0
0,3,0,136,0,0,0,1,2,0,0
0,5,0,55,0,0,0,0,0,0,0
1,5,0,62,0,0,0,0,0,0,0
1,6,0,7,0,0,0,0,1,0,0
0,5,0,270,0,0,187,0,0,0,1
0,3,0,2,0,0,0,1,0,0,0
0,6,0,127,0,0,0,0,2,0,0
1,6,0,312,0,0,0,0,3,1,1
0,6,0,17,0,0,0,0,1,0,0
0,3,0,9,0,0,0,3,0,0,0
0,6,0,42,0,0,0,1,0,1,0
0,6,0,228,0,0,0,0,0,1,0
0,5,0,14,0,0,0,0,0,0,0
0,5,0,71,0,0,0,0,0,0,0
1,2,1,10,0,0,0,0,0,1,1
0,6,0,275,0,0,0,0,0,1,1
1,3,0,115,0,0,0,0,0,1,0
1,3,0,7,0,0,0,2,0,0,0
1,4,0,383,0,0,0,0,0,1,1
0,6,0,125,0,0,0,0,2,0,0
0,6,0,340,0,0,0,1,0,1,1
0,6,0,7,0,0,0,0,2,0,0
0,5,1,273,0,0,0,0,0,1,1
1,6,0,0,0,0,0,0,2,0,0
1,6,0,37,0,0,0,3,1,0,0
0,3,0,88,0,0,0,0,0,1,0
0,4,1,277,0,0,0,0,0,1,1
0,4,1,104,0,0,0,0,0,1,1
0,5,0,286,0,0,44,0,0,0,0
0,4,1,130,1,0,10,0,0,1,1
0,6,0,31,0,0,0,0,0,1,1
1,3,0,0,0,0,0,0,0,1,0
0,6,0,43,0,0,0,0,2,0,0
0,6,0,56,0,0,0,0,0,0,1
1,3,0,83,0,0,0,0,0,0,0
0,5,1,304,0,0,0,0,0,1,1
0,3,0,2,0,0,0,1,2,0,0
0,6,0,27,0,0,0,0,0,1,1
1,6,0,0,0,0,0,1,1,0,0
1,3,0,172,0,0,0,0,0,1,0
0,6,0,59,0,0,0,0,0,0,1
1,3,0,5,0,0,0,0,0,1,0
0,3,0,170,0,0,0,0,1,0,0
0,6,0,57,0,0,0,0,0,1,1
0,4,1,178,0,0,0,0,0,1,1
1,6,0,196,0,0,0,0,2,1,0
0,6,0,6,0,0,0,0,1,1,0
0,6,0,186,0,0,0,2,0,0,0
0,6,0,104,0,0,0,0,1,0,0
1,2,0,40,0,0,0,0,0,1,1
0,6,0,7,0,0,0,0,1,1,0
1,3,0,0,0,0,0,0,0,0,0
1,6,0,308,0,0,0,0,1,1,1
1,5,0,292,0,0,0,1,0,0,0
1,3,0,0,0,0,0,0,1,0,0
0,6,0,37,0,0,0,0,1,1,0
0,6,0,3,0,0,0,0,1,0,0
0,5,1,71,0,0,0,0,0,1,1
1,6,0,152,0,0,0,0,0,1,0
1,3,0,0,0,0,0,0,0,0,0
0,4,0,18,0,0,0,3,0,0,1
0,3,0,0,0,0,0,0,0,1,0
1,5,0,146,0,0,0,0,1,0,1
0,6,0,27,0,0,0,0,0,1,1
0,6,0,187,0,0,0,0,1,1,1
1,6,0,30,0,0,0,0,2,0,0
0,6,0,77,0,0,0,0,2,0,0
1,4,0,22,0,0,0,0,0,0,0
0,6,0,116,0,0,0,1,1,0,0
0,5,0,66,0,0,0,0,1,0,0
1,3,0,76,0,0,0,0,1,0,0
1,6,0,3,0,0,0,0,0,0,0
0,6,0,179,0,0,0,0,2,0,0
0,6,0,46,0,0,0,0,0,0,1
0,6,0,0,0,0,0,0,0,0,0
0,6,0,94,0,0,0,1,0,1,1
0,5,0,80,0,0,0,0,1,0,0
0,2,0,0,0,0,0,0,0,0,0
0,6,0,181,0,0,0,2,1,1,0
1,3,0,6,0,0,0,0,0,0,0
1,3,0,0,0,0,0,3,0,0,0
0,6,0,189,0,0,0,0,0,1,1
0,4,0,302,1,0,0,0,0,1,1
0,6,0,166,0,0,0,0,1,1,0
0,6,0,132,0,0,0,0,0,1,0
1,4,0,85,0,0,0,0,0,1,1
1,4,0,152,0,0,0,2,0,0,0
1,4,1,166,24,0,0,0,0,1,1
0,6,0,178,0,0,0,1,1,0,0
0,4,1,158,0,0,31,0,0,1,1
0,6,0,19,0,0,0,1,1,0,0
1,6,0,141,0,0,0,0,1,0,1
0,4,0,140,0,0,87,1,0,0,0
1,4,1,140,0,0,0,0,0,1,1
1,5,1,275,26,0,0,0,0,1,1
1,4,0,4,0,0,0,0,0,1,0
0,4,1,128,0,0,0,0,0,1,1
1,6,0,16,0,0,0,0,1,0,0
1,4,1,103,0,0,0,0,0,1,1
0,3,0,101,0,0,0,0,1,0,1
0,1,0,32,0,0,0,1,1,0,0
1,6,0,0,0,0,0,0,1,0,0
0,4,0,147,1,0,0,0,0,1,1
0,6,0,158,0,0,0,2,1,0,1
1,6,0,128,0,0,0,0,1,0,1
0,5,0,0,0,0,0,0,0,0,0
1,6,0,3,0,0,0,0,2,0,0
0,2,0,71,0,0,0,1,0,0,0
1,6,0,175,0,0,0,0,0,1,1
0,6,0,0,0,0,0,0,1,0,0
0,4,1,272,1,0,41,0,0,1,1
1,6,0,100,0,0,0,1,0,0,1
1,4,0,102,0,0,0,0,0,1,1
0,4,0,151,0,0,0,0,1,0,0
1,5,0,223,0,0,0,1,1,1,1
0,4,1,393,0,0,0,0,0,1,1
1,2,0,0,0,2,0,0,0,0,0
1,6,0,100,0,0,0,0,2,1,1
0,4,0,115,0,0,0,1,1,0,0
0,5,0,13,0,0,0,1,3,1,0
0,6,0,0,0,0,0,0,1,0,0
0,5,0,34,0,0,0,0,0,0,0
0,4,1,229,0,0,0,0,0,1,1
1,6,0,0,0,0,0,0,0,0,0
0,2,0,5,1,7,0,0,1,0,0
1,2,0,1,0,1,0,1,0,0,0
0,6,0,90,0,0,0,0,0,0,0
0,6,0,160,0,0,0,1,1,0,0
0,6,0,49,0,0,0,0,1,0,0
0,4,0,267,1,0,0,0,0,1,1
1,6,0,51,0,0,0,0,0,0,1
0,6,0,17,0,0,0,0,1,0,0
1,5,1,244,19,0,0,0,0,1,1
1,6,0,326,0,0,0,0,1,1,1
0,4,1,86,1,0,35,0,0,1,1
0,5,0,92,0,0,0,0,2,0,0
0,6,0,144,0,0,0,0,1,1,0
0,6,0,17,0,0,0,0,1,1,0
1,6,0,110,0,0,0,0,0,1,1
0,6,0,51,0,0,0,0,3,1,0
0,4,0,135,0,0,0,0,0,0,0
0,5,0,192,0,0,0,0,0,0,0
0,5,0,53,0,0,0,0,0,0,0
1,6,0,208,0,0,0,1,1,1,0
0,5,0,418,0,0,223,0,0,0,0
1,4,0,388,0,0,0,0,0,0,0
1,6,0,32,0,0,0,0,1,0,0
1,6,0,3,0,0,0,0,0,0,0
1,6,0,17,0,0,0,0,2,0,0
1,6,0,86,0,0,0,0,0,1,1
1,6,0,307,0,0,0,0,4,0,0
1,6,0,35,0,0,0,0,2,1,0
0,6,0,38,0,0,0,0,2,1,0
0,4,0,75,0,0,0,0,0,1,1
0,3,0,0,0,0,0,0,0,0,0
0,3,0,175,0,0,0,0,1,1,0
0,4,0,50,0,0,0,1,0,1,0
1,5,0,151,0,0,0,0,1,0,0
1,6,0,1,0,0,0,0,2,0,0
1,4,0,383,0,0,0,0,0,0,1
0,3,0,168,0,0,0,0,2,0,0
1,3,0,0,0,0,0,0,1,1,0
0,6,0,5,0,0,0,0,1,0,0
0,6,0,54,0,0,0,0,1,0,0
0,6,0,0,0,0,0,0,1,0,0
0,6,0,72,0,0,0,0,0,1,1
0,3,0,0,0,0,0,0,0,1,0
0,3,0,38,0,0,0,0,0,0,0
1,6,0,9,0,0,0,2,1,0,0
0,4,1,349,1,0,0,0,0,1,1
0,4,1,379,1,0,0,0,0,1,1
0,6,0,146,0,0,0,0,0,1,1
0,6,0,40,0,0,0,0,1,0,0
0,4,1,137,1,0,45,0,0,1,1
1,6,0,15,0,0,0,0,0,1,0
0,4,0,199,0,0,0,0,0,1,1
1,4,0,13,0,0,0,0,0,1,1
1,3,0,68,0,0,0,1,0,0,0
0,3,0,19,0,0,0,0,0,0,0
1,6,0,40,0,0,0,0,1,1,0
0,6,0,126,0,0,0,0,1,0,0
0,4,0,138,0,0,0,0,0,0,0
0,6,0,0,0,0,0,0,0,0,0
1,6,0,20,0,0,0,0,1,0,0
0,6,0,6,0,0,0,0,0,0,0
1,6,0,34,0,0,0,0,1,0,0
0,4,1,395,1,0,0,0,0,1,1
0,5,0,72,0,0,0,0,0,0,0
1,6,0,46,0,0,0,0,2,1,1
0,4,1,286,0,0,0,0,0,1,1
0,6,0,32,0,0,0,2,2,0,0
1,6,0,167,0,0,0,0,0,0,1
0,5,0,256,0,0,0,1,0,0,0
1,1,0,65,0,0,0,1,0,0,1
0,6,0,190,0,0,0,0,0,0,1
0,5,0,405,0,0,0,0,0,0,0
0,6,0,22,0,0,0,0,2,0,0
1,6,0,1,0,0,0,1,0,0,0
1,6,0,27,0,0,0,1,2,0,0
1,6,0,14,0,0,0,0,3,0,0
0,2,0,2,0,0,0,0,1,0,0
0,5,0,140,0,0,0,3,0,0,0
0,5,1,71,0,0,0,0,0,1,1
1,3,0,64,0,0,0,1,1,0,0
0,6,0,131,0,0,0,0,0,1,1
0,5,1,245,0,0,0,0,0,1,1
0,6,0,187,0,0,0,0,1,0,1
1,3,0,29,0,0,0,0,0,0,0
0,4,0,14,0,0,0,2,0,0,0
0,6,0,43,0,0,0,0,0,1,1
0,6,0,97,0,0,0,0,1,1,0
0,6,0,68,0,0,0,0,1,0,0
0,6,0,49,0,0,0,0,1,1,0
0,5,0,225,0,0,0,0,1,0,0
1,2,0,0,0,0,0,0,0,0,0
1,3,0,0,0,0,0,0,0,0,0
0,5,0,247,0,0,0,0,1,0,0
0,5,0,82,1,0,0,0,2,1,1
0,6,0,0,0,0,0,0,2,0,0
0,3,0,151,0,0,0,0,1,1,0
0,5,0,164,0,0,0,0,0,1,0
1,6,0,160,0,0,0,0,0,1,1
1,6,0,67,0,0,0,0,1,0,0
0,5,0,80,0,0,0,0,0,0,0
1,6,0,25,0,0,0,0,1,0,0
0,6,0,56,0,0,0,0,1,0,0
1,4,1,64,0,0,0,0,0,1,1
0,4,1,316,0,0,0,0,0,1,1
0,3,0,3,0,1,0,0,1,0,0
0,4,0,192,0,0,0,3,0,0,0
1,6,0,309,0,0,0,0,1,1,1
0,6,0,35,0,0,0,0,0,1,1
1,6,0,14,0,0,0,0,1,1,0
1,5,1,267,1,0,0,0,0,1,1
0,6,0,97,0,0,0,0,1,0,0
1,5,0,84,0,0,0,0,0,0,0
0,6,0,64,0,0,0,0,1,0,0
0,6,0,13,0,0,0,0,0,0,1
0,4,0,147,1,0,0,0,0,1,1
1,2,0,3,0,1,0,1,0,0,0
1,6,0,43,0,0,0,0,0,1,1
1,6,0,14,0,0,0,0,1,0,0
0,2,0,10,0,0,0,2,0,0,0
1,4,0,214,0,0,0,3,0,0,0
1,4,0,342,0,0,125,1,0,0,0
1,3,0,0,0,0,0,0,0,0,0
0,5,0,102,0,0,0,0,0,0,0
1,6,0,10,0,0,0,0,2,0,0
0,5,0,405,0,0,0,0,0,0,0
0,6,0,168,0,0,0,0,0,1,1
1,5,0,212,0,0,0,0,1,0,0
0,6,0,81,0,0,0,0,1,0,0
0,6,0,27,0,0,0,0,0,1,1
0,5,1,139,0,0,0,0,0,1,1
0,5,1,19,1,0,0,0,0,1,1
0,5,1,108,1,0,0,0,0,1,1
1,2,0,9,0,3,0,0,0,0,0
0,6,0,104,0,0,0,0,2,1,0
0,6,0,296,0,0,0,0,0,0,1
0,4,1,210,0,0,0,0,0,1,1
1,2,0,11,1,3,0,0,0,0,0
0,5,0,279,0,0,0,0,1,0,0
0,6,0,170,0,0,0,0,1,0,0
1,6,0,31,0,0,0,0,2,1,0
0,5,1,193,0,0,39,0,0,1,1
1,6,0,132,0,0,0,0,1,1,0
0,6,0,141,0,0,0,0,0,0,1
1,4,1,182,0,0,0,0,0,1,1
0,6,0,104,0,0,0,0,3,0,0
1,4,1,247,1,0,0,0,0,1,1
0,4,0,55,0,0,0,0,0,0,0
1,6,0,4,0,0,0,0,0,0,0
0,6,0,146,1,0,0,0,0,1,1
1,6,0,2,0,0,0,0,1,0,0
0,5,1,335,1,0,0,0,0,1,1
0,6,0,156,0,0,0,0,0,1,1
1,2,0,5,0,1,0,0,0,0,0
0,4,1,247,0,0,0,0,0,1,1
1,4,2,339,0,0,150,0,0,0,0
0,6,0,286,0,0,0,2,1,0,0
0,4,1,302,0,0,0,0,0,1,1
1,5,0,12,0,0,0,0,0,0,0
0,4,1,300,0,0,0,0,0,1,1
0,6,0,95,0,0,0,0,1,0,0
1,2,0,1,0,2,0,0,0,0,0
0,6,0,96,0,0,0,0,1,0,0
1,2,0,6,0,1,0,0,0,0,0
1,6,0,9,0,0,0,0,1,0,0
0,6,0,0,0,0,0,0,1,0,0
0,6,0,102,0,0,0,0,2,1,0
1,3,0,0,0,0,0,0,0,0,0
1,2,0,21,0,0,0,0,0,1,0
0,6,0,71,0,0,0,1,0,1,0
0,6,0,156,0,0,0,0,0,0,1
1,5,0,1,0,0,0,0,0,0,0
0,6,0,1,0,0,0,0,0,1,0
0,6,0,42,0,0,0,0,0,0,1
0,4,1,67,0,0,0,0,0,1,1
1,3,0,162,0,0,0,1,1,1,0
0,6,0,21,0,0,0,0,1,0,0
0,1,0,0,0,17,0,0,2,0,0
0,6,0,0,0,0,0,0,1,0,0
0,5,1,44,0,0,3,0,0,1,1
0,5,1,166,0,0,0,0,0,1,1
0,3,0,147,0,0,0,0,0,0,0
0,6,0,84,0,0,0,0,1,1,0
0,5,0,64,0,0,0,0,0,0,0
0,5,1,100,0,0,0,0,0,1,1
0,6,0,0,0,0,0,1,0,0,0
0,4,0,323,1,0,0,0,0,1,1
0,5,0,6,0,0,0,0,0,0,0
0,3,0,3,0,0,0,0,0,1,0
0,6,0,27,0,0,0,0,0,1,1
0,5,0,163,0,0,0,0,1,0,0
0,6,0,89,0,0,0,0,1,0,0
0,4,0,12,0,0,0,0,0,0,0
0,0,0,12,0,5,0,0,0,0,0
0,6,0,286,0,0,0,0,1,0,0
1,4,0,40,0,0,0,0,0,0,0
0,5,1,178,1,0,46,0,0,1,1
0,4,1,198,0,0,0,0,0,1,1
1,6,0,40,0,0,0,0,2,1,0
0,6,0,147,0,0,0,0,0,0,1
0,5,0,159,0,0,0,1,1,0,0
0,6,0,21,0,0,0,0,1,1,0
0,6,0,10,0,0,0,0,0,1,1
1,5,0,113,0,0,0,0,2,0,0
0,6,0,246,0,0,0,0,0,1,1
0,6,0,2,0,0,0,0,1,1,0
0,5,0,151,0,0,0,0,0,0,0
1,5,0,22,0,0,0,1,0,0,0
0,4,0,192,0,0,0,0,0,1,1
0,6,0,30,0,0,0,0,1,0,0
0,5,0,256,0,0,0,1,0,0,0
1,3,0,30,0,0,0,0,0,1,0
0,6,0,12,0,0,0,0,1,0,0
1,6,0,27,0,0,0,0,0,1,1
1,2,0,9,0,0,0,0,0,0,0
1,3,0,112,0,0,0,0,0,1,0
0,6,0,154,0,0,0,1,0,1,0
1,6,0,122,0,0,0,3,1,0,0
0,6,0,168,1,0,0,0,0,1,1
0,5,1,69,0,0,0,0,0,1,1
0,5,0,96,0,0,0,0,0,0,0
1,6,0,70,0,0,0,0,1,0,0
0,6,0,79,0,0,0,0,0,0,1
0,5,0,102,0,0,0,0,0,0,0
0,6,0,68,0,0,0,0,0,1,1
1,5,0,172,0,0,0,1,0,1,0
1,2,0,0,0,0,0,0,0,0,0
0,4,1,342,1,0,0,0,0,1,1
0,6,0,36,0,0,0,0,1,0,0
0,2,0,24,0,0,0,0,0,0,0
1,3,0,0,0,0,0,1,0,0,0
1,6,0,150,0,0,0,0,0,0,1
0,6,0,44,0,0,0,0,0,0,1
1,3,0,16,0,0,0,0,0,0,0
0,4,1,142,0,0,0,0,0,1,1
1,4,1,385,0,0,0,0,0,1,1
0,6,0,4,0,0,0,0,0,0,0
0,3,0,18,0,0,0,0,0,0,1
0,6,0,171,0,0,0,0,1,0,0
0,2,0,22,0,0,0,0,4,0,0
1,5,0,93,0,0,0,0,0,0,0
1,2,0,1,0,1,0,0,0,0,0
1,6,0,16,0,0,0,0,1,0,0
0,6,0,216,0,0,0,2,0,1,1
1,4,0,342,0,0,125,0,0,0,0
1,5,0,131,0,0,0,0,0,0,1
0,4,1,186,0,0,0,0,0,1,1
1,6,0,3,0,0,0,0,0,0,0
0,6,0,23,0,0,0,0,0,0,1
1,3,0,3,0,0,0,0,0,0,0
1,6,0,40,0,0,0,1,2,0,0
0,6,0,1,0,0,0,0,1,0,0
0,5,0,197,0,0,0,0,0,0,0
1,3,0,35,0,0,0,0,1,0,0
1,3,0,5,0,0,0,0,0,0,0
0,6,0,13,0,0,0,0,0,1,1
0,6,0,64,0,0,0,0,2,0,0
1,3,0,0,0,0,0,0,0,0,0
1,6,0,17,0,0,0,0,0,0,1
0,6,0,128,0,0,0,0,1,0,0
0,6,0,84,0,0,0,0,1,0,0
1,6,0,29,0,0,0,0,3,0,0
1,2,0,2,0,0,0,0,1,0,0
1,6,0,10,0,0,0,0,1,0,0
0,2,0,0,0,0,0,0,0,0,0
1,6,0,22,0,0,0,0,0,0,1
0,3,0,1,0,0,0,0,1,0,0
0,5,1,211,0,0,111,0,0,1,1
1,3,0,48,0,0,0,0,1,0,0
1,6,0,10,0,0,0,0,0,0,0
0,6,0,133,0,0,0,0,2,0,0
1,6,0,11,0,0,0,0,3,0,0
1,6,0,10,0,0,0,0,1,0,0
0,6,0,127,0,0,0,0,3,0,0
0,6,0,89,0,0,0,0,1,0,0
0,4,1,67,0,0,0,0,0,1,1
0,6,0,123,0,0,0,0,0,1,1
0,6,0,16,0,0,0,0,0,1,1
0,4,1,302,0,0,0,0,0,1,1
0,5,0,320,0,0,0,0,1,0,0
0,3,0,7,0,0,0,2,1,0,0
0,5,1,180,1,0,38,0,0,1,1
0,4,1,164,0,0,0,0,0,1,1
1,4,0,231,0,0,0,0,0,0,0
1,5,0,53,0,0,0,0,1,0,0
0,5,1,275,0,0,69,0,0,1,1
0,6,0,25,0,0,0,0,2,0,0
0,5,0,19,0,0,0,2,1,0,0
1,2,0,21,0,0,0,0,0,0,0
1,4,1,148,0,0,0,0,0,1,1
0,5,1,71,0,0,0,0,0,1,1
0,6,0,9,0,0,0,0,2,0,0
0,5,0,309,0,0,215,0,0,0,1
1,5,0,237,0,0,0,0,0,0,0
0,6,0,46,0,0,0,1,1,0,0
1,3,0,62,0,0,0,1,0,0,0
1,3,0,6,0,1,0,1,0,0,0
0,4,0,6,0,0,6,0,0,0,0
0,6,0,131,0,0,0,0,2,0,0
1,6,0,27,0,0,0,0,1,1,0
1,5,0,13,0,0,0,0,0,0,0
0,5,1,336,1,0,0,0,0,1,1
0,5,0,1,0,0,0,0,0,1,0
0,6,0,48,0,0,0,0,0,1,0
0,4,0,213,0,0,0,1,0,0,0
0,6,0,64,0,0,0,0,0,1,1
0,4,1,240,0,0,0,0,0,1,1
1,5,0,345,0,0,0,1,2,0,0
0,3,0,66,0,0,0,0,0,0,0
0,3,0,57,0,0,0,0,0,0,0
1,4,0,110,0,0,0,1,0,0,0
0,5,1,305,0,0,0,0,0,1,1
1,6,0,3,0,0,0,0,1,0,0
0,6,0,319,0,0,0,0,1,1,1
0,4,0,9,0,0,0,0,1,0,1
1,4,0,7,0,0,0,1,0,0,0
0,6,0,8,0,0,0,0,0,0,0
0,5,0,146,0,0,0,0,1,0,0
1,6,0,63,0,0,0,0,1,0,0
1,6,0,208,0,0,0,0,2,0,1
1,5,0,174,0,0,0,0,1,0,0
0,6,0,48,0,0,0,0,1,0,0
0,5,0,336,0,0,0,1,0,0,0
1,5,0,126,0,0,0,0,1,0,0
1,4,1,116,0,0,0,0,0,1,1
0,4,1,186,0,0,0,0,0,1,1
0,6,0,148,1,0,0,0,1,1,1
1,6,0,16,0,0,0,0,2,0,0
0,5,0,104,0,0,0,0,0,0,0
0,4,0,8,0,0,0,0,0,0,0
1,6,0,178,0,0,0,0,0,1,1
0,6,0,75,0,0,0,0,2,1,0
0,3,0,102,0,0,0,0,1,0,0
1,6,0,14,0,0,0,0,0,0,0
0,6,0,27,0,0,0,0,1,1,0
0,6,0,10,0,0,0,1,0,0,0
0,6,0,41,0,0,0,0,0,0,1
0,6,0,184,0,0,0,0,0,1,1
0,6,0,5,0,0,0,0,0,0,0
0,5,0,122,0,0,0,0,2,0,0
1,3,0,2,0,0,0,1,2,0,0
1,4,1,211,0,0,0,0,0,1,1
0,3,0,195,0,0,0,0,1,0,0
1,5,0,272,0,0,0,0,0,0,0
0,6,0,36,0,0,0,0,2,0,0
0,5,1,56,0,0,0,0,0,1,1
0,4,1,566,0,0,0,0,0,1,1
1,6,0,152,0,0,0,0,1,1,0
0,6,0,241,0,0,0,0,2,0,0
0,5,1,204,0,0,96,0,0,1,1
0,6,0,88,0,0,0,0,2,0,0
1,6,0,198,0,0,0,2,0,1,1
1,4,0,336,0,0,0,3,0,0,0
0,6,0,75,0,0,0,0,1,0,0
0,3,0,16,0,0,0,2,1,0,0
1,5,0,272,0,0,0,0,1,0,0
1,6,0,293,0,0,0,0,1,1,1
0,5,1,134,0,0,91,0,0,1,1
1,6,0,161,0,0,0,0,0,1,1
0,6,0,47,0,0,0,0,1,0,0
0,3,0,1,0,0,0,0,1,0,0
1,2,0,1,0,2,0,0,0,0,0
0,6,0,66,0,0,0,0,0,1,1
1,3,0,3,0,0,0,0,1,0,0
0,6,0,79,0,0,0,0,1,1,0
0,6,0,270,0,0,0,0,2,1,0
0,4,1,461,0,0,0,0,0,1,1
0,3,0,0,0,0,0,0,0,0,0
0,4,1,412,0,0,0,0,0,1,1
0,5,0,213,0,0,0,1,1,0,0
0,2,0,93,0,0,0,2,0,0,0
0,6,0,18,0,0,0,0,1,0,0
0,4,1,267,0,0,0,0,0,1,1
0,6,0,256,0,0,0,0,2,0,0
0,5,0,219,0,0,0,0,0,0,0
0,6,0,106,0,0,0,0,2,1,0
0,6,0,167,0,0,0,0,0,0,1
0,6,0,28,0,0,0,0,1,0,0
0,6,0,116,0,0,0,0,1,0,0
0,5,0,120,0,0,0,0,0,0,0
0,5,0,192,0,0,0,0,0,0,0
0,6,0,178,0,0,0,0,1,1,0
0,6,0,73,0,0,0,0,1,1,0
0,5,1,1,1,0,0,0,0,1,1
1,4,0,165,0,0,122,0,0,0,0
0,6,0,32,0,0,0,1,0,1,0
1,4,0,17,0,0,0,0,0,0,0
0,4,1,129,0,0,0,0,0,1,1
0,5,0,86,0,0,0,0,0,0,0
0,4,1,6,0,0,0,0,0,1,1
0,6,0,287,0,0,0,0,1,1,1
0,5,0,87,0,0,0,0,0,0,0
0,6,0,110,0,0,0,0,0,1,1
1,3,0,0,0,0,0,0,0,0,0
1,6,0,8,0,0,0,0,2,0,0
0,4,1,37,0,0,0,0,0,1,1
0,6,0,15,0,0,0,0,1,0,0
0,5,1,507,0,0,0,0,0,1,1
0,6,0,4,1,0,0,0,0,1,1
0,4,1,433,0,0,0,0,0,1,1
0,6,0,0,0,0,0,0,1,0,0
0,6,0,34,0,0,0,0,0,1,1
0,6,0,19,0,0,0,0,0,0,1
1,6,0,65,0,0,0,0,1,1,0
0,5,0,98,0,0,0,0,0,0,0
0,6,0,44,0,0,0,2,0,0,1
0,4,1,247,0,0,0,0,0,1,1
0,5,1,245,0,0,0,0,0,1,1
0,6,0,87,0,0,0,0,0,1,1
0,2,0,0,6,60,0,1,1,0,0
0,6,0,0,0,0,0,1,0,0,0
0,3,0,2,0,0,0,0,0,0,0
0,6,0,57,0,0,0,1,1,0,0
0,6,0,28,0,0,0,0,2,0,0
0,6,0,151,0,0,0,0,1,0,0
0,5,0,292,0,0,0,0,0,0,0
0,4,1,173,0,0,0,0,0,1,1
0,6,0,168,0,0,0,0,1,0,0
0,6,0,171,0,0,0,0,1,0,0
1,4,0,83,0,0,0,3,0,0,0
0,5,1,103,0,0,0,0,0,1,1
1,3,0,10,0,0,0,0,0,0,0
0,4,0,111,0,0,0,0,1,0,0
0,6,0,64,0,0,0,0,0,0,1
1,5,0,254,0,0,0,1,0,0,0
0,6,0,3,0,0,0,0,2,0,0
1,6,0,117,0,0,0,0,1,1,0
1,6,0,49,0,0,0,0,2,1,0
1,2,0,3,0,0,0,0,1,0,0
0,6,0,264,0,0,0,0,0,1,1
0,2,0,3,0,7,0,0,0,0,0
0,5,0,55,0,0,0,0,1,0,0
0,5,0,5,0,0,0,0,0,0,0
0,4,0,198,0,0,98,0,0,0,0
0,4,0,48,0,0,0,0,1,0,0
1,6,0,352,0,0,0,4,3,0,0
1,3,0,10,0,0,0,0,0,0,0
1,6,0,87,1,0,0,0,1,1,1
1,4,0,383,0,0,0,1,0,0,0
0,6,0,200,0,0,0,1,3,0,0
0,4,1,391,0,0,0,0,0,1,1
0,2,0,34,1,8,0,1,0,0,1
0,6,0,134,0,0,0,0,2,0,0
0,6,0,265,0,0,0,0,0,1,1
0,4,0,78,0,0,0,0,0,0,0
0,6,0,28,0,0,0,0,3,1,0
0,6,0,74,0,0,0,0,2,0,0
0,4,1,226,0,0,0,0,0,1,1
0,6,0,5,0,0,0,0,2,0,0
1,3,0,0,0,0,0,0,0,0,0
1,4,0,53,0,0,0,0,0,0,0
0,6,0,184,0,0,0,2,0,0,0
0,6,0,40,0,0,0,1,0,0,0
0,6,0,52,0,0,0,0,0,1,1
0,5,0,141,0,0,0,0,0,0,0
0,2,0,3,0,2,0,0,0,0,0
0,5,0,241,0,0,0,0,1,0,0
0,5,1,261,1,0,0,0,0,1,1
0,6,0,101,0,0,0,0,4,0,0
0,3,0,71,0,0,0,0,0,0,0
0,6,0,224,0,0,0,0,1,1,0
0,6,0,4,0,0,0,0,0,0,0
0,4,1,42,0,0,0,0,0,1,1
0,4,1,86,1,0,35,0,0,1,1
1,6,0,4,0,0,0,0,2,0,0
1,6,0,5,0,0,0,1,2,0,0
1,4,0,245,0,0,0,1,0,0,0
0,4,0,258,1,0,0,0,0,1,1
1,4,1,238,0,0,0,0,0,1,1
0,6,0,65,0,0,0,0,3,0,0
0,6,0,3,0,0,0,0,1,0,0
0,3,0,3,0,0,0,0,0,0,0
0,5,1,301,1,0,0,0,0,1,1
0,6,0,119,0,0,0,0,0,1,0
0,6,0,24,0,0,0,0,1,0,0
0,6,0,15,0,0,0,0,0,1,1
1,4,0,10,0,0,0,0,0,0,0
0,6,0,247,0,0,0,0,0,1,1
0,5,0,116,0,0,0,0,0,1,1
0,5,0,346,0,0,0,1,0,0,0
1,4,0,185,0,0,154,1,0,0,0
0,5,0,41,0,0,0,0,0,0,0
1,5,0,25,0,0,0,0,2,0,0
0,6,0,106,0,0,0,0,0,1,1
1,2,0,73,0,0,0,2,0,0,0
0,5,1,102,0,0,0,0,0,1,1
0,6,0,82,0,0,0,0,1,0,0
1,6,0,226,0,0,0,0,1,0,0
0,4,0,114,0,0,0,0,0,0,0
0,5,0,49,0,0,0,0,1,1,0
0,6,0,184,0,0,0,0,1,0,0
1,6,0,112,0,0,0,0,1,0,0
1,6,0,78,0,0,0,1,1,0,0
0,6,0,1,0,0,0,0,1,0,0
0,3,0,0,0,0,0,0,0,1,0
0,4,0,75,0,0,0,0,2,0,0
0,2,0,64,0,0,0,0,0,0,0
0,5,1,364,1,0,0,0,0,1,1
0,5,0,7,0,0,0,0,0,0,0
0,4,1,374,1,0,0,0,0,1,1
0,6,0,88,0,0,0,0,1,1,0
1,5,0,118,0,0,0,0,1,0,0
0,4,1,531,0,0,0,0,0,1,1
0,2,0,17,0,0,0,0,0,0,0
0,6,0,92,0,0,0,0,1,0,0
0,3,0,20,0,0,0,0,1,0,0
1,2,0,33,0,1,0,0,0,1,1
0,5,1,364,1,0,0,0,0,1,1
0,6,0,41,0,0,0,0,1,1,0
0,5,1,105,0,0,0,0,0,1,1
0,3,0,172,0,0,0,0,2,0,0
0,5,1,315,0,0,0,0,0,1,1
0,6,0,134,0,0,0,0,0,1,1
0,3,0,92,0,0,0,0,1,1,0
0,6,0,62,0,0,0,0,2,0,0
0,6,0,81,0,0,0,0,0,1,1
1,6,0,91,0,0,0,3,3,0,0
0,6,0,18,0,0,0,0,1,0,0
1,5,0,288,0,0,0,0,0,0,0
0,5,0,19,0,0,0,0,1,0,0
0,6,0,291,0,0,0,0,1,0,0
1,5,0,240,0,0,0,0,1,0,0
0,6,0,129,0,0,0,0,2,0,0
0,4,1,88,0,0,0,0,0,1,1
0,6,0,161,0,0,0,0,2,0,0
0,5,0,192,0,0,0,0,0,0,0
1,4,0,10,0,0,0,0,0,0,0
0,5,0,386,0,0,0,0,0,0,1
0,6,0,57,0,0,0,0,1,1,0
0,6,0,153,0,0,0,0,1,0,0
1,6,0,274,0,0,0,0,2,0,0
1,6,0,51,0,0,0,0,2,0,0
0,2,0,0,1,0,0,0,0,0,0
0,6,0,110,0,0,0,0,1,0,0
1,6,0,212,0,0,0,0,0,1,1
0,3,0,37,0,0,0,0,1,0,0
1,3,0,0,0,0,0,0,0,0,0
0,5,0,10,0,0,0,0,0,1,0
1,5,0,309,0,0,0,0,0,0,0
0,6,0,52,0,0,0,0,2,1,0
0,3,0,1,0,0,0,0,0,0,0
0,4,1,59,0,0,0,0,0,1,1
1,2,0,11,0,0,0,0,0,0,0
0,4,0,248,0,0,0,0,1,0,0
0,6,0,119,0,0,0,0,0,1,0
0,6,0,86,0,0,0,0,1,0,0
0,5,0,117,0,0,0,0,0,0,1
1,6,0,96,0,0,0,0,1,1,1
0,4,0,278,1,0,0,0,0,1,1
0,5,0,0,0,0,0,0,0,0,0
1,2,0,9,0,0,0,0,0,0,0
0,2,0,13,0,0,0,0,1,0,0
0,6,0,24,0,0,0,1,0,0,0
1,4,0,203,0,0,0,0,0,1,0
0,6,0,212,0,0,0,0,1,1,0
0,6,0,55,0,0,0,0,0,1,1
0,6,0,102,0,0,0,0,0,1,1
1,3,0,6,0,0,0,1,0,0,0
0,4,1,86,1,0,35,0,0,1,1
0,4,1,344,0,0,0,0,0,1,1
1,6,0,10,0,0,0,0,0,0,0
1,4,0,81,0,0,0,0,0,0,0
0,6,0,12,0,0,0,0,2,0,0
0,6,0,142,0,0,0,0,0,1,1
1,5,0,3,0,0,0,0,0,0,0
0,6,0,20,0,0,0,0,1,0,0
1,5,0,13,0,0,0,0,1,0,0
0,6,0,2,0,0,0,0,1,0,0
0,4,1,276,1,0,0,0,0,1,1
0,3,0,14,0,0,0,0,2,0,0
0,4,0,276,1,0,0,0,0,1,1
1,6,0,172,0,0,0,0,3,0,0
0,5,1,150,0,0,0,0,0,1,1
1,4,1,113,0,0,0,0,0,1,1
0,3,0,181,0,0,0,0,2,1,0
1,4,0,223,0,0,0,2,0,0,0
0,6,0,178,0,0,0,0,0,1,1
1,2,0,1,0,6,0,1,1,0,0
0,6,0,73,0,0,0,0,2,0,0
0,3,0,120,0,0,0,3,3,0,0
0,3,0,235,0,0,0,0,0,0,0
0,5,1,273,0,0,0,0,0,1,1
0,6,0,26,0,0,0,0,1,1,0
0,6,0,106,0,0,0,0,0,1,1
0,5,0,5,0,0,0,0,0,0,0
1,6,0,22,0,0,0,0,1,0,0
0,6,0,87,0,0,0,0,1,0,0
0,5,0,10,0,0,0,0,0,0,0
1,6,0,0,0,0,0,0,2,0,0
1,6,0,12,0,0,0,2,1,0,0
0,6,0,100,0,0,0,0,0,1,1
0,6,0,53,0,0,0,0,1,0,0
0,5,0,0,0,0,0,0,0,0,0
1,3,0,0,0,0,0,0,0,0,0
1,6,0,345,0,0,0,0,2,1,0
0,4,1,175,0,0,0,0,0,1,1
0,2,0,2,0,0,0,0,0,0,0
0,6,0,13,0,0,0,0,1,0,0
0,6,0,136,1,0,0,0,1,1,1
1,6,0,163,0,0,0,0,3,0,0
1,6,0,59,0,0,0,1,0,0,0
1,6,0,2,0,1,0,0,1,0,0
0,4,0,95,0,0,0,0,0,1,1
1,4,1,212,0,0,0,0,0,1,1
0,4,0,19,0,0,0,0,0,0,0
0,6,0,79,0,0,0,0,1,1,0
0,6,0,315,0,0,0,0,0,1,1
0,6,0,118,0,0,0,0,0,1,1
0,6,0,184,0,0,0,0,0,1,1
0,5,1,258,0,0,0,0,0,1,1
0,5,1,207,1,0,0,0,0,1,1
0,4,1,277,0,0,0,0,0,1,1
0,3,0,12,0,0,0,0,1,0,0
0,6,0,178,0,0,0,2,0,1,1
1,6,0,125,0,0,0,0,1,1,0
1,5,0,12,1,0,0,0,1,1,1
0,3,0,33,0,0,0,0,0,0,0
0,4,0,66,0,0,0,0,0,1,1
0,5,0,207,0,0,0,0,0,0,0
0,5,0,0,0,0,0,0,0,0,0
0,6,0,11,0,0,0,0,1,0,0
1,3,0,3,0,1,0,1,0,0,0
0,6,0,147,0,0,0,0,2,0,0
0,2,0,83,0,0,0,0,0,0,0
1,3,0,0,0,0,0,0,0,0,0
0,5,0,309,0,0,215,0,0,0,1
1,4,0,60,0,1,0,0,1,0,0
0,4,0,98,0,0,0,0,0,0,0
1,6,0,19,0,0,0,0,1,0,0
1,6,0,113,0,0,0,0,2,1,1
1,5,0,127,0,0,0,0,0,1,0
0,6,0,28,0,0,0,0,0,1,1
1,3,0,130,0,0,0,1,0,1,0
1,4,1,181,0,0,0,0,0,1,1
0,6,0,125,0,0,0,0,0,1,1
0,4,0,208,0,0,0,0,0,0,0
0,5,1,233,0,0,0,0,0,1,1
0,4,0,272,1,0,0,0,0,1,1
1,6,0,0,0,0,0,0,2,0,0
0,4,0,76,0,0,0,0,0,0,0
1,5,0,163,0,0,0,0,1,0,0
1,4,1,116,0,0,0,0,0,1,1
0,3,0,8,0,0,0,0,1,0,0
1,6,0,100,0,0,0,0,0,1,1
1,6,0,121,0,0,0,0,1,1,0
1,5,0,3,0,0,0,0,0,0,0
1,3,0,6,0,0,0,0,1,1,0
0,6,0,14,0,0,0,0,0,0,1
0,6,0,122,0,0,0,0,1,0,0
0,3,0,64,0,0,0,0,0,1,0
0,3,0,387,0,0,0,0,3,1,0
0,6,0,70,0,0,0,0,2,0,0
0,4,1,148,0,0,98,0,0,1,1
0,6,0,3,0,0,0,0,0,0,0
1,6,0,2,0,0,0,0,0,0,0
0,5,0,170,0,0,0,0,0,0,0
0,6,0,60,0,0,0,0,1,1,0
0,4,0,95,0,0,0,1,0,1,1
0,6,0,37,0,0,0,0,1,0,0
0,4,1,104,0,0,0,0,0,1,1
0,5,0,57,0,0,0,0,1,0,0
0,4,1,87,0,0,0,0,0,1,1
0,5,1,219,0,0,0,0,0,1,1
0,5,0,60,0,0,0,0,1,0,0
0,6,0,126,0,0,0,0,0,1,1
0,4,1,468,0,0,0,0,0,1,1
0,6,0,4,0,0,0,1,1,0,0
0,6,0,125,0,0,0,0,2,0,0
0,1,0,1,0,0,0,0,1,0,0
0,5,0,97,0,0,0,0,0,0,0
1,3,0,193,0,0,0,0,2,0,0
0,6,0,211,0,0,0,3,2,0,0
0,6,0,70,0,0,0,0,0,1,1
1,4,0,336,0,0,0,0,0,0,0
0,6,0,37,0,0,0,0,0,0,1
1,6,0,123,0,0,0,0,0,1,1
0,6,0,174,0,0,0,0,2,0,0
0,4,0,114,0,0,0,0,0,0,0
0,6,0,20,0,0,0,0,1,0,0
1,6,0,17,0,0,0,0,0,0,1
0,4,1,158,0,0,31,0,0,1,1
0,6,0,94,0,0,0,0,0,1,1
0,5,0,155,0,0,22,0,0,0,1
0,6,0,86,0,0,0,0,1,0,0
0,5,1,233,1,0,0,0,0,1,1
1,2,0,5,0,2,0,0,0,0,0
0,6,0,38,0,0,0,0,2,0,0
0,6,0,142,0,0,0,0,0,1,1
1,6,0,159,0,0,0,0,1,0,0
1,3,0,3,1,9,0,0,4,0,0
0,4,1,279,0,0,0,0,0,1,1
1,6,0,73,0,0,0,0,0,1,1
0,6,0,17,0,0,0,0,0,0,0
0,6,0,111,0,0,0,0,1,0,0
1,6,0,156,0,0,0,2,0,0,0
0,6,0,77,0,0,0,0,0,1,1
0,3,0,96,0,0,0,0,0,0,0
0,6,0,1,0,0,0,0,1,0,0
0,6,0,48,0,0,0,0,1,0,0
1,4,0,112,0,0,0,0,0,1,0
1,3,0,1,0,0,0,0,0,0,0
1,6,0,87,0,0,0,0,1,0,0
1,6,0,22,0,0,0,0,1,0,0
0,1,0,1,0,0,0,0,0,1,0
0,3,0,0,0,0,0,0,0,0,0
1,6,0,200,0,0,0,0,0,1,1
0,6,0,106,0,0,0,0,2,1,0
0,6,0,22,0,0,0,0,1,1,0
0,4,1,87,0,0,0,0,0,1,1
1,6,0,119,0,0,0,0,1,0,0
0,4,0,18,0,0,0,0,0,1,0
1,5,0,159,0,0,0,1,1,0,0
0,6,0,55,0,0,0,0,0,0,1
0,6,0,217,0,0,0,0,1,1,0
0,6,0,14,0,0,0,0,1,0,0
0,6,0,12,0,0,0,0,1,0,0
0,6,0,151,0,0,0,0,0,1,1
1,6,0,123,0,0,0,0,1,0,0
0,0,0,4,0,0,0,0,0,0,0
0,6,0,41,0,0,0,0,0,0,1
0,6,0,8,0,0,0,0,0,0,0
0,5,1,322,0,0,0,0,0,1,1
1,6,0,289,0,0,0,0,0,0,1
1,6,0,126,0,0,0,0,2,0,0
0,6,0,60,0,0,0,0,1,0,0
1,6,0,171,0,0,0,0,3,0,0
0,5,0,257,0,0,0,0,0,0,0
0,6,0,19,0,0,0,0,2,0,0
1,2,0,24,0,0,0,1,1,1,0
0,3,0,53,0,0,0,0,0,1,0
1,6,0,13,0,0,0,2,1,0,0
0,6,0,256,0,0,0,0,0,0,0
0,6,0,4,0,0,0,0,1,0,0
0,4,1,175,0,0,0,0,0,1,1
0,6,0,64,0,0,0,0,1,0,0
0,6,0,302,0,0,0,0,1,1,1
1,6,0,172,0,0,0,0,1,0,1
0,5,0,81,0,0,4,1,0,0,0
0,5,0,320,0,0,0,1,0,0,0
0,6,0,21,0,0,0,0,1,0,0
1,4,0,40,0,0,0,0,0,1,0
1,5,0,160,0,0,0,0,0,0,0
0,6,0,72,0,0,0,0,1,0,0
1,6,0,222,0,0,0,0,1,1,0
1,1,0,79,0,0,0,0,1,1,0
1,3,2,11,0,1,0,0,1,0,0
1,3,0,12,0,0,0,1,0,0,1
0,6,0,62,0,0,0,0,1,0,0
1,5,0,48,0,0,0,0,0,0,0
1,6,0,91,0,0,0,1,1,0,1
0,2,0,85,0,0,0,0,0,0,0
0,6,0,74,0,0,0,0,3,1,0
1,5,0,172,0,0,0,0,0,0,0
0,4,0,134,0,0,0,0,1,0,0
1,6,0,41,0,0,0,0,1,1,0
0,4,0,123,0,0,0,0,0,0,0
0,3,0,1,0,0,0,0,0,0,0
0,6,0,7,0,0,0,0,0,0,0
0,6,0,114,0,0,0,0,1,0,0
1,3,0,0,0,0,0,1,0,0,0
0,4,0,234,0,0,0,0,0,1,1
1,5,0,234,0,0,0,0,2,0,0
0,6,0,213,0,0,0,1,0,0,0
1,4,0,236,0,0,0,0,0,1,1
1,3,0,67,0,0,0,1,0,0,0
0,4,1,120,0,0,0,0,0,1,1
0,5,0,47,0,0,0,0,2,1,0
0,4,0,215,0,0,0,4,0,0,0
1,6,0,164,0,0,0,0,1,0,0
1,6,0,21,0,0,0,0,0,0,1
0,2,0,26,0,1,0,0,0,0,0
0,6,0,99,0,0,0,0,2,0,0
0,6,0,181,0,0,0,0,1,0,0
0,6,0,200,0,0,0,0,1,0,0
0,3,0,0,0,1,0,0,0,0,0
1,4,0,100,0,0,0,0,0,1,1
0,5,1,507,0,0,0,0,0,1,1
0,6,0,1,0,0,0,0,1,0,0
0,5,1,33,1,0,0,0,0,1,1
1,6,0,77,0,0,0,0,0,0,1
0,6,0,46,0,0,0,0,0,1,1
0,6,0,8,0,0,0,0,2,1,0
0,5,0,25,0,0,0,0,0,0,0
1,6,0,1,0,0,0,0,0,0,0
1,3,0,6,0,0,0,0,0,0,0
0,5,1,267,0,0,0,0,0,1,1
0,6,0,38,0,0,0,0,1,0,0
1,5,0,11,0,0,0,0,0,0,0
0,3,0,14,0,0,0,0,1,0,0
0,6,0,143,0,0,0,0,1,0,0
0,6,0,31,0,0,0,0,2,1,0
1,4,2,169,0,0,0,1,0,0,0
0,6,0,126,0,0,0,0,0,0,1
0,6,0,147,0,0,0,0,1,1,0
0,5,0,247,0,0,0,1,0,0,0
0,6,0,54,1,0,0,0,2,1,1
0,6,0,52,0,0,0,0,3,0,0
0,6,0,12,0,0,0,0,2,1,0
0,6,0,202,1,0,0,0,2,1,1
1,6,0,8,0,0,0,0,2,0,0
0,5,0,478,0,0,0,1,1,0,0
0,5,0,115,0,0,0,2,0,0,0
0,6,0,43,0,0,0,0,1,1,0
0,6,0,2,0,0,0,0,1,0,0
1,6,0,19,0,0,0,0,1,0,0
0,2,0,99,1,0,0,0,0,1,1
1,3,0,61,0,0,0,0,0,0,0
0,5,0,92,0,0,0,7,0,0,0
1,3,0,0,0,2,0,0,1,0,0
0,2,0,1,0,0,0,0,0,0,0
1,4,0,202,0,0,0,0,1,0,0
0,4,0,66,0,0,0,0,1,0,0
0,3,0,0,0,0,0,0,0,0,0
1,6,0,62,0,0,0,0,0,1,0
0,3,0,0,0,0,0,0,0,0,0
0,4,1,461,0,0,0,0,0,1,1
1,6,0,42,0,0,0,0,0,0,1
0,3,0,0,0,0,0,0,0,0,0
0,6,0,66,0,0,0,0,3,0,0
0,6,0,177,0,0,0,0,1,0,0
0,6,0,94,0,0,0,0,2,0,0
0,4,1,115,1,0,22,0,0,1,1
1,2,0,7,0,0,0,0,0,0,0
0,6,0,69,0,0,0,0,2,1,0
1,3,0,4,0,0,0,0,0,0,0
0,6,0,11,0,0,0,0,0,0,0
1,4,1,183,0,0,0,0,0,1,1
1,4,0,386,0,0,0,0,0,1,0
0,6,0,167,0,0,0,0,2,0,0
0,5,0,54,0,0,0,1,0,0,0
0,4,0,69,0,0,0,0,0,0,0
1,3,0,0,0,0,0,0,0,0,0
1,4,1,247,1,0,0,0,0,1,1
1,6,0,45,0,0,0,0,0,0,1
0,6,0,25,0,0,0,0,1,0,0
1,4,0,283,0,0,0,0,0,0,0
1,6,0,143,0,0,0,0,2,0,1
0,5,0,20,0,0,0,0,0,0,0
0,5,0,226,0,0,0,0,1,0,0
0,6,0,75,0,0,0,0,0,1,1
1,3,0,15,0,0,0,1,0,0,0
1,6,0,172,0,0,0,0,0,1,1
1,6,0,5,0,0,0,0,1,0,0
1,2,0,76,0,0,0,0,0,0,0
0,5,0,112,0,0,0,0,1,0,0
0,5,1,102,0,0,0,0,0,1,1
0,5,0,116,0,0,0,0,0,1,1
1,6,0,0,0,0,0,0,2,0,0
0,6,0,18,0,0,0,1,0,0,1
0,3,0,197,0,0,0,1,1,0,0
0,6,0,19,0,0,0,2,0,1,1
0,6,0,28,0,0,0,0,1,0,0
0,5,1,301,1,0,0,0,0,1,1
1,6,0,188,0,0,0,0,0,1,1
1,5,0,234,0,0,0,0,1,0,0
1,6,0,0,0,0,0,0,0,0,0
0,6,0,185,0,0,0,0,0,1,1
0,4,1,517,0,0,0,0,0,1,1
1,4,0,121,0,0,0,1,0,0,0
1,3,0,32,0,0,0,1,1,0,1
0,6,0,13,0,0,0,0,1,1,0
1,3,0,31,0,0,0,1,1,0,0
0,3,0,0,0,0,0,0,2,0,0
0,5,1,132,0,0,0,0,0,1,1
0,6,0,13,0,0,0,0,1,0,0
0,2,0,0,0,3,0,0,0,0,0
0,6,0,28,0,0,0,0,1,1,0
1,5,0,69,0,0,0,0,0,0,0
1,5,0,5,0,1,0,0,0,0,0
0,6,0,8,0,0,0,0,0,0,0
1,6,0,21,0,0,0,0,2,0,0
0,6,0,12,0,0,0,0,0,0,1
1,5,0,166,0,0,0,0,0,0,0
0,6,0,18,0,0,0,0,1,0,0
0,5,0,80,0,0,50,0,0,0,0
0,6,0,87,0,0,0,0,0,0,1
0,6,0,22,0,0,0,0,1,0,0
0,5,1,285,0,0,24,0,0,1,1
0,5,1,178,1,0,46,0,0,1,1
0,5,0,66,0,0,0,0,0,0,0
0,5,0,396,0,0,0,0,1,0,0
0,6,0,6,0,0,0,0,0,0,0
0,6,0,44,0,0,0,1,0,0,1
0,6,0,152,0,0,0,0,0,1,1
0,4,0,328,0,0,38,0,1,0,0
0,5,1,169,0,0,0,0,0,1,1
0,5,0,50,0,0,0,0,0,0,0
1,6,0,37,0,0,0,0,0,0,0
1,6,0,177,0,0,0,0,1,0,0
0,4,0,97,0,0,0,0,0,0,0
0,4,0,98,0,0,0,0,0,1,0
1,5,0,186,0,0,0,0,0,1,0
0,2,0,20,0,0,0,1,0,0,0
0,5,0,95,0,0,0,2,0,1,0
0,6,0,25,0,0,0,0,0,1,0
0,6,0,82,0,0,0,0,2,1,0
0,4,0,45,0,0,0,0,1,0,0
0,1,0,2,2,6,0,0,1,0,0
0,6,0,61,0,0,0,0,1,0,0
0,6,0,10,0,0,0,0,0,0,1
1,4,0,84,0,0,0,0,0,1,1
0,6,0,145,0,0,0,0,1,1,0
0,6,0,74,0,0,0,0,2,1,0
0,6,0,72,0,0,0,0,0,1,1
0,6,0,74,0,0,0,0,0,0,1
0,5,1,393,0,0,0,0,0,1,1
1,6,0,52,0,0,0,4,1,0,0
1,6,0,25,0,0,0,0,1,0,0
0,6,0,22,0,0,0,1,2,0,0
0,4,1,313,1,0,0,0,0,1,1
1,3,0,60,0,0,0,2,0,0,1
0,5,0,56,0,0,0,0,0,1,0
1,6,0,15,0,0,0,0,1,0,0
1,2,0,0,0,0,0,0,0,1,0
0,6,0,98,0,0,0,0,1,0,0
1,6,0,200,0,0,0,0,1,0,1
0,5,0,2,0,0,0,0,0,0,0
0,4,1,350,0,0,0,0,0,1,1
1,3,0,0,0,0,0,0,0,0,0
0,6,0,49,0,0,0,0,0,1,1
0,6,0,238,0,0,0,0,1,0,1
1,6,0,8,0,0,0,0,0,0,0
1,6,0,81,0,0,0,0,0,0,1
0,6,0,1,0,0,0,0,1,0,0
0,5,0,19,0,0,0,0,0,0,0
0,2,1,6,1,0,0,0,0,1,1
1,6,0,45,0,0,0,0,1,1,0
1,6,0,212,0,0,0,0,2,1,1
1,4,0,542,0,0,0,0,1,0,0
0,5,1,117,0,0,0,0,0,1,1
0,5,0,377,0,0,0,0,1,0,0
1,5,0,6,0,0,0,0,1,0,0
0,5,0,122,0,0,56,0,0,0,0
0,6,0,64,0,0,0,0,2,0,0
0,3,0,0,0,0,0,0,0,0,0
0,3,0,47,0,0,0,3,0,0,0
1,6,0,124,0,0,0,0,2,0,0
1,6,0,183,0,0,0,2,2,0,0
0,6,0,187,0,0,0,0,0,1,1
0,6,0,23,0,0,0,0,1,1,0
1,6,0,44,0,0,0,0,0,0,1
0,4,1,393,0,0,0,0,0,1,1
0,6,0,160,0,0,0,0,0,1,1
0,6,0,291,0,0,0,1,1,0,0
1,6,0,15,0,0,0,0,0,1,0
0,5,0,55,0,0,0,0,0,0,0
0,6,0,6,0,0,0,0,0,0,0
1,4,0,445,0,0,0,0,1,0,0
1,2,0,60,0,0,0,0,2,1,1
1,3,0,0,0,0,0,1,0,0,0
1,6,0,4,0,0,0,0,1,0,0
1,4,0,18,0,0,0,0,1,0,0
0,4,1,65,0,0,0,0,0,1,1
1,6,0,281,0,0,0,0,0,1,1
1,3,0,176,0,0,0,1,1,0,0
0,6,0,201,0,0,0,0,1,0,1
0,6,0,31,0,0,0,1,0,1,0
0,6,0,111,0,0,0,0,1,1,0
0,5,0,96,0,0,0,0,0,1,0
0,4,1,78,0,0,0,0,0,1,1
1,3,0,164,0,0,0,0,2,0,0
0,5,0,0,0,0,0,0,0,0,0
0,4,0,137,0,0,0,0,1,0,0
1,6,0,28,0,0,0,0,1,1,0
1,6,0,2,0,0,0,0,1,1,0
1,6,0,5,0,0,0,0,0,0,0
0,5,1,56,0,0,0,0,0,1,1
0,6,0,26,0,0,0,0,0,0,1
0,6,0,5,0,0,0,0,0,0,0
0,5,0,119,0,0,0,0,0,1,0
0,3,0,0,0,0,0,0,0,0,0
0,3,0,172,0,0,0,1,0,0,0
1,2,0,1,0,1,0,1,0,0,0
0,4,1,142,0,0,0,0,0,1,1
1,4,0,262,0,0,0,0,0,0,0
1,6,0,210,0,0,0,0,0,1,1
0,6,0,7,0,0,0,0,2,0,0
1,4,0,36,0,0,0,0,0,0,0
0,3,0,0,0,0,0,0,1,0,0
0,4,1,175,0,0,0,0,0,1,1
0,6,0,68,0,0,0,2,2,1,0
0,0,0,3,0,0,0,0,0,0,0
0,6,0,0,0,0,0,0,0,0,0
1,3,0,90,0,0,0,1,0,0,0
0,6,0,0,0,0,0,0,0,0,0
0,6,0,193,0,0,0,2,3,1,0
0,5,0,118,0,0,0,1,0,0,0
0,4,1,351,0,0,0,0,0,1,1
0,4,0,241,0,0,0,0,0,0,0
1,3,0,0,0,0,0,0,0,0,0
0,6,0,80,0,0,0,0,0,0,1
1,4,0,468,0,0,0,0,0,0,0
0,3,0,1,0,0,0,1,0,0,0
0,4,1,125,0,0,0,0,0,1,1
1,6,0,54,0,0,0,1,2,1,0
0,4,0,213,0,0,0,1,0,0,0
1,6,0,91,0,0,0,1,0,0,1
0,4,1,260,1,0,0,0,0,1,1
0,6,0,0,0,0,0,0,1,0,0
1,6,0,36,0,0,0,1,1,1,0
1,6,0,14,0,0,0,0,0,0,0
1,6,0,1,0,0,0,0,1,0,0
0,3,0,273,0,0,0,0,1,1,0
0,3,0,133,0,0,0,0,0,0,0
1,6,0,256,0,0,0,0,1,0,1
1,3,0,3,0,0,0,0,1,0,0
0,5,0,164,0,0,0,0,0,0,0
0,6,0,66,0,0,0,0,1,0,0
0,6,0,27,0,0,0,0,3,0,0
0,5,0,41,0,0,0,0,0,0,0
1,3,0,109,0,0,0,0,0,0,0
1,6,0,16,0,0,0,0,3,1,0
0,4,1,358,1,0,0,0,0,1,1
0,3,0,18,0,0,0,0,0,0,1
0,6,0,8,0,0,0,0,0,0,0
0,5,0,151,0,0,63,0,0,1,1
1,6,0,69,0,0,0,1,0,0,0
0,6,0,1,0,0,0,0,1,0,0
1,6,0,7,0,0,0,0,0,0,0
1,5,0,1,0,0,0,0,0,0,0
1,2,0,0,0,0,0,0,0,0,0
0,5,0,103,0,0,0,0,0,1,0
1,6,0,189,0,0,0,0,2,1,0
1,6,0,262,0,0,0,3,2,1,0
1,6,0,13,0,0,0,0,0,0,1
0,2,0,5,0,0,0,0,0,0,0
1,6,0,158,0,0,0,0,1,1,1
1,3,0,0,0,0,0,1,0,0,0
0,5,0,54,0,0,0,0,0,0,0
0,6,0,83,0,0,0,1,0,0,0
1,6,0,228,0,0,0,0,0,1,1
1,6,0,177,0,0,0,0,0,0,1
0,6,0,153,0,0,0,0,0,0,0
1,6,0,2,0,0,0,0,1,0,0
0,6,0,5,0,0,0,1,1,0,0
0,4,0,75,0,0,0,0,1,0,0
0,6,0,39,0,0,0,0,0,1,1
1,5,0,164,0,0,0,0,0,0,0
0,5,1,183,0,0,0,0,0,1,1
0,3,0,2,0,0,0,0,0,0,0
0,6,0,59,0,0,0,0,1,0,0
0,6,0,116,0,0,0,0,1,0,0
0,6,0,15,0,0,0,0,1,0,0
0,6,0,151,0,0,0,0,1,0,0
0,1,0,3,0,2,0,2,1,0,0
0,6,0,147,0,0,0,0,1,1,0
0,6,0,19,0,0,0,0,0,0,1
1,3,0,240,0,0,0,0,1,1,1
0,6,0,7,0,0,0,0,1,0,0
0,3,0,41,0,0,0,0,0,1,0
1,6,0,89,0,0,0,0,2,0,0
1,6,0,89,0,0,0,0,0,0,1
0,6,0,205,0,0,0,0,0,0,1
0,3,0,7,0,0,0,0,0,0,0
0,5,1,94,1,0,28,0,0,1,1
0,5,0,116,0,0,0,0,0,1,1
0,3,0,5,0,0,0,0,0,0,0
0,4,0,351,1,0,0,0,0,1,1
0,3,0,30,0,0,0,0,1,0,1
0,3,0,10,0,0,0,5,3,0,0
0,2,0,41,0,0,0,0,0,0,0
0,6,0,310,0,0,0,2,2,0,0
0,5,0,192,0,0,0,0,0,0,0
0,4,1,158,0,0,31,0,0,1,1
1,3,0,112,0,0,0,0,1,0,0
0,4,1,92,0,0,0,0,0,1,1
0,3,0,21,0,0,0,0,0,1,0
1,2,0,4,0,0,0,0,0,1,0
1,3,0,0,0,0,0,0,0,0,0
1,2,0,5,0,0,0,0,0,0,0
0,5,0,180,0,0,0,1,0,0,0
0,6,0,15,0,0,0,0,1,1,0
1,6,0,100,0,0,0,1,0,1,1
0,6,0,66,0,0,0,0,0,1,1
0,5,0,212,0,0,0,0,1,0,0
0,6,0,10,0,0,0,0,2,1,0
1,2,0,13,0,9,0,0,0,0,0
0,6,0,222,1,0,0,0,1,1,1
0,5,0,156,0,0,0,0,0,0,0
1,6,0,14,1,0,0,1,0,1,1
1,2,0,41,0,0,0,0,0,1,1
0,1,0,32,0,0,0,0,1,0,0
1,6,0,253,0,0,0,1,1,0,0
1,3,0,13,0,0,0,1,3,0,0
0,6,0,96,0,0,0,1,0,1,0
0,2,0,3,0,0,0,0,0,0,0
0,6,0,143,0,0,0,1,1,0,0
0,3,0,1,0,0,0,1,0,0,0
1,6,0,142,0,0,0,0,1,0,0
1,6,0,181,0,0,0,0,0,1,1
0,6,0,298,0,0,0,0,0,1,1
0,6,0,32,0,0,0,0,0,1,1
0,5,0,31,0,0,0,0,0,1,0
0,6,0,173,0,0,0,1,1,0,0
0,6,0,47,0,0,0,0,1,1,0
0,4,0,448,0,0,0,0,1,0,0
0,6,0,1,0,0,0,1,0,0,0
0,3,0,161,0,0,0,1,0,0,0
0,6,0,6,0,0,0,0,0,1,0
0,6,0,229,0,0,0,0,0,1,1
1,5,0,222,0,0,0,2,2,0,0
0,1,0,0,0,1,0,0,0,1,0
0,5,1,193,0,0,39,0,0,1,1
0,4,1,53,0,0,0,0,0,1,1
0,4,0,323,1,0,0,0,0,1,1
0,6,0,53,0,0,0,0,2,0,0
0,5,0,323,0,0,0,0,0,1,1
1,6,0,105,0,0,0,0,0,1,1
1,6,0,8,0,0,0,0,1,0,0
0,6,0,294,0,0,0,0,1,0,1
0,6,0,260,0,0,0,0,0,1,1
1,6,0,29,0,0,0,0,2,0,0
0,6,0,121,0,0,0,0,0,1,1
1,4,0,66,0,0,0,0,0,1,0
0,5,0,43,0,0,0,0,1,0,0
1,4,0,383,0,0,0,0,1,0,0
1,3,0,2,0,0,0,1,0,0,0
0,2,1,113,0,0,0,0,0,1,1
0,6,0,173,0,0,0,0,0,1,1
0,6,0,79,0,0,0,0,1,0,0
0,5,1,71,0,0,0,0,0,1,1
0,6,0,8,0,0,0,0,0,0,0
0,6,0,142,0,0,0,0,0,1,1
1,6,0,26,0,0,0,1,1,0,0
0,6,0,39,0,0,0,2,1,0,1
0,6,0,110,0,0,0,0,1,0,0
0,6,0,36,0,0,0,0,1,1,0
0,3,0,9,0,0,0,1,3,0,0
0,6,0,29,0,0,0,0,1,0,0
0,5,0,56,0,0,0,0,0,1,0
0,4,0,0,0,0,0,0,0,0,0
0,2,0,105,1,4,0,1,0,0,0
0,6,0,31,0,0,0,0,3,0,0
0,6,0,48,0,0,0,0,1,1,0
1,4,0,236,0,0,0,0,0,1,1
0,5,0,41,0,0,0,0,1,0,0
0,6,0,39,0,0,0,2,0,0,0
1,5,0,212,0,0,0,1,0,0,0
0,5,0,257,0,0,0,0,0,0,0
0,4,1,384,0,0,0,0,0,1,1
0,4,0,140,0,0,87,1,0,0,0
0,4,1,524,0,0,0,0,0,1,1
0,5,0,99,0,0,0,0,0,0,1
0,6,0,26,0,0,0,0,2,0,0
0,2,0,7,1,2,0,0,0,0,1
0,6,0,40,0,0,0,0,2,0,0
1,6,0,3,0,0,0,1,2,0,0
0,5,0,154,0,0,0,0,1,0,0
1,4,0,123,0,0,0,0,0,0,0
0,2,0,0,2,21,0,0,1,0,0
1,5,0,20,0,0,0,0,0,0,0
0,4,0,226,0,0,96,0,1,0,0
1,3,0,25,0,0,0,1,0,0,0
1,6,0,0,0,0,0,0,2,0,0
0,5,0,7,0,0,0,0,1,0,0
0,4,1,300,1,0,0,0,0,1,1
0,4,1,626,0,0,0,0,0,1,1
0,6,0,69,0,0,0,0,0,0,1
0,6,0,48,0,0,0,0,2,0,0
0,3,0,0,0,0,0,0,0,0,0
0,5,0,423,0,0,0,1,0,0,0
0,3,0,1,0,0,0,0,0,0,0
0,4,1,162,0,0,0,0,0,1,1
1,6,0,330,0,0,0,0,0,1,1
1,6,0,43,0,0,0,0,0,0,1
0,2,0,13,0,0,0,0,1,0,0
1,3,0,26,0,0,0,0,1,0,0
0,3,0,3,0,0,0,0,0,0,0
0,5,1,273,0,0,0,0,0,1,1
1,6,0,129,0,0,0,2,2,0,0
1,6,0,1,0,0,0,0,0,1,0
0,3,0,1,0,0,0,1,0,1,0
0,5,0,207,1,0,0,0,0,1,1
0,6,0,15,0,0,0,0,1,0,0
0,4,0,41,0,0,0,0,0,0,1
0,6,0,34,0,0,0,0,1,1,0
1,6,0,46,0,0,0,0,1,1,0
0,3,0,0,0,0,0,1,0,0,0
0,3,0,125,0,0,0,0,0,0,1
1,5,0,172,0,0,0,1,2,0,0
0,6,0,167,0,0,0,0,1,1,0
1,6,0,254,0,0,0,0,4,0,0
0,6,0,19,0,0,0,1,1,0,0
0,6,0,149,0,0,0,0,0,1,1
0,6,0,78,0,0,0,0,0,1,1
1,6,0,37,0,0,0,0,2,0,0
0,6,0,0,0,0,0,0,1,0,0
0,5,1,443,0,0,0,0,0,1,1
0,4,1,337,0,0,0,0,0,1,1
0,6,0,128,0,0,0,0,0,1,1
1,4,0,17,0,0,0,0,0,0,0
1,3,0,0,0,0,0,0,0,0,0
0,5,0,39,0,0,0,1,0,0,0
0,6,0,21,0,0,0,0,0,1,1
0,6,0,56,0,0,0,0,1,0,0
0,4,1,258,0,0,41,0,0,1,1
0,6,0,4,0,0,0,0,2,0,0
1,6,0,48,0,0,0,1,2,0,0
0,3,0,0,0,0,0,0,0,0,0
1,3,0,26,0,0,0,2,2,0,0
0,5,0,124,0,0,0,0,0,0,0
1,5,0,176,0,0,0,0,0,0,0
0,4,0,307,1,0,0,0,0,1,1
0,6,0,96,0,0,0,1,0,0,0
0,6,0,80,0,0,0,0,0,0,1
1,3,0,0,0,0,0,0,0,0,0
0,2,0,27,0,0,0,0,1,1,0
0,6,0,40,0,0,0,0,2,0,0
0,6,0,28,0,0,0,0,3,1,0
0,6,0,94,0,0,0,0,2,0,0
0,6,0,70,0,0,0,0,1,1,0
0,5,0,115,0,0,0,1,0,0,0
1,6,0,35,0,0,0,0,1,0,0
0,6,0,27,0,0,0,0,0,0,1
0,5,0,37,0,0,0,0,0,1,1
0,4,0,95,0,0,0,0,0,1,1
1,6,0,81,0,0,0,0,0,1,1
0,6,0,28,0,0,0,0,1,1,0
0,6,0,19,0,0,0,0,0,1,1
0,4,0,16,0,0,0,0,0,0,0
1,2,0,0,0,0,0,0,0,0,0
1,2,0,23,0,1,0,0,0,0,0
1,6,0,1,0,0,0,0,0,0,0
0,6,0,125,0,0,0,1,2,0,0
0,5,0,4,0,0,0,0,0,1,0
0,3,0,0,0,0,0,0,0,1,0
1,6,0,16,0,0,0,0,2,0,0
0,5,0,37,0,0,0,0,0,1,1
1,6,0,8,0,0,0,1,1,0,0
1,6,0,35,0,0,0,0,2,0,0
1,5,0,118,0,0,0,0,2,0,0
0,4,0,102,0,0,0,1,0,0,0
0,5,0,80,0,0,50,0,0,0,0
1,4,1,265,14,0,0,0,0,1,1
0,2,0,4,0,0,0,1,0,0,0
1,6,0,143,0,0,0,0,3,0,0
1,4,0,112,0,0,0,0,0,1,0
0,3,0,25,0,4,0,1,2,0,0
1,2,0,15,1,0,0,0,0,1,1
0,6,0,189,0,0,0,0,2,1,0
0,5,0,165,0,0,0,0,0,0,1
1,2,0,0,0,3,0,0,0,0,0
0,4,1,316,0,0,0,0,0,1,1
0,4,0,81,0,0,0,0,1,0,0
1,3,0,172,0,0,0,2,0,0,0
1,6,0,3,0,0,0,1,1,0,0
0,5,0,7,0,0,0,0,0,0,0
0,6,0,56,0,0,0,0,1,0,0
0,5,0,26,0,0,0,2,0,0,0
0,5,0,35,0,0,0,0,0,0,0
0,2,0,99,0,0,0,0,0,0,0
1,4,0,183,0,0,0,1,0,0,0
0,6,0,189,0,0,0,0,1,0,0
0,6,0,267,0,0,0,0,0,1,1
0,5,1,204,0,0,96,0,0,1,1
0,2,0,5,0,0,0,0,0,0,0
1,1,0,11,0,0,0,0,0,0,0
1,3,0,0,0,0,0,0,0,0,0
0,2,0,0,0,4,0,0,0,0,0
0,6,0,32,0,0,0,0,1,1,0
0,5,0,265,0,0,0,0,1,0,0
0,5,0,76,0,0,0,0,0,1,1
0,6,0,79,0,0,0,1,1,0,0
0,4,1,412,0,0,0,0,0,1,1
1,2,0,6,0,0,0,0,0,0,0
1,5,0,460,0,0,0,0,0,0,0
0,6,0,131,0,0,0,2,2,0,0
0,6,0,6,0,0,0,0,1,1,0
0,3,0,12,0,0,0,1,1,0,0
0,6,0,104,0,0,0,0,1,0,0
1,6,0,76,0,0,0,0,1,1,0
0,2,0,8,0,0,0,0,0,0,0
0,6,0,15,0,0,0,0,0,0,1
1,3,0,122,0,0,0,0,3,0,0
0,6,0,89,0,0,0,0,0,0,1
1,5,0,4,0,1,0,0,0,0,0
1,4,1,274,1,0,0,0,0,1,1
0,4,1,97,0,0,0,0,0,1,1
1,4,0,152,0,0,0,2,0,0,0
0,5,0,20,0,0,0,0,0,1,0
1,6,0,57,0,0,0,0,0,1,1
0,6,0,45,0,0,0,0,1,1,0
0,6,0,60,0,0,0,0,1,0,0
1,5,0,215,0,0,0,0,0,0,0
0,5,0,47,0,0,0,0,0,0,0
1,5,0,88,0,0,0,0,0,0,0
0,5,1,71,0,0,0,0,0,1,1
0,4,1,464,0,0,391,0,0,1,1
1,3,0,0,0,5,0,0,1,0,0
0,5,0,150,0,0,0,0,2,0,0
1,6,0,0,0,0,0,1,1,0,0
0,6,0,95,0,0,0,0,1,0,0
1,3,0,15,0,0,0,0,0,0,0
0,6,0,50,0,0,0,0,1,0,0
1,6,0,82,0,0,0,0,1,0,0
0,4,1,341,1,0,0,0,0,1,1
0,6,0,53,0,0,0,1,1,0,0
1,6,0,14,0,0,0,2,0,1,0
0,3,0,5,0,0,0,0,0,0,0
1,2,0,2,0,0,0,0,0,0,0
0,3,0,52,0,0,0,0,0,1,0
0,6,0,63,0,0,0,0,1,0,0
0,6,0,110,0,0,0,0,1,0,0
0,6,0,1,0,0,0,1,0,0,0
0,5,0,221,0,0,0,1,0,0,0
0,3,0,0,0,0,0,2,0,0,0
1,6,0,135,1,0,0,0,0,1,1
1,4,1,148,0,0,0,0,0,1,1
0,5,0,32,1,0,0,0,0,1,1
1,5,0,230,0,0,0,1,1,1,1
1,2,0,23,3,2,0,0,0,1,1
0,6,0,87,0,0,0,0,0,0,1
0,5,0,151,0,0,63,4,0,0,0
1,6,0,345,0,0,0,0,0,1,1
1,3,0,66,0,0,0,2,0,0,0
0,6,0,127,0,0,0,0,0,0,1
0,2,0,0,0,1,0,0,0,0,0
0,2,0,20,0,0,0,0,0,0,0
0,4,1,265,0,0,0,0,0,1,1
0,5,0,91,0,0,0,0,0,0,0
0,6,0,8,0,0,0,0,0,0,0
0,6,0,328,0,0,0,0,1,1,1
1,2,0,1,0,1,0,0,0,0,0
0,5,0,270,0,0,0,0,0,0,0
1,5,0,198,0,0,0,0,0,0,0
0,6,0,123,0,0,0,0,1,0,1
0,3,0,74,0,0,0,0,1,0,0
1,6,0,181,0,0,0,5,1,0,1
0,6,0,36,0,0,0,0,1,0,0
0,3,0,7,0,0,0,0,1,0,0
0,5,0,110,0,0,0,0,0,1,1
0,6,0,13,0,0,0,1,0,0,0
1,3,0,16,0,0,0,0,1,0,0
0,6,0,149,0,0,0,0,0,0,1
0,6,0,146,0,0,0,0,1,0,0
0,6,0,115,0,0,0,0,0,1,1
0,4,1,326,1,0,0,0,0,1,1
0,6,0,1,0,0,0,0,1,0,0
1,5,0,314,0,0,0,3,0,0,0
0,5,0,240,0,0,0,0,0,0,0
1,6,0,1,0,0,0,0,0,0,0
1,6,0,215,0,0,0,0,0,0,1
1,6,0,6,0,1,0,0,4,0,0
1,6,0,81,0,0,0,0,2,1,1
0,6,0,21,0,0,0,0,0,1,1
1,3,0,0,0,0,0,0,0,0,0
0,5,1,56,0,0,0,0,0,1,1
1,5,0,77,0,0,0,0,1,0,0
0,5,0,194,0,0,0,0,0,0,0
0,4,1,186,0,0,0,0,0,1,1
1,6,0,11,0,0,0,1,1,0,0
0,5,0,27,0,0,0,0,0,1,0
1,5,0,91,0,0,0,0,0,0,0
1,6,0,1,0,0,0,0,0,0,0
0,6,0,209,0,0,0,0,1,1,0
0,4,0,279,1,0,0,0,0,1,1
0,6,0,58,0,0,0,1,0,0,1
1,4,0,211,0,0,0,0,1,0,0
0,4,1,318,1,0,0,0,0,1,1
0,6,0,14,0,0,0,0,1,0,0
1,5,0,40,0,0,0,2,0,0,0
0,6,0,56,0,0,0,0,1,0,0
0,6,0,102,0,0,0,0,0,0,1
0,6,0,34,0,0,0,1,1,0,0
1,6,0,188,0,0,0,0,1,0,0
0,6,0,5,0,0,0,0,0,1,0
0,6,0,58,0,0,0,0,1,0,0
1,5,0,34,0,0,0,1,0,0,0
0,6,0,27,0,0,0,0,0,0,1
0,5,1,188,0,0,39,0,0,1,1
0,5,0,37,0,0,0,0,0,1,1
0,4,0,265,0,0,176,0,0,1,0
1,5,0,105,0,0,65,0,0,0,0
0,6,0,121,0,0,0,0,0,1,1
0,5,0,1,0,0,0,0,0,1,0
0,6,0,184,0,0,0,0,2,0,0
0,5,1,74,0,0,0,0,0,1,1
0,6,0,206,0,0,0,0,2,1,0
0,4,1,61,0,0,0,0,0,1,1
0,4,1,356,1,0,0,0,0,1,1
0,3,0,107,0,0,0,0,0,1,1
1,6,0,44,0,0,0,0,1,0,1
1,6,0,14,0,0,0,0,1,1,0
0,4,0,36,0,0,0,1,1,0,0
1,4,2,169,0,0,0,2,0,0,0
1,6,0,94,0,0,0,0,1,1,0
0,6,0,33,0,0,0,0,1,1,0
0,6,0,192,1,0,0,0,1,1,1
0,6,0,81,0,0,0,0,0,1,1
1,3,0,136,0,0,0,0,0,0,0
0,5,0,292,0,0,0,1,0,0,0
1,4,1,121,0,0,0,0,0,1,1
0,4,0,41,0,0,0,0,0,1,1
0,6,0,88,0,0,0,0,3,1,0
1,6,0,246,0,0,0,0,1,1,1
0,6,0,145,0,0,0,0,0,1,0
0,5,0,44,0,0,0,0,0,1,0
0,4,1,288,0,0,0,0,0,1,1
0,5,0,292,0,0,0,0,0,0,0
0,6,0,40,0,0,0,0,1,0,0
0,6,0,33,0,0,0,0,1,0,0
0,4,1,368,0,0,0,0,0,1,1
0,6,0,20,0,0,0,0,0,0,1
0,6,0,181,0,0,0,0,2,0,0
1,6,0,7,0,0,0,0,2,0,0
0,4,1,286,0,0,0,0,0,1,1
0,6,0,112,0,0,0,0,1,0,0
0,6,0,10,0,0,0,1,2,0,0
1,3,0,3,0,2,0,0,0,0,0
0,5,0,162,0,0,0,0,0,0,0
1,6,0,6,0,1,0,1,1,0,0
0,6,0,112,0,0,0,0,0,1,1
0,3,0,213,0,0,0,0,0,0,0
1,6,0,41,0,0,0,0,1,0,0
0,6,0,21,0,0,0,0,1,0,0
1,2,0,1,0,0,0,0,0,1,0
0,6,0,126,0,0,0,0,1,0,0
0,5,0,70,0,0,0,0,0,0,0
0,5,1,166,0,0,0,0,0,1,1
0,6,0,71,0,0,0,0,1,1,0
0,5,0,221,0,0,0,0,0,0,0
1,5,0,38,0,0,0,0,0,0,0
0,5,0,67,0,0,0,0,0,0,0
0,6,0,1,0,0,0,0,2,0,0
0,5,1,54,0,0,0,0,0,1,1
0,5,0,418,0,0,223,0,0,1,0
1,6,0,113,0,0,0,0,1,1,0
0,2,0,15,0,0,0,0,0,0,0
0,6,0,92,0,0,0,1,2,1,0
0,5,0,150,0,0,0,0,1,0,0
1,6,0,82,0,0,0,0,1,0,0
0,3,0,4,0,0,0,1,1,0,0
0,6,0,107,0,0,0,0,0,0,0
1,4,0,289,0,1,0,1,1,0,0
0,6,0,141,0,0,0,0,0,1,1
1,3,0,0,0,0,0,0,0,0,0
0,6,0,88,0,0,0,0,1,0,0
0,6,0,67,0,0,0,0,0,1,1
0,5,0,43,1,0,0,0,0,1,1
0,4,1,391,0,0,0,0,0,1,1
0,6,0,6,0,0,0,0,2,0,0
0,4,1,281,0,0,0,0,0,1,1
0,5,0,186,0,0,0,0,0,0,0
0,6,0,69,0,0,0,0,0,0,1
0,6,0,252,0,0,0,0,1,1,1
1,5,0,131,0,0,0,1,0,0,0
0,6,0,14,0,0,0,0,3,0,0
1,5,0,3,0,2,0,0,0,0,0
1,6,0,0,0,0,0,0,0,0,0
0,6,0,1,0,0,0,2,0,0,0
0,5,0,85,0,0,0,0,1,0,0
1,4,1,49,0,0,0,1,0,1,1
0,6,0,65,0,0,0,0,2,1,0
1,6,0,1,0,0,0,0,1,0,0
0,5,0,101,0,0,0,0,0,0,0
0,6,0,69,0,0,0,0,0,1,1
0,6,0,218,0,0,0,0,4,0,1
0,6,0,279,0,0,0,0,0,1,1
0,5,0,174,0,0,0,2,0,0,0
1,6,0,0,0,0,0,0,0,0,0
0,6,0,107,0,0,0,0,1,0,0
0,6,0,15,0,0,0,0,1,1,0
0,3,0,144,0,0,0,1,0,0,0
1,4,0,40,0,0,0,1,0,0,0
0,6,0,0,0,0,0,0,0,0,0
0,5,0,192,0,0,0,0,0,0,0
0,6,0,28,0,0,0,0,0,1,1
0,3,0,12,0,0,0,0,0,0,0
1,4,0,100,0,0,0,0,0,1,1
1,6,0,1,0,0,0,0,1,0,0
1,5,0,184,0,0,0,1,0,0,0
0,6,0,93,0,0,0,0,2,1,1
0,5,0,214,0,0,0,0,0,0,0
1,6,0,19,0,0,0,0,0,1,0
1,6,0,129,0,0,0,1,0,0,0
0,6,0,58,0,0,0,2,1,1,0
0,6,0,157,0,0,0,0,2,0,0
1,6,0,10,0,0,0,0,1,0,0
1,4,0,252,0,0,0,2,0,0,0
1,2,0,7,0,8,0,0,0,0,0
0,6,0,258,0,0,0,0,0,1,1
1,6,0,19,0,0,0,0,3,1,0
0,5,0,34,0,0,0,0,0,0,0
0,6,0,139,0,0,0,0,0,1,1
0,0,0,10,0,0,0,0,0,0,1
1,5,0,131,0,0,0,0,0,1,1
0,3,0,0,0,0,0,0,0,0,0
1,5,0,35,0,0,0,0,2,0,0
1,4,0,47,0,0,47,0,0,0,0
0,4,0,189,0,0,0,0,0,1,0
0,6,0,12,0,0,0,0,2,1,0
0,4,1,313,1,0,0,0,0,1,1
0,5,0,12,0,0,0,0,1,0,0
0,6,0,76,0,0,0,0,1,0,0
1,5,0,145,0,0,0,0,0,0,0
1,6,0,15,0,0,0,0,1,0,0
1,3,0,0,0,0,0,0,0,0,0
0,6,0,34,0,0,0,0,1,1,0
1,6,0,45,0,0,0,0,0,0,1
0,6,0,68,0,0,0,0,0,1,1
0,3,0,0,0,0,0,0,0,0,0
0,6,0,27,0,0,0,0,0,1,1
0,6,0,25,0,0,0,0,2,0,0
1,3,0,2,0,0,0,0,0,0,0
1,3,0,19,0,0,0,1,1,0,0
1,2,0,2,1,0,0,0,0,1,1
1,6,0,11,0,0,0,0,0,0,0
1,3,0,30,0,0,0,0,0,1,0
0,5,0,19,0,0,0,0,0,0,0
0,6,0,4,0,0,0,0,2,0,0
1,5,0,7,0,0,0,0,0,0,0
0,5,0,59,0,0,0,0,0,0,0
1,6,0,25,0,0,0,1,0,0,0
0,5,0,8,0,0,0,1,0,0,0
0,6,0,29,0,0,0,0,1,1,0
0,6,0,160,0,0,0,0,0,1,1
1,6,0,158,0,0,0,0,0,1,0
0,5,0,88,0,0,0,0,0,1,0
0,5,0,346,0,0,0,0,1,0,0
0,5,0,49,0,0,0,0,0,0,0
1,4,0,36,0,0,0,0,0,0,0
1,3,0,11,0,0,0,0,1,0,0
0,6,0,83,0,0,0,0,1,1,0
1,6,0,0,0,0,0,0,0,0,0
0,6,0,192,0,0,0,0,1,1,0
0,5,0,298,0,0,0,1,0,0,0
0,4,0,409,0,0,0,0,1,0,0
0,6,0,53,0,0,0,0,0,0,1
0,4,1,247,0,0,0,0,0,1,1
1,2,0,1,0,0,0,0,0,0,0
0,6,0,45,0,0,0,0,1,0,0
1,5,0,26,0,0,0,0,1,0,0
0,6,0,292,0,0,0,0,1,1,0
0,6,0,66,0,0,0,0,0,1,1
0,4,1,186,0,0,0,0,0,1,1
0,5,0,111,0,0,0,0,0,1,1
0,6,0,194,0,0,0,0,0,1,1
1,5,0,199,0,0,0,0,1,1,0
1,6,0,327,0,0,0,1,0,1,1
0,5,1,146,1,0,28,0,0,1,1
1,6,0,195,0,0,0,1,0,1,0
0,6,0,9,0,0,0,0,1,0,0
1,6,0,114,0,0,0,0,1,1,1
1,4,1,138,0,0,0,0,0,1,1
0,6,0,25,0,0,0,0,0,1,0
0,6,0,207,0,0,0,0,1,0,0
1,4,0,236,0,0,0,0,0,0,1
1,6,0,70,0,0,0,0,0,1,0
0,6,0,28,0,0,0,0,2,0,0
0,3,0,2,0,0,0,0,3,0,0
1,4,1,238,0,0,0,0,0,1,1
1,6,0,113,0,0,0,0,0,1,1
1,6,0,187,0,0,0,0,2,1,0
0,4,0,26,0,0,0,1,0,0,0
0,0,0,1,0,0,0,0,0,0,1
0,6,0,110,0,0,0,0,1,1,0
0,4,0,212,0,0,0,0,1,0,0
0,6,0,145,0,0,0,0,0,0,0
0,3,0,0,0,0,0,0,0,1,0
0,6,0,256,0,0,0,0,2,0,0
0,6,0,81,0,0,0,1,0,0,0
0,4,0,16,0,0,0,1,1,0,0
0,5,1,113,0,0,0,0,0,1,1
1,3,0,50,0,0,0,0,0,1,0
0,6,0,61,0,0,0,2,0,1,1
1,6,0,0,0,0,0,2,0,0,0
1,3,0,0,0,0,0,0,0,0,0
0,6,0,220,0,0,0,1,1,0,0
0,6,0,142,0,0,0,0,1,0,0
0,3,0,122,0,0,0,3,3,0,0
0,2,0,12,0,0,0,0,0,0,0
0,3,0,146,0,0,0,0,1,0,0
0,6,0,217,0,0,0,0,2,1,0
0,4,0,198,0,0,98,0,0,0,0
0,6,0,245,0,0,0,0,2,0,1
1,5,0,76,0,0,0,0,0,1,0
0,6,0,4,1,0,0,0,2,1,1
1,5,0,6,0,0,0,0,0,0,0
0,4,1,226,0,0,0,0,0,1,1
0,6,0,51,0,0,0,0,2,1,0
0,6,0,227,0,0,0,0,0,1,1
1,6,0,132,0,0,0,0,1,1,0
0,2,0,99,0,0,0,0,0,0,0
0,6,0,42,0,0,0,0,1,1,0
1,6,0,0,0,0,0,0,1,0,0
0,6,0,68,0,0,0,0,1,1,0
1,6,0,209,0,0,0,2,0,1,1
0,6,0,14,0,0,0,0,1,0,0
1,4,0,231,0,0,0,0,0,0,0
0,1,0,1,0,1,0,0,0,0,0
0,6,0,52,0,0,0,0,1,1,0
1,6,0,32,0,0,0,0,1,0,0
0,3,0,238,0,0,0,1,0,0,0
0,1,0,63,0,0,0,0,1,0,1
1,4,0,67,0,0,0,1,0,0,0
0,3,0,89,0,0,0,1,0,0,0
1,4,0,338,0,0,150,2,0,0,0
1,6,0,155,0,0,0,1,2,1,1
0,6,0,18,0,0,0,0,1,1,0
0,6,0,77,0,0,0,0,0,1,1
0,6,0,51,0,0,0,0,1,0,0
1,6,0,93,0,0,0,3,0,1,1
1,6,0,54,0,0,0,0,1,1,0
0,3,0,0,0,0,0,1,0,0,0
0,5,0,7,0,0,0,0,0,0,0
1,6,0,289,1,0,0,0,0,1,1
0,6,0,5,0,0,0,0,1,0,0
0,3,0,9,0,0,0,0,0,0,0
0,6,0,9,0,0,0,0,1,0,0
0,6,0,77,0,0,0,0,0,0,1
1,6,0,191,0,0,0,0,0,1,0
0,4,0,316,0,0,0,1,0,1,0
0,6,0,176,0,0,0,0,1,0,0
0,3,0,7,0,0,0,1,3,0,0
0,5,0,21,0,0,0,0,0,0,0
1,4,0,96,0,0,0,1,0,0,0
0,5,0,75,0,0,0,0,0,0,0
0,4,1,35,0,0,0,0,0,1,1
0,6,0,26,0,0,0,0,0,1,1
0,4,1,573,0,0,0,0,0,1,1
0,6,0,45,0,0,0,0,2,0,0
0,5,1,219,0,0,0,0,0,1,1
0,3,0,197,0,0,0,0,0,1,1
1,5,0,36,0,0,0,1,0,0,0
1,6,0,22,0,0,0,0,1,0,0
0,4,0,27,0,0,25,0,0,0,0
0,6,0,31,0,0,0,0,2,0,0
1,3,0,105,0,0,0,0,1,0,0
0,6,0,14,0,0,0,0,0,1,1
0,6,0,1,0,0,0,0,2,0,0
0,4,1,342,1,0,0,0,0,1,1
0,6,0,163,0,0,0,0,2,1,0
1,6,0,0,0,0,0,0,1,1,0
1,6,0,8,0,0,0,1,0,0,0
0,6,0,203,0,0,0,0,3,0,0
0,5,1,56,0,0,0,0,0,1,1
0,6,0,170,0,0,0,2,3,0,0
1,3,0,1,0,0,0,0,0,0,0
0,3,0,53,0,0,0,1,1,0,0
0,6,0,84,0,0,0,0,1,1,0
0,6,0,42,0,0,0,0,1,1,0
0,6,0,138,0,0,0,3,1,0,0
0,6,0,2,0,0,0,0,1,0,0
1,6,0,150,0,0,0,0,1,0,0
1,6,0,241,0,0,0,0,2,0,0
0,4,0,95,0,0,0,0,0,1,1
0,6,0,212,0,0,0,1,1,0,1
1,3,0,269,0,0,0,1,0,0,0
0,1,0,0,0,0,0,0,0,0,0
1,2,0,6,0,9,0,0,1,0,0
0,4,0,0,0,0,0,0,0,0,0
0,6,0,104,0,0,0,0,1,1,0
1,6,0,227,0,0,0,0,2,1,1
1,5,0,238,0,1,0,0,2,0,0
0,4,0,18,0,0,0,0,0,0,0
1,3,0,140,0,0,0,3,1,0,1
0,5,0,50,0,0,0,1,0,0,0
0,5,1,74,0,0,0,0,0,1,1
1,6,0,146,0,0,0,1,1,0,1
0,3,0,6,0,0,0,1,0,0,0
0,5,0,222,0,0,0,0,1,0,0
1,6,0,93,0,0,0,0,2,1,1
1,3,0,4,1,1,0,0,0,1,1
1,6,0,34,0,0,0,0,1,0,0
0,5,0,289,1,0,0,0,0,1,1
1,5,0,40,0,0,0,0,2,0,1
0,5,0,61,0,0,0,1,0,0,0
0,5,0,320,0,0,0,0,1,0,0
1,5,0,236,0,0,0,0,0,0,0
0,6,0,286,0,0,0,0,2,0,0
0,4,1,175,0,0,0,0,0,1,1
0,6,0,326,0,0,0,0,0,0,1
1,4,0,47,0,0,47,0,0,0,0
0,6,0,12,0,0,0,0,0,0,1
0,6,0,149,0,0,0,0,1,0,0
0,4,1,233,0,0,0,0,0,1,1
0,6,0,75,0,0,0,0,1,0,0
0,6,0,0,0,0,0,0,0,1,0
1,6,0,92,0,0,0,0,1,1,0
0,6,0,144,0,0,0,2,2,0,0
0,5,0,112,0,0,0,0,0,0,0
0,2,0,1,0,0,0,1,0,0,0
0,6,0,59,0,0,0,0,0,1,1
1,6,0,6,0,0,0,0,0,0,0
0,3,0,0,0,0,0,0,0,1,0
1,4,0,156,0,0,0,0,0,0,0
1,3,0,177,0,0,0,1,3,0,0
1,6,0,320,0,0,0,0,2,1,1
0,4,1,67,0,0,0,0,0,1,1
0,4,0,30,0,0,0,0,0,1,1
1,4,0,80,0,0,0,0,1,0,0
1,6,0,29,0,0,0,0,1,1,0
0,6,0,228,0,0,0,0,1,1,0
0,6,0,110,0,0,0,1,0,0,0
1,6,0,59,0,0,0,0,2,1,1
0,6,0,65,0,0,0,0,2,0,0
0,5,0,256,0,0,0,0,0,0,0
1,5,0,44,0,0,0,1,0,0,0
0,6,0,32,0,0,0,0,1,1,0
1,3,0,0,0,0,0,1,0,0,0
1,6,0,116,0,0,0,0,1,1,0
0,4,0,274,1,0,0,0,0,1,1
0,5,0,423,0,0,0,0,1,0,0
1,6,0,201,0,0,0,2,1,1,1
0,5,0,111,0,0,0,0,0,1,1
1,6,0,159,0,0,0,0,1,0,0
0,2,0,99,0,0,0,0,0,0,0
1,3,0,38,0,0,0,2,1,0,0
1,6,0,198,0,0,0,1,0,1,1
1,5,0,0,0,0,0,0,0,0,0
1,6,0,0,0,0,0,0,0,0,0
0,4,0,147,1,0,0,0,0,1,1
0,6,0,32,0,0,0,0,0,1,1
0,6,0,144,0,0,0,0,2,0,0
1,6,0,186,0,0,0,0,1,0,0
1,4,0,245,0,0,0,0,0,0,0
0,4,1,173,0,0,0,0,0,1,1
0,6,0,45,0,0,0,0,0,1,1
0,3,0,1,0,0,0,2,1,0,0
0,5,1,33,1,0,0,0,0,1,1
0,5,0,135,0,0,0,0,0,0,0
0,4,1,28,0,0,0,0,0,1,1
0,4,0,274,1,0,0,0,0,1,1
0,4,0,24,0,0,0,0,0,0,0
0,4,0,233,0,0,0,0,0,0,0
0,6,0,181,1,0,0,0,3,1,1
1,3,0,0,0,0,0,0,0,0,0
1,3,0,4,0,0,0,0,0,0,0
0,4,0,65,0,0,0,0,0,0,0
0,6,0,21,0,0,0,0,1,1,0
1,5,0,12,0,0,0,2,1,0,0
1,3,0,168,0,0,0,0,3,0,0
1,2,0,31,0,0,0,2,0,0,0
0,6,0,24,0,0,0,0,1,0,0
1,6,0,35,0,0,0,1,2,0,0
0,6,0,105,0,0,0,2,0,1,0
0,6,0,0,0,0,0,0,2,0,0
0,3,0,0,0,0,0,0,0,0,0
0,2,0,0,0,0,0,0,0,0,0
1,6,0,230,0,0,0,2,3,0,0
0,6,0,120,0,0,0,0,0,0,1
0,2,0,5,0,0,0,0,0,0,0
1,6,0,10,0,0,0,0,1,0,0
0,4,0,147,1,0,0,0,0,1,1
1,3,0,0,0,0,0,0,0,0,0
0,3,0,17,1,0,0,0,0,1,1
1,3,0,67,1,1,0,1,2,1,1
0,6,0,49,0,0,0,0,1,0,0
1,6,0,30,0,0,0,0,0,0,1
0,6,0,228,0,0,0,0,2,1,0
0,6,0,184,0,0,0,0,2,0,0
0,4,1,200,1,0,0,0,0,1,1
0,2,0,13,0,0,0,0,0,0,0
1,5,0,200,0,0,0,0,0,0,1
0,5,0,377,0,0,0,0,1,0,0
0,6,0,201,0,0,0,0,0,0,0
0,6,0,0,0,0,0,0,2,0,0
0,4,1,342,1,0,0,0,0,1,1
0,6,0,164,0,0,0,0,1,1,0
0,6,0,131,0,0,0,0,1,0,0
0,5,0,256,0,0,0,0,1,0,0
0,5,0,29,0,0,0,0,1,1,0
1,6,0,159,0,0,0,0,1,0,0
0,6,0,295,0,0,0,0,0,1,1
0,6,0,189,0,0,0,0,0,1,1
0,6,0,21,0,0,0,0,0,0,1
1,6,0,190,0,0,0,0,1,1,1
0,6,0,21,0,0,0,0,1,0,0
0,6,0,146,0,0,0,0,0,1,1
1,3,0,4,0,0,0,0,0,0,0
1,3,0,98,0,0,0,0,0,0,1
1,5,0,165,0,0,0,0,0,0,0
0,5,0,307,0,0,0,2,0,0,1
0,4,1,405,0,0,0,0,0,1,1
0,6,0,125,0,0,0,0,1,0,0
0,6,0,78,0,0,0,0,1,1,0
0,6,0,66,0,0,0,0,1,1,0
0,5,1,44,0,0,3,0,0,1,1
1,6,0,229,0,0,0,0,2,1,0
1,5,0,57,0,0,0,0,1,1,1
1,6,0,7,0,0,0,0,1,0,0
1,6,0,0,0,1,0,0,1,0,0
0,3,0,137,0,0,0,0,3,0,1
1,5,0,54,0,0,0,0,0,0,0
1,4,1,143,0,0,0,0,0,1,1
0,6,0,169,0,0,0,2,0,0,0
1,4,0,203,0,0,0,3,0,0,0
1,5,0,107,0,0,0,0,0,1,0
1,6,0,7,0,0,0,0,2,0,0
1,2,0,0,1,2,0,0,0,0,0
0,2,0,5,0,0,0,0,0,0,0
0,6,0,35,0,0,0,0,0,1,1
0,6,0,51,0,0,0,0,0,1,1
0,6,0,154,0,0,0,0,0,0,1
0,6,0,64,0,0,0,0,2,0,0
1,6,0,196,1,0,0,0,2,1,1
1,4,0,285,0,0,0,1,2,0,0
1,3,0,16,0,0,0,0,3,0,0
1,5,0,39,0,0,0,0,2,0,0
1,3,0,136,0,0,0,0,4,0,0
0,6,0,35,0,0,0,0,1,0,0
0,6,0,65,0,0,0,0,1,0,0
0,4,1,433,0,0,0,0,0,1,1
1,4,0,82,0,0,0,0,0,0,0
1,4,0,41,0,0,0,0,0,0,0
1,4,0,109,0,0,0,3,0,0,0
0,6,0,193,0,0,0,0,1,0,0
1,5,0,279,0,0,0,1,0,0,0
1,6,0,60,0,0,0,0,0,0,1
0,6,0,41,0,0,0,0,0,0,1
0,6,0,127,0,0,0,0,0,0,1
1,4,1,92,1,0,0,0,0,1,1
0,5,0,80,0,0,50,0,0,0,0
0,5,0,87,0,0,0,0,0,0,0
0,6,0,6,0,0,0,0,1,0,0
0,6,0,95,0,0,0,0,0,0,1
0,6,0,1,0,0,0,0,2,0,0
0,6,0,19,0,0,0,0,1,0,0
0,4,1,420,0,0,0,0,0,1,1
0,5,1,150,0,0,0,0,0,1,1
0,6,0,35,0,0,0,0,1,0,0
1,3,0,107,0,0,0,3,0,0,0
1,5,0,200,0,0,0,0,2,0,0
0,6,0,1,0,0,0,0,1,0,0
0,5,0,418,0,0,223,0,0,0,0
1,4,0,131,0,0,0,1,0,1,1
1,5,0,75,0,0,0,0,2,0,0
0,6,0,11,0,0,0,0,0,1,0
0,5,0,73,0,0,0,0,0,1,0
0,6,0,18,0,0,0,0,1,0,0
0,4,0,208,0,0,0,0,0,1,0
1,6,0,28,0,0,0,0,1,0,0
1,6,0,130,0,0,0,0,0,1,1
0,6,0,311,0,0,0,2,0,1,1
0,4,0,281,1,0,0,0,0,1,1
0,4,0,34,0,0,0,0,0,1,0
0,5,0,246,0,0,0,0,1,0,0
0,6,0,195,0,0,0,0,2,0,1
0,4,0,61,0,0,0,0,0,0,1
0,6,0,28,0,0,0,0,0,1,1
1,6,0,216,0,0,0,0,0,1,1
0,6,0,109,0,0,0,0,1,0,0
0,6,0,1,0,0,0,0,0,0,0
0,4,1,605,0,0,0,0,0,1,1
1,3,0,18,0,0,0,4,1,0,0
1,6,0,43,0,0,0,0,1,1,0
0,5,1,71,0,0,0,0,0,1,1
0,6,0,33,0,0,0,0,0,0,1
0,5,1,19,1,0,0,0,0,1,1
0,6,0,162,0,0,0,0,2,0,0
1,4,1,183,0,0,0,0,0,1,1
0,3,0,5,0,3,0,0,1,0,0
0,6,0,53,0,0,0,0,1,0,0
1,6,0,26,0,0,0,0,1,0,0
1,6,0,61,0,0,0,1,1,0,0
0,4,1,104,0,0,0,0,0,1,1
1,3,0,47,0,0,0,0,0,0,1
1,5,0,150,0,0,0,0,0,0,0
1,6,0,250,1,0,0,0,0,1,1
0,5,1,69,0,0,0,0,0,1,1
0,4,0,76,0,0,0,0,0,0,0
0,3,0,11,0,0,0,1,0,0,0
0,4,0,103,0,0,0,0,0,1,0
0,4,1,360,1,0,0,0,0,1,1
0,6,0,33,0,0,0,0,0,1,1
0,4,1,311,1,0,0,0,0,1,1
0,6,0,7,0,0,0,0,1,0,0
0,3,0,0,0,0,0,0,0,0,0
0,4,1,277,0,0,0,0,0,1,1
0,4,1,174,0,0,0,0,0,1,1
0,6,0,233,0,0,0,0,4,0,1
0,6,0,121,0,0,0,0,2,1,0
0,5,0,20,0,0,0,0,0,0,0
0,3,0,138,0,0,0,1,1,0,0
0,6,0,58,0,0,0,0,2,0,0
0,6,0,73,0,0,0,0,1,1,0
0,5,1,113,0,0,0,0,0,1,1
0,6,0,37,0,0,0,0,2,1,0
0,4,1,405,0,0,0,0,0,1,1
0,4,0,33,0,0,0,1,0,0,0
0,5,0,247,0,0,0,0,1,0,0
1,6,0,46,0,0,0,0,1,1,0
0,6,0,5,0,0,0,0,0,0,0
0,5,1,178,1,0,46,0,0,1,1
0,4,0,274,1,0,0,0,0,1,1
0,4,1,89,0,0,0,0,0,1,1
1,6,0,4,0,0,0,0,0,0,0
1,3,0,29,0,0,0,1,2,0,0
0,6,0,40,0,0,0,0,1,0,0
1,4,0,45,0,0,0,0,0,1,1
0,6,0,48,0,0,0,0,2,0,0
0,5,0,4,0,0,0,0,0,1,0
0,5,0,151,0,0,0,0,0,0,0
1,3,0,129,0,0,0,0,1,0,0
0,6,0,217,0,0,0,0,2,0,0
1,6,0,80,0,0,0,0,1,0,1
0,5,1,44,0,0,3,0,0,1,1
0,6,0,56,0,0,0,0,1,0,0
1,6,0,26,0,0,0,2,2,0,0
0,6,0,0,0,0,0,0,2,0,0
1,5,1,260,1,0,0,0,0,1,1
1,6,0,0,0,0,0,0,1,0,0
0,4,0,12,0,0,0,0,0,1,0
1,6,0,130,0,0,0,0,1,0,0
1,6,0,8,0,0,0,0,2,0,0
0,3,0,0,0,0,0,0,0,0,0
1,5,0,190,0,0,0,0,3,0,0
0,5,0,39,0,0,0,0,0,0,1
1,3,0,132,0,0,0,1,0,0,0
1,3,0,27,0,0,0,1,1,0,0
0,5,0,105,0,0,0,1,0,0,0
1,2,0,3,0,0,0,0,0,0,0
1,6,0,25,0,0,0,1,2,0,0
0,6,0,25,0,0,0,0,1,1,0
1,6,0,24,0,0,0,0,1,1,0
0,6,0,49,0,0,0,0,1,0,0
1,6,0,248,0,0,0,0,1,0,0
1,4,0,154,0,0,0,0,0,0,0
0,6,0,0,0,0,0,0,1,0,0
0,4,0,95,0,0,0,0,0,0,1
0,6,0,144,0,0,0,0,1,0,0
0,6,0,86,0,0,0,0,1,1,0
0,5,0,59,0,0,0,0,1,0,0
0,6,0,183,0,0,0,0,0,0,1
0,6,0,52,0,0,0,0,2,1,0
0,4,1,156,0,0,0,0,0,1,1
0,4,1,66,0,0,0,0,0,1,1
1,5,0,208,0,0,0,0,2,0,0
0,5,0,183,0,0,0,0,1,0,0
0,6,0,158,0,0,0,0,0,1,1
0,4,1,65,0,0,0,0,0,1,1
1,6,0,65,0,0,0,0,0,1,1
0,3,0,1,0,0,0,0,0,0,0
1,6,0,148,0,0,0,0,2,0,1
0,6,0,45,0,0,0,0,1,0,0
0,6,0,1,0,0,0,0,0,0,0
1,3,0,0,0,0,0,0,0,0,0
1,3,0,4,0,0,0,0,0,0,0
1,3,0,147,0,0,0,0,0,0,0
0,4,1,87,0,0,0,0,0,1,1
0,4,0,97,0,0,0,0,0,0,0
1,6,0,154,0,0,0,0,2,0,0
0,3,0,115,0,0,0,0,0,1,0
0,6,0,3,0,0,0,0,0,0,0
0,6,0,15,0,0,0,0,1,0,0
0,3,0,6,0,0,0,2,1,0,0
1,5,0,10,0,3,0,0,0,0,0
0,6,0,57,0,0,0,0,0,1,1
1,6,0,31,0,0,0,0,2,1,0
0,1,0,22,0,0,0,0,0,0,0
0,6,0,123,0,0,0,0,0,1,1
1,3,0,0,0,0,0,1,0,0,0
1,6,0,102,0,0,0,0,1,0,0
1,6,0,34,0,0,0,0,0,0,1
1,2,0,1,0,0,0,0,2,0,0
1,2,0,71,0,0,0,0,0,1,1
0,5,0,39,0,0,0,0,0,1,1
1,3,0,113,0,0,0,0,1,0,1
1,3,0,200,0,0,0,0,0,0,1
1,4,0,152,0,0,0,3,0,0,0
0,5,1,302,0,0,70,0,0,1,1
1,2,0,18,0,0,0,0,0,0,0
1,6,0,7,0,0,0,0,1,0,0
1,6,0,103,0,0,0,0,1,1,0
1,5,0,13,0,0,0,0,1,0,0
1,6,0,1,0,0,0,0,1,0,0
0,6,0,1,0,0,0,0,1,0,0
1,6,0,100,0,0,0,0,2,1,1
1,2,0,39,0,0,0,2,0,0,0
0,5,1,54,0,0,0,0,0,1,1
1,3,0,103,0,0,0,0,2,0,0
1,3,0,77,0,0,0,0,1,0,0
0,6,0,17,0,0,0,0,1,1,0
0,6,0,106,0,0,0,0,0,1,1
0,6,0,243,0,0,0,0,0,1,1
0,2,0,3,0,2,0,0,0,0,0
0,6,0,142,0,0,0,0,1,0,0
1,4,1,462,0,0,0,0,0,1,1
1,5,0,316,0,0,0,0,0,0,0
0,6,0,188,0,0,0,0,1,0,0
0,2,0,13,0,0,0,0,1,1,0
0,6,0,4,0,0,0,0,0,0,0
0,5,0,216,0,0,0,0,0,0,0
0,6,0,4,0,0,0,0,2,0,0
0,3,0,0,0,0,0,0,0,1,0
0,3,0,33,0,0,0,0,0,0,0
1,3,0,0,0,0,0,0,1,0,0
0,6,0,65,0,0,0,0,1,1,0
1,4,0,82,0,0,0,1,0,0,0
1,4,1,155,0,0,0,0,0,1,1
0,5,0,39,0,0,0,0,0,1,1
1,3,0,35,0,0,0,0,1,0,0
1,3,0,18,0,0,0,2,0,0,0
0,6,0,80,0,0,0,0,0,1,1
1,5,0,265,0,0,0,0,0,0,0
0,5,0,116,0,0,0,1,0,1,0
1,6,0,123,0,0,0,0,2,0,1
1,4,0,53,0,0,0,0,0,1,0
0,5,1,304,0,0,0,0,0,1,1
1,3,0,14,0,0,0,1,0,0,0
1,3,0,7,0,0,0,0,1,0,0
0,6,0,39,0,0,0,0,1,1,0
1,4,0,12,0,0,0,1,0,1,0
1,5,0,124,0,0,0,0,0,0,0
0,6,0,83,0,0,0,0,1,1,0
1,6,0,205,0,0,0,0,1,1,1
0,6,0,7,0,0,0,0,1,0,0
0,4,0,34,0,0,0,0,0,0,0
0,6,0,99,0,0,0,0,1,1,0
1,5,0,199,0,0,0,1,0,0,0
0,6,0,7,0,0,0,1,3,0,0
0,4,1,128,0,0,0,0,0,1,1
0,4,1,87,0,0,0,0,0,1,1
0,6,0,12,0,0,0,0,0,1,1
0,3,0,6,0,0,0,0,0,0,0
0,5,0,144,0,0,0,0,0,0,0
0,6,0,7,0,0,0,0,1,0,0
0,4,1,447,0,0,0,0,0,1,1
1,6,0,136,0,0,0,0,0,1,0
0,5,1,177,1,0,0,0,0,1,1
0,4,0,16,0,0,0,1,0,0,0
0,4,0,1,0,0,0,0,1,0,0
1,6,0,121,0,0,0,0,1,0,0
1,6,0,50,0,0,0,0,0,1,0
0,5,0,117,0,0,0,0,0,0,1
1,4,1,245,1,0,0,0,0,1,1
0,3,0,43,0,0,0,0,1,0,0
0,5,0,112,0,0,0,0,1,0,0
0,6,0,123,0,0,0,0,2,0,1
1,6,0,38,0,0,0,0,1,0,0
0,5,1,260,1,0,0,1,0,1,1
0,5,0,256,0,0,0,0,1,0,0
0,6,0,7,0,0,0,0,2,0,0
0,4,0,115,0,0,34,1,0,0,0
0,5,0,457,0,0,0,1,1,0,0
1,6,0,2,0,0,0,0,1,0,0
0,6,0,193,0,0,0,0,0,1,0
0,5,1,276,0,0,160,0,0,1,1
0,4,0,134,0,0,0,0,1,0,0
0,4,0,215,0,0,0,1,0,0,0
0,3,0,50,0,0,0,0,1,0,0
0,4,0,300,1,0,0,0,0,1,1
0,6,0,68,0,0,0,0,0,1,1
0,6,0,185,0,0,0,0,0,1,1
0,6,0,0,0,0,0,0,2,0,0
0,6,0,326,0,0,0,0,2,0,1
0,6,0,26,1,0,0,0,1,1,1
1,5,0,145,0,0,0,1,2,0,0
0,6,1,102,0,0,0,0,2,0,1
0,6,0,81,0,0,0,0,1,0,0
1,5,0,222,0,0,0,0,0,0,0
0,6,0,46,0,0,0,0,0,1,1
1,4,0,112,0,0,0,0,0,0,0
1,4,1,309,0,0,5,0,0,1,1
0,5,0,309,0,0,215,0,0,0,1
1,5,0,205,0,0,0,0,1,0,0
0,5,0,122,0,0,56,0,0,1,0
0,6,0,151,0,0,0,0,1,1,0
1,6,0,104,0,0,0,1,1,0,0
0,5,0,13,0,0,0,0,0,0,0
1,6,0,0,0,0,0,0,0,0,0
0,6,0,117,0,0,0,2,2,1,0
0,6,0,63,0,0,0,0,0,1,1
1,6,0,1,0,0,0,0,1,0,0
1,6,0,26,0,0,0,0,0,0,1
0,6,0,52,0,0,0,2,1,0,1
0,3,0,0,0,0,0,1,0,0,0
0,5,1,103,0,0,0,0,0,1,1
1,6,0,97,0,0,0,0,0,0,1
1,4,0,107,0,0,0,1,0,0,0
0,6,0,2,0,0,0,1,1,0,0
1,3,0,0,0,0,0,1,0,0,0
0,5,0,42,0,0,0,0,0,0,0
0,5,1,34,1,0,0,0,0,1,1
1,5,0,182,0,0,0,0,0,0,0
0,6,0,150,0,0,0,0,0,1,1
0,6,0,100,0,0,0,0,0,1,1
0,6,0,142,0,0,0,1,1,0,1
1,6,0,3,0,0,0,0,1,0,0
0,4,1,135,0,0,0,0,0,1,1
0,6,0,69,0,0,0,0,1,1,0
0,3,0,0,0,0,0,0,2,0,0
0,6,0,41,0,0,0,1,0,1,0
1,6,0,65,0,0,0,0,2,0,0
0,6,0,13,0,0,0,0,2,0,0
0,6,0,185,0,0,0,0,0,1,1
0,2,1,16,1,0,0,0,0,1,1
0,4,1,266,0,0,32,0,0,1,1
0,6,0,97,0,0,0,0,0,0,1
0,6,0,80,0,0,0,0,3,0,0
0,6,0,10,0,0,0,0,0,1,1
0,6,0,163,0,0,0,0,1,0,0
0,4,1,293,1,0,0,0,0,1,1
0,6,0,26,0,0,0,0,1,0,0
0,5,1,211,0,0,111,0,0,1,1
1,3,0,46,0,0,0,1,1,0,0
0,2,0,33,0,0,15,1,0,0,0
0,6,0,58,0,0,0,0,1,0,0
0,5,0,257,0,0,0,0,0,0,0
0,4,1,290,1,0,0,0,0,1,1
0,6,0,1,0,0,0,0,1,0,0
1,4,0,11,0,0,0,3,0,0,0
0,4,1,344,0,0,0,0,0,1,1
0,6,0,13,0,0,0,0,0,0,1
0,5,0,2,0,0,0,0,0,0,0
1,6,0,38,0,0,0,0,0,1,1
1,6,0,101,0,0,0,0,0,1,0
0,5,1,210,0,0,0,0,0,1,1
1,3,0,45,0,0,0,0,2,0,0
0,6,0,182,0,0,0,0,2,1,0
0,5,1,322,0,0,120,0,0,1,1
1,4,1,222,0,0,0,0,0,1,1
0,3,0,3,0,0,0,1,1,0,0
0,6,0,72,0,0,0,0,1,0,0
0,4,1,454,0,0,0,0,0,1,1
0,6,0,62,0,0,0,0,0,0,1
0,4,1,115,1,0,22,0,0,1,1
0,1,0,0,4,15,0,0,1,0,0
0,5,1,275,0,0,0,0,0,1,1
0,4,1,198,0,0,0,0,0,1,1
0,6,0,92,0,0,0,0,0,1,1
0,4,1,559,0,0,0,0,0,1,1
0,5,0,64,0,0,0,0,0,0,0
0,5,1,188,0,0,39,0,0,1,1
1,3,0,13,0,3,0,0,0,0,0
0,6,0,293,0,0,0,0,4,0,0
0,4,0,5,0,1,0,0,0,0,0
0,5,1,373,0,0,0,0,0,1,1
0,6,0,193,0,0,0,0,1,0,0
0,6,0,48,1,0,0,0,2,1,1
0,2,0,25,0,0,0,1,0,0,0
1,6,0,49,0,0,0,0,1,0,0
0,6,0,148,0,0,0,0,0,1,1
1,2,0,24,0,0,0,2,0,0,0
0,4,1,82,0,0,0,0,0,1,1
0,5,1,30,0,0,0,0,0,1,1
0,6,0,91,0,0,0,0,3,0,0
0,6,0,158,0,0,0,0,0,1,1
1,5,0,324,0,0,0,0,0,0,0
1,3,0,118,0,0,0,2,2,0,0
0,3,0,260,0,0,0,0,1,1,1
1,3,0,20,0,0,0,2,2,0,0
0,4,1,157,0,0,0,0,0,1,1
0,5,0,95,0,0,0,0,0,0,0
1,6,0,3,0,1,0,0,0,0,0
0,3,0,4,0,0,0,0,0,0,0
1,5,0,36,0,0,0,0,0,0,0
1,5,0,133,0,0,0,0,0,0,0
0,6,0,72,0,0,0,0,0,1,1
0,5,0,146,0,0,99,0,0,0,0
0,2,0,5,0,0,0,0,0,0,0
0,6,0,285,0,0,0,0,1,1,1
0,5,1,335,1,0,0,0,0,1,1
0,6,0,55,0,0,0,1,1,1,0
0,5,0,16,0,0,0,0,0,0,0
0,6,0,1,0,0,0,0,0,0,0
0,6,0,46,0,0,0,0,0,0,1
1,6,0,28,0,0,0,0,0,0,0
0,6,0,58,0,0,0,0,1,0,0
1,6,0,231,0,0,0,0,1,1,1
1,6,0,16,0,0,0,0,0,0,1
0,6,0,206,0,0,0,0,0,1,0
1,6,0,27,0,0,0,0,1,0,0
1,6,0,43,0,0,0,0,2,0,0
0,5,1,139,0,0,0,0,0,1,1
1,3,0,72,0,0,0,0,2,0,0
1,5,0,157,0,0,0,0,0,0,0
0,5,0,458,0,0,0,2,2,1,0
1,5,0,74,0,0,0,0,1,1,0
0,5,0,219,0,0,0,0,0,0,0
0,6,0,139,0,0,0,0,0,1,1
0,6,0,169,0,0,0,0,0,1,1
0,3,0,57,0,0,0,1,1,0,0
0,5,0,14,0,0,0,0,0,0,0
1,3,0,10,0,0,0,0,0,1,0
0,6,0,108,0,0,0,0,1,1,0
1,3,0,1,0,0,0,0,0,0,0
0,5,0,42,0,0,0,0,0,0,0
0,2,0,6,0,4,0,0,0,0,0
0,6,0,125,0,0,0,0,0,1,1
0,6,0,72,0,0,0,0,1,0,0
0,4,0,16,0,0,0,0,0,0,0
1,4,1,103,0,0,0,0,0,1,1
1,6,0,1,0,0,0,0,0,0,0
1,2,0,23,0,0,0,0,0,1,0
1,5,0,11,0,0,0,0,0,0,0
1,4,0,236,0,0,0,0,0,0,1
0,6,0,162,0,0,0,0,1,1,0
0,6,0,7,0,0,0,0,0,0,0
0,6,0,274,0,0,0,0,2,0,0
1,6,0,249,0,0,0,0,1,1,0
1,6,0,15,0,0,0,0,0,1,0
1,4,1,259,1,0,0,0,0,1,1
0,6,0,20,0,0,0,0,1,1,0
1,5,0,214,1,0,0,0,0,1,1
1,6,0,100,0,0,0,0,0,1,1
1,6,0,2,0,0,0,0,1,1,0
0,6,0,38,0,0,0,0,1,0,0
1,4,0,5,0,0,0,0,0,0,0
0,5,0,219,1,0,0,0,0,1,1
1,6,0,73,0,0,0,0,1,1,0
0,2,0,0,0,1,0,0,1,0,0
1,6,0,9,0,0,0,1,0,1,0
0,4,1,164,1,0,0,0,0,1,1
1,6,0,159,0,0,0,0,0,0,1
0,5,1,166,0,0,0,0,0,1,1
0,5,0,1,0,0,0,0,0,0,0
1,3,0,19,0,0,0,1,0,0,0
1,6,0,40,0,0,0,0,0,1,1
1,6,0,246,0,0,0,0,1,0,1
0,4,1,412,0,0,0,0,0,1,1
1,3,0,98,0,0,0,0,0,0,1
1,6,0,47,0,0,0,0,1,1,0
0,4,1,405,0,0,0,0,0,1,1
1,3,0,0,0,0,0,0,0,0,0
1,6,0,35,0,0,0,0,1,0,0
0,4,1,59,0,0,0,0,0,1,1
0,6,0,211,0,0,0,0,0,1,1
0,6,0,102,0,0,0,0,0,1,1
1,3,0,2,0,0,0,0,2,0,0
0,2,0,10,0,0,0,0,0,0,0
1,6,0,33,0,0,0,0,1,0,0
0,6,0,32,0,0,0,0,1,1,0
1,5,0,144,0,0,0,0,1,0,1
1,5,0,41,0,0,0,0,0,0,0
0,4,1,286,1,0,0,0,0,1,1
0,4,0,20,0,0,0,0,0,0,0
0,6,0,23,0,0,0,2,1,1,1
0,6,0,255,0,0,0,0,2,0,0
0,6,0,6,0,0,0,0,1,0,0
0,5,0,10,0,0,0,0,0,0,0
0,6,0,0,0,0,0,0,0,0,0
0,5,1,180,0,0,0,0,0,1,1
0,6,0,336,0,0,0,0,1,0,1
1,4,0,10,0,0,0,0,0,0,0
0,6,0,123,0,0,0,0,1,0,1
1,3,0,26,0,0,0,0,0,1,0
0,4,1,437,0,0,0,0,0,1,1
0,4,0,40,0,0,0,2,0,0,0
0,5,0,126,0,0,0,0,0,0,0
0,5,0,197,0,0,0,2,0,0,0
0,6,0,45,0,0,0,0,1,0,0
0,6,0,13,1,0,0,0,0,1,1
0,4,0,98,0,0,0,0,0,1,0
1,3,0,2,0,0,0,0,0,0,0
1,4,0,3,0,0,0,0,2,0,0
1,5,0,112,0,0,0,0,0,0,0
0,5,0,31,0,0,0,0,0,0,0
0,6,0,3,0,0,0,0,2,0,0
0,5,0,34,0,0,33,0,0,0,0
0,6,0,54,0,0,0,0,1,1,0
0,5,0,154,0,0,0,0,0,0,0
1,5,0,178,0,0,0,0,0,0,0
1,5,0,47,0,0,0,0,0,0,0
1,2,0,5,0,0,0,0,0,0,0
0,6,0,79,0,0,0,0,1,0,0
0,6,0,130,0,0,0,1,2,0,0
1,4,0,468,1,0,0,0,0,1,1
1,6,0,147,0,0,0,0,2,0,0
1,3,0,16,0,0,0,0,0,0,0
1,6,0,46,0,0,0,0,1,0,0
0,6,0,84,0,0,0,0,1,0,0
0,5,0,161,0,0,0,0,0,0,0
0,3,0,72,0,0,0,0,0,0,0
1,4,1,148,0,0,0,0,0,1,1
0,3,0,193,0,0,0,0,0,0,0
0,6,0,16,0,0,0,0,1,0,0
0,4,1,85,1,0,0,0,0,1,1
0,6,0,104,0,0,0,0,0,1,1
0,6,0,225,0,0,0,0,0,1,1
1,3,0,10,0,0,0,0,1,0,0
0,6,0,104,0,0,0,0,1,1,0
0,6,0,154,0,0,0,2,0,1,1
0,6,0,22,0,0,0,0,0,0,1
0,4,1,278,1,0,0,0,0,1,1
0,4,0,215,0,0,0,0,0,0,0
0,6,0,160,0,0,0,0,1,0,0
0,6,0,64,0,0,0,0,1,0,0
0,6,0,141,0,0,0,0,2,0,0
1,3,0,0,0,0,0,0,0,0,0
0,6,0,28,0,0,0,0,1,1,0
0,6,0,85,0,0,0,0,0,1,1
0,4,1,391,0,0,0,0,0,1,1
1,6,0,16,0,0,0,0,2,0,0
0,4,0,226,0,0,96,0,1,0,0
0,2,0,3,0,0,0,1,1,0,0
0,5,0,44,0,0,0,0,0,0,0
1,3,0,5,0,0,0,0,0,1,0
0,5,0,116,0,0,0,1,0,1,0
0,6,0,51,0,0,0,0,0,1,1
1,6,0,0,0,0,0,0,0,0,0
0,6,0,7,0,0,0,1,0,0,0
0,6,0,22,0,0,0,0,1,0,0
0,6,0,138,0,0,0,0,3,0,0
1,5,0,77,0,0,0,0,0,0,0
0,3,0,10,0,0,0,0,1,0,0
0,6,0,16,0,0,0,0,0,1,1
1,6,0,327,0,0,0,0,1,0,1
0,2,0,1,0,0,0,0,0,0,0
1,1,0,28,0,0,0,0,0,0,0
0,6,0,120,0,0,0,0,1,1,0
0,5,0,2,0,0,0,0,0,0,0
0,6,0,143,0,0,0,0,1,0,0
1,6,0,138,0,0,0,0,2,0,0
1,6,0,25,0,0,0,0,0,0,0
0,3,0,0,0,0,0,0,0,1,0
1,4,0,80,0,0,0,0,0,0,0
0,6,0,89,0,0,0,0,1,0,0
0,6,0,196,0,0,0,0,0,1,1
1,2,0,35,0,0,0,2,0,0,0
1,2,0,15,0,0,0,1,1,0,0
0,5,0,418,0,0,223,0,0,0,0
0,6,0,52,0,0,0,0,0,1,1
0,5,0,113,0,0,0,0,0,1,0
0,4,1,175,0,0,0,0,0,1,1
0,6,0,98,0,0,0,0,2,1,0
0,6,0,207,0,0,0,0,1,1,0
0,6,0,57,0,0,0,0,3,1,1
0,6,0,51,0,0,0,0,2,0,0
0,5,1,102,0,0,0,0,0,1,1
0,6,0,85,0,0,0,0,0,1,1
1,6,0,60,0,0,0,0,1,0,0
0,6,0,2,0,0,0,0,1,0,0
1,5,0,252,0,0,0,0,1,0,0
0,5,1,305,0,0,0,0,0,1,1
0,5,1,132,0,0,0,0,0,1,1
0,6,0,165,0,0,0,0,0,1,1
1,4,0,287,0,0,0,0,0,0,0
0,6,0,2,0,0,0,0,1,0,0
0,5,1,54,0,0,0,0,0,1,1
1,6,0,201,0,0,0,0,0,0,1
0,6,0,4,0,0,0,0,1,0,0
1,6,0,232,0,0,0,0,1,1,0
0,5,0,133,0,0,0,0,1,0,0
0,2,0,7,0,2,0,1,1,0,0
0,6,0,3,0,0,0,0,0,0,0
0,5,1,226,0,0,0,0,0,1,1
0,6,0,57,0,0,0,1,0,0,0
0,6,0,189,0,0,0,0,0,1,1
0,6,0,21,0,0,0,0,0,0,1
1,5,0,87,0,0,0,0,0,1,0
0,6,0,19,0,0,0,0,1,1,0
0,6,0,34,0,0,0,0,0,0,1
1,5,0,207,0,0,0,0,0,0,0
1,5,0,154,0,0,0,1,1,0,0
0,6,0,25,0,0,0,0,0,0,0
1,3,0,11,0,0,0,0,1,0,0
0,3,0,24,0,0,0,0,1,0,0
0,6,0,131,0,0,0,0,1,0,0
0,6,0,71,0,0,0,0,3,0,0
1,6,0,77,0,0,0,0,3,0,0
0,5,1,100,0,0,0,0,0,1,1
0,4,1,356,1,0,0,0,0,1,1
1,4,0,11,0,0,0,0,0,0,0
0,2,0,4,1,0,0,1,0,0,1
0,6,0,225,0,0,0,0,0,1,1
0,4,0,448,0,0,0,0,0,1,1
1,2,0,0,0,0,0,0,0,0,0
0,6,0,37,0,0,0,1,0,0,0
0,6,0,9,0,0,0,0,1,0,0
1,6,0,1,0,0,0,0,1,0,0
0,3,0,230,0,0,0,0,1,1,1
0,4,1,258,0,0,41,0,0,1,1
0,6,0,315,0,0,0,0,2,1,1
0,4,1,126,0,0,39,0,0,1,1
1,3,0,45,0,0,0,1,0,0,0
1,4,0,80,0,0,0,0,0,0,0
0,4,0,274,1,0,0,0,0,1,1
1,3,0,56,0,0,0,2,0,0,1
0,6,0,109,0,0,0,0,0,1,1
0,5,1,44,0,0,3,0,0,1,1
0,6,0,191,0,0,0,1,1,1,0
1,5,0,90,0,0,0,0,2,0,1
1,6,0,203,0,0,0,0,0,1,1
0,6,0,98,0,0,0,0,2,0,0
0,4,1,168,0,0,0,0,0,1,1
0,6,0,3,0,0,0,0,0,0,0
0,2,1,38,0,0,0,0,0,1,1
1,5,0,16,0,0,0,1,0,0,0
1,6,0,44,0,0,0,0,0,0,1
0,6,0,9,0,0,0,0,0,1,1
1,3,0,6,0,0,0,0,0,0,0
0,6,0,0,0,0,0,0,0,0,0
0,4,0,272,1,0,0,0,0,1,1
0,6,0,76,0,0,0,0,2,0,0
1,3,0,83,0,0,0,0,1,0,0
0,3,0,0,0,0,0,0,1,0,0
0,6,0,86,0,0,0,0,0,0,1
0,5,0,74,0,0,0,0,0,0,0
0,6,0,21,0,0,0,0,2,0,0
0,6,0,2,0,0,0,1,2,0,0
0,6,0,71,0,0,0,0,0,0,1
1,5,0,10,0,1,0,0,1,0,0
0,1,0,130,0,0,0,1,2,0,0
0,5,0,199,1,0,0,0,0,1,1
0,6,0,7,0,0,0,0,2,0,0
0,5,0,145,0,0,0,1,0,0,0
0,5,0,122,0,0,0,1,0,0,0
1,3,0,19,0,0,0,1,0,0,0
0,6,0,92,0,0,0,0,2,0,0
1,6,0,201,0,0,0,1,1,0,1
1,6,0,91,0,0,0,0,0,0,1
0,6,0,148,0,0,0,0,1,0,0
0,5,0,120,0,0,0,0,0,0,0
1,3,0,0,0,0,0,0,0,0,0
0,6,0,70,0,0,0,0,2,0,0
0,6,0,14,0,0,0,0,2,0,0
0,6,0,73,0,0,0,0,1,0,0
0,6,0,28,0,0,0,0,3,0,0
0,5,1,317,1,0,56,0,0,1,1
0,5,0,301,0,0,0,0,1,0,0
1,6,0,169,0,0,0,0,1,1,1
1,4,1,49,0,0,0,1,0,1,1
1,5,0,3,0,0,0,0,0,0,0
0,6,0,2,0,0,0,0,2,0,0
0,3,0,25,0,0,0,0,2,0,0
0,6,0,13,0,0,0,0,3,0,0
0,6,0,8,0,0,0,0,0,0,0
0,6,0,79,0,0,0,0,1,0,0
0,6,0,36,0,0,0,0,2,0,0
0,5,1,103,0,0,0,0,0,1,1
1,4,0,7,0,0,0,0,0,0,0
0,3,0,7,0,0,0,0,0,1,0
0,6,0,47,0,0,0,0,1,1,0
0,4,1,391,0,0,0,0,0,1,1
1,3,0,39,0,0,0,1,0,0,0
0,5,0,15,0,0,0,0,1,0,0
0,6,0,31,0,0,0,0,2,1,0
1,3,0,0,0,0,0,0,0,0,0
0,0,0,3,0,0,0,0,0,0,0
0,6,0,24,0,0,0,0,2,0,0
0,4,1,82,1,0,21,0,0,1,1
0,6,0,0,0,0,0,0,0,0,0
0,6,0,0,0,0,0,0,1,0,0
1,6,0,235,2,0,0,0,1,1,1
1,3,0,152,0,0,0,0,0,0,0
1,6,0,149,0,0,0,0,0,1,1
1,3,0,58,0,0,0,3,0,0,0
1,6,0,17,0,0,0,0,1,0,0
0,6,0,165,0,0,0,1,0,1,0
0,5,0,160,0,0,0,0,0,0,0
0,5,1,193,0,0,39,0,0,1,1
1,3,0,262,0,0,0,0,0,1,0
1,6,0,200,0,0,0,0,1,0,1
1,6,0,119,0,0,0,0,1,1,0
0,6,0,149,0,0,0,0,1,1,0
0,3,0,0,0,0,0,0,1,0,0
0,2,0,5,0,1,0,0,0,0,0
0,6,0,70,0,0,0,0,1,0,0
0,6,0,0,0,0,0,0,0,0,0
0,5,1,163,0,0,0,0,0,1,1
0,6,0,42,0,0,0,0,1,0,0
1,6,0,11,0,0,0,0,0,0,0
0,6,0,41,0,0,0,0,2,0,0
1,4,1,2,0,0,0,0,0,0,0
0,4,0,295,1,0,0,0,0,1,1
0,4,0,116,0,0,0,1,0,0,0
0,3,0,34,0,0,0,0,3,0,0
1,5,0,220,0,0,0,0,2,0,0
1,6,0,106,0,0,0,0,0,1,1
0,6,0,78,0,0,0,0,1,0,0
0,6,0,62,0,0,0,0,2,0,0
0,6,0,153,0,0,0,0,1,1,0
1,6,0,67,0,0,0,0,1,0,0
0,4,0,24,0,0,0,2,1,0,0
1,4,0,211,0,0,0,0,0,0,0
0,3,0,80,0,0,0,1,0,0,0
1,6,0,319,0,0,0,0,2,1,1
0,3,0,15,0,0,0,1,0,0,0
0,4,0,79,0,0,0,1,0,0,0
0,5,0,31,0,0,0,0,1,0,0
0,6,0,72,0,0,0,0,2,0,0
1,3,0,24,0,0,0,0,2,0,0
0,6,0,19,0,0,0,0,1,1,0
0,6,0,112,0,0,0,0,1,0,0
0,2,0,12,0,0,0,0,0,0,0
0,5,0,116,0,0,0,0,0,0,1
0,5,0,66,0,0,0,0,0,1,0
0,3,0,15,0,0,0,1,0,0,0
0,4,1,277,0,0,0,0,0,1,1
1,6,0,139,0,0,0,0,0,1,1
1,6,0,42,0,0,0,0,0,0,1
0,5,0,40,0,0,0,0,1,0,0
1,3,0,19,0,0,0,0,3,0,0
0,6,0,67,0,0,0,0,0,0,1
1,6,0,98,0,0,0,0,1,0,0
0,6,0,212,0,0,0,0,2,0,0
1,6,0,203,0,0,0,0,1,1,0
1,5,0,199,0,0,0,0,0,0,0
0,6,0,5,0,0,0,1,2,0,0
0,3,0,46,0,0,0,0,0,0,0
0,6,0,85,0,0,0,1,0,1,1
1,6,0,123,0,0,0,0,1,1,0
0,4,0,151,0,0,0,0,0,0,0
0,6,0,186,0,0,0,0,0,1,1
1,3,0,5,0,0,0,0,1,0,0
1,5,0,0,0,0,0,0,0,0,0
0,2,0,2,0,0,0,0,0,1,0
0,5,0,257,1,0,0,0,0,1,1
1,5,0,54,0,0,0,0,0,0,0
0,6,0,14,0,0,0,0,0,1,1
0,4,1,323,0,0,0,0,0,1,1
1,6,0,101,0,0,0,0,0,0,0
1,6,0,26,0,0,0,0,1,0,0
0,6,0,181,0,0,0,2,1,0,0
1,6,0,165,0,0,0,1,1,0,0
0,2,0,0,0,0,0,0,0,0,0
1,6,0,9,0,0,0,1,2,0,1
1,6,0,250,0,0,0,0,3,1,0
1,6,0,52,0,0,0,0,1,0,0
1,6,0,196,0,0,0,3,0,1,0
0,6,0,42,0,0,0,0,4,1,0
0,6,0,8,0,0,0,0,0,1,0
1,3,0,0,0,0,0,0,0,0,0
0,6,0,65,0,0,0,0,0,0,1
1,4,1,86,0,0,0,0,0,1,1
0,6,0,223,0,0,0,0,2,1,0
0,5,0,55,0,0,0,0,0,0,0
0,6,0,121,0,0,0,6,1,0,0
1,6,0,150,0,0,0,0,0,1,1
1,4,1,124,0,0,0,0,0,1,1
1,6,0,68,0,0,0,0,1,1,0
0,6,0,2,0,0,0,0,1,0,0
1,2,0,6,0,0,0,0,0,0,0
0,6,0,162,0,0,0,0,3,0,0
1,6,0,54,0,0,0,0,2,1,1
0,4,1,87,0,0,0,0,0,1,1
1,5,0,255,0,0,0,2,0,0,0
1,6,0,9,0,0,0,0,0,0,0
0,4,0,132,0,0,0,4,0,0,0
1,6,0,134,0,0,0,1,1,0,0
1,6,0,150,0,0,0,0,0,1,1
1,5,1,231,0,0,0,0,0,1,1
1,5,0,120,0,0,0,0,0,0,0
1,6,0,11,0,0,0,0,2,0,0
1,6,0,1,0,0,0,0,2,0,0
0,6,0,0,0,0,0,0,1,0,0
1,6,0,151,0,0,0,4,0,1,1
0,5,1,336,1,0,0,0,0,1,1
0,6,0,97,0,0,0,0,0,1,1
1,6,0,47,0,0,0,0,1,1,0
0,4,1,87,0,0,0,0,0,1,1
0,4,1,566,0,0,0,0,0,1,1
1,6,0,4,0,0,0,0,0,0,0
0,6,0,99,0,0,0,0,1,0,0
0,6,0,0,0,0,0,0,0,0,0
1,4,1,171,0,0,0,1,0,0,0
0,5,1,198,0,0,0,0,0,0,1
1,4,0,336,0,0,0,1,0,0,0
1,5,0,207,1,0,0,0,0,1,1
0,3,0,65,0,0,0,0,0,0,1
0,6,0,151,0,0,0,0,2,0,0
0,4,1,367,1,0,0,0,0,1,1
0,5,0,39,0,0,0,0,0,1,1
0,6,0,79,0,0,0,0,1,1,0
0,6,0,14,0,0,0,0,0,1,1
1,3,0,127,0,1,0,4,4,0,0
1,6,0,2,0,0,0,0,1,0,0
1,4,0,30,0,0,0,0,0,0,0
0,4,0,295,1,0,0,0,0,1,1
0,5,0,14,0,0,0,3,0,0,0
1,5,0,50,0,0,0,0,0,0,0
0,5,0,42,0,0,0,0,2,0,0
1,6,0,99,0,0,0,0,0,1,0
1,2,0,1,0,14,0,0,0,0,0
0,5,1,109,1,0,44,0,0,1,1
0,4,1,50,0,0,0,0,0,1,1
0,6,0,104,0,0,0,0,1,0,0
0,4,1,22,0,0,0,0,0,1,1
0,6,0,78,0,0,0,1,1,0,0
0,6,0,2,0,0,0,0,0,0,0
0,6,0,15,0,0,0,0,0,0,1
1,5,0,136,0,0,0,1,0,0,0
1,5,0,20,0,0,0,0,0,1,0
0,5,0,34,0,0,33,0,0,0,0
0,6,0,45,0,0,0,0,0,1,1
0,6,0,155,0,0,0,0,0,1,1
0,6,0,24,0,0,0,0,1,0,0
0,5,0,301,0,0,0,0,1,0,0
0,6,0,152,0,0,0,0,1,1,0
0,6,0,0,0,0,0,0,0,0,0
1,4,0,362,0,0,0,1,0,0,0
1,6,0,38,0,0,0,0,1,0,0
1,6,0,93,0,0,0,0,1,0,0
0,6,0,179,0,0,0,0,0,1,1
1,6,0,7,0,0,0,1,1,0,0
0,2,0,88,0,0,0,1,0,0,0
1,6,0,221,0,0,0,0,1,1,0
0,5,0,82,0,0,0,0,1,0,0
0,6,0,172,0,0,0,0,1,0,0
0,6,0,152,0,0,0,0,2,1,0
1,6,0,0,0,0,0,0,0,0,0
0,6,0,10,0,0,0,0,2,0,0
0,4,1,615,0,0,0,0,0,1,1
1,5,0,206,0,0,0,0,1,0,0
1,6,0,83,0,0,0,0,1,0,0
0,6,0,20,0,0,0,0,2,0,0
1,3,0,5,0,0,0,0,2,0,0
0,4,0,4,0,0,0,0,0,0,0
0,4,0,307,1,0,0,0,0,1,1
0,6,0,8,0,0,0,0,1,0,0
1,6,0,4,0,0,0,0,1,0,0
0,6,0,78,0,0,0,0,0,1,1
0,5,1,74,0,0,0,0,0,1,1
1,6,0,47,0,0,0,0,2,0,1
0,4,0,34,0,0,0,0,0,0,0
0,6,0,119,0,0,0,0,2,0,0
1,6,0,0,0,0,0,0,0,0,0
1,6,0,13,0,0,0,0,0,0,1
0,4,1,482,0,0,0,0,0,1,1
0,2,1,153,0,0,0,0,0,1,1
1,3,0,0,0,0,0,0,0,1,0
1,3,0,5,0,0,0,0,0,1,0
1,6,0,145,0,0,0,0,1,1,0
1,2,0,8,1,0,0,0,0,1,0
0,6,0,19,0,0,0,1,1,0,0
0,3,0,1,0,0,0,2,0,0,0
1,3,0,235,0,1,0,0,1,0,0
0,6,0,258,0,0,0,0,0,1,1
0,5,0,160,0,0,111,0,0,0,1
0,4,0,100,0,0,0,0,0,0,1
0,6,0,11,0,0,0,1,1,0,0
0,6,0,44,0,0,0,0,0,0,1
1,6,0,90,0,0,0,0,1,0,0
0,6,0,0,0,0,0,0,1,0,0
1,5,0,143,0,0,0,0,2,0,0
0,5,0,37,0,0,0,0,0,1,1
0,6,0,52,0,0,0,0,1,1,0
1,6,0,26,0,0,0,0,0,1,1
0,6,1,229,0,0,0,0,0,1,1
0,5,1,115,0,0,0,0,0,1,1
0,6,0,1,0,0,0,0,1,0,0
0,6,0,254,0,0,0,0,0,1,1
0,5,1,188,0,0,39,0,0,1,1
0,4,1,326,1,0,0,0,0,1,1
1,5,0,144,0,0,0,0,0,1,0
1,5,0,62,0,0,0,0,0,1,0
1,3,0,18,0,0,0,0,1,0,0
0,6,0,142,0,0,0,0,1,0,0
1,4,0,112,0,0,0,0,0,1,0
1,4,0,199,0,0,0,0,0,1,0
0,6,0,108,0,0,0,0,1,0,0
0,6,0,8,0,0,0,0,0,0,0
0,3,0,0,0,0,0,1,0,0,0
0,6,0,68,0,0,0,0,2,0,0
1,5,0,130,0,0,0,0,1,0,1
0,2,0,47,0,0,0,0,0,0,0
1,5,2,212,0,0,0,0,1,1,1
1,3,0,167,0,0,0,1,0,1,0
1,3,0,21,0,0,0,0,0,1,0
0,6,0,2,0,0,0,0,0,0,0
0,6,0,21,0,0,0,0,0,1,1
0,4,1,451,0,0,0,0,0,1,1
0,4,1,267,0,0,0,0,0,1,1
1,3,0,0,0,0,0,0,0,0,0
1,5,0,84,0,0,0,0,0,1,0
0,6,0,14,0,0,0,0,2,0,0
0,6,0,98,0,0,0,0,1,0,0
0,6,0,40,0,0,0,0,1,1,0
1,6,0,0,0,0,0,0,0,0,0
0,6,0,184,0,0,0,0,1,0,0
0,3,0,9,0,0,0,0,0,0,0
0,3,0,0,0,0,0,0,0,0,0
0,5,1,134,0,0,91,0,0,1,1
1,3,0,29,0,0,0,0,2,0,0
0,6,0,57,0,0,0,0,1,1,0
0,6,0,15,0,0,0,0,1,1,0
0,6,0,155,0,0,0,0,1,0,0
1,4,0,383,0,0,0,1,0,0,0
0,5,0,269,0,0,0,0,0,0,0
0,6,0,84,0,0,0,0,1,0,0
0,6,0,45,0,0,0,2,0,0,0
0,5,0,210,0,0,0,0,0,1,0
0,6,0,35,0,0,0,2,2,0,0
1,6,0,50,0,0,0,0,1,1,0
0,4,1,267,0,0,0,0,0,1,1
1,5,0,300,0,0,0,0,1,0,0
0,6,0,40,0,0,0,0,0,0,1
1,6,0,56,0,0,0,0,1,1,0
0,4,1,440,0,0,0,0,0,1,1
0,6,0,52,0,0,0,1,3,0,0
0,6,0,1,11,1,0,0,1,0,0
0,6,0,1,0,0,0,0,1,0,0
0,5,1,80,0,0,0,0,0,1,1
0,6,0,32,0,0,0,1,0,1,0
0,3,0,21,1,0,0,0,0,1,1
0,6,0,123,0,0,0,0,1,0,1
0,6,0,26,0,0,0,1,3,0,0
1,6,0,8,0,0,0,0,2,0,0
0,5,0,173,0,0,0,0,0,0,1
0,5,0,122,0,0,0,1,0,0,0
0,6,0,30,0,0,0,1,2,0,0
0,4,1,475,0,0,0,0,0,1,1
1,6,0,118,0,0,0,0,0,1,1
0,6,0,74,0,0,0,0,2,0,0
1,3,0,4,0,0,0,0,0,0,0
0,4,0,66,0,0,0,1,2,0,0
0,5,1,245,0,0,0,0,0,1,1
1,5,0,19,0,0,0,0,0,0,0
1,4,0,386,0,0,0,2,0,0,0
0,4,1,130,0,0,0,0,0,1,1
0,6,0,130,0,0,0,0,1,0,0
1,6,0,76,0,0,0,0,1,1,0
0,4,1,283,1,0,0,0,0,1,1
0,4,0,316,0,0,0,1,0,0,0
0,0,0,3,0,1,0,0,0,0,0
1,3,0,0,0,0,0,0,0,0,0
1,4,0,47,0,0,47,0,0,0,0
0,6,0,9,0,0,0,0,0,0,1
0,5,1,210,0,0,0,0,0,1,1
0,6,0,65,0,0,0,0,2,0,0
1,3,0,74,0,0,0,0,1,0,0
0,3,0,59,0,0,0,2,0,0,0
1,6,0,33,0,0,0,0,1,0,0
1,4,0,225,0,0,0,1,0,0,0
0,5,0,219,1,0,0,0,0,1,1
0,6,0,3,0,0,0,0,1,0,0
0,6,0,83,0,0,0,0,2,0,0
1,6,0,70,0,0,0,0,1,0,0
0,2,0,17,0,0,0,1,0,0,0
0,5,0,13,0,0,0,0,0,0,0
1,3,0,1,0,0,0,0,0,0,0
0,6,0,155,0,0,0,0,0,1,1
0,3,0,19,0,0,0,0,1,0,0
0,6,0,0,0,0,0,0,0,0,0
0,6,0,82,0,0,0,0,0,0,1
1,3,0,1,0,3,0,0,0,0,0
1,6,0,280,0,0,0,1,3,0,1
1,4,0,88,0,0,0,1,0,0,0
0,4,0,422,0,0,379,0,1,0,0
0,4,1,68,1,0,0,0,0,1,1
0,6,0,209,0,0,0,0,0,1,1
0,5,1,245,0,0,0,0,0,1,1
1,4,0,8,0,0,0,2,1,0,0
1,5,0,129,0,0,0,1,0,1,0
0,6,0,7,0,0,0,0,1,0,0
1,6,0,259,1,0,0,0,1,1,1
1,6,0,244,0,0,0,0,0,1,1
0,6,0,203,0,0,0,0,0,1,1
1,6,0,0,0,0,0,0,0,0,0
0,3,0,1,0,0,0,0,1,1,0
0,6,0,144,0,0,0,0,1,1,0
0,4,1,92,0,0,0,0,0,1,1
1,3,0,1,0,0,0,1,1,0,0
0,4,1,360,1,0,0,0,0,1,1
1,4,0,18,0,0,0,1,0,0,0
0,6,0,154,0,0,0,0,1,0,0
1,2,0,3,0,0,0,1,0,0,0
0,6,0,85,0,0,0,3,0,1,0
0,6,0,108,0,0,0,0,2,0,0
0,5,1,192,1,0,42,0,0,1,1
0,6,0,12,0,0,0,3,0,1,1
0,3,0,11,0,0,0,0,1,0,0
0,6,0,80,0,0,0,0,0,1,1
1,6,0,335,0,0,0,0,0,0,1
0,6,0,55,0,0,0,0,0,1,1
1,2,0,7,0,1,0,0,1,0,0
0,4,1,87,0,0,0,0,0,1,1
0,6,0,19,0,0,0,0,0,0,1
0,6,0,224,0,0,0,0,1,0,0
0,5,0,39,0,0,0,1,0,0,0
0,6,0,126,0,0,0,0,0,1,1
0,5,0,97,0,0,0,0,1,0,0
0,4,0,69,0,0,58,0,0,0,0
1,6,0,82,0,0,0,0,1,0,0
1,6,0,69,0,0,0,1,0,1,0
0,6,0,194,0,0,0,1,1,0,0
0,4,0,258,1,0,0,0,0,1,1
0,6,0,109,0,0,0,0,0,1,1
0,6,0,3,0,0,0,0,0,0,0
0,6,0,8,0,0,0,0,1,0,0
1,6,0,164,0,0,0,0,0,0,1
0,6,0,0,0,0,0,1,0,0,0
0,4,0,48,0,0,0,0,0,1,1
0,4,1,213,0,0,0,0,0,1,1
0,6,0,50,0,0,0,0,1,0,0
0,6,0,60,0,0,0,0,0,1,1
0,6,0,200,0,0,0,0,0,1,1
0,5,0,32,0,0,0,0,0,0,0
1,6,0,35,0,0,0,0,1,0,0
1,4,1,168,0,0,0,0,0,1,1
0,6,0,0,0,0,0,0,0,0,0
0,4,0,39,0,0,0,0,1,0,0
0,5,0,99,0,0,0,0,1,0,0
0,4,1,156,0,0,0,0,0,1,1
0,3,0,0,0,0,0,0,0,0,0
1,6,0,206,0,0,0,0,2,1,1
1,6,0,157,0,0,0,2,1,0,0
0,6,0,38,0,0,0,0,2,0,0
0,4,1,213,0,0,0,0,0,1,1
1,6,0,15,0,0,0,1,0,0,0
0,6,0,72,0,0,0,3,0,1,1
0,6,0,3,0,0,0,0,0,1,0
1,5,0,119,0,0,0,0,0,0,0
0,6,0,35,0,0,0,0,0,1,1
0,4,1,398,0,0,0,0,0,1,1
0,6,0,19,0,0,0,0,1,0,0
1,6,0,70,0,0,0,0,1,0,0
1,4,0,81,0,0,0,0,0,0,0
0,6,0,289,0,0,0,0,0,1,1
0,6,0,130,0,0,0,0,2,0,1
1,4,0,72,0,0,0,0,0,0,1
0,5,1,60,0,0,0,0,0,1,1
1,3,0,178,0,0,0,1,3,0,0
0,6,0,160,0,0,0,0,0,1,1
0,5,1,105,0,0,0,0,0,1,1
1,6,0,243,1,0,0,0,1,1,1
1,6,0,15,0,0,0,0,1,0,0
1,4,0,336,0,0,0,1,0,0,0
1,6,0,8,0,0,0,0,0,0,0
0,5,0,386,0,0,0,0,1,0,0
0,4,1,80,0,0,60,0,0,1,1
0,6,0,0,0,0,0,0,0,0,0
0,5,1,317,0,0,0,0,0,1,1
1,6,0,122,0,0,0,3,2,1,0
1,6,0,2,0,0,0,0,1,0,0
0,2,0,2,0,1,0,0,0,0,0
0,6,0,125,0,0,0,0,1,0,0
0,4,1,135,0,0,0,0,0,1,1
0,6,0,231,0,0,0,0,1,0,0
1,6,0,73,0,0,0,0,1,0,0
0,5,1,146,1,0,28,0,0,1,1
0,5,1,74,0,0,0,0,0,1,1
1,6,0,2,0,0,0,0,2,0,0
0,6,0,38,0,0,0,0,1,1,0
1,6,0,244,0,0,0,0,1,1,1
0,4,1,277,0,0,0,0,0,1,1
0,4,1,92,0,0,0,0,0,1,1
1,6,0,2,0,0,0,0,0,0,0
0,4,1,307,1,0,0,0,0,1,1
0,2,0,0,0,0,0,2,1,0,0
0,5,1,150,0,0,0,0,0,1,1
0,4,0,100,0,0,0,0,0,1,1
1,4,0,312,0,0,0,0,0,0,1
0,6,0,240,0,0,0,0,0,1,1
0,6,0,73,0,0,0,0,0,1,1
1,6,0,237,0,0,0,0,1,0,1
0,4,0,132,0,0,0,0,0,0,0
0,6,0,2,0,0,0,0,0,0,0
0,6,0,93,0,0,0,0,0,1,1
1,6,0,35,0,0,0,0,0,1,1
1,6,0,79,0,0,0,0,1,1,0
1,3,0,5,0,0,0,1,0,0,0
1,6,0,19,0,0,0,0,0,1,0
1,3,0,1,0,2,0,0,1,0,0
0,6,0,88,0,0,0,0,0,0,1
0,6,0,16,0,0,0,0,1,0,0
0,4,0,50,0,0,0,0,0,1,0
0,4,1,173,0,0,0,0,0,1,1
0,6,0,115,0,0,0,0,3,1,0
0,0,0,1,1,2,0,0,0,1,1
1,3,0,94,0,0,0,0,1,0,0
0,6,0,90,0,0,0,0,0,1,0
0,5,0,0,0,0,0,0,0,0,0
1,3,0,155,0,0,0,3,2,0,0
0,6,0,131,0,0,0,0,1,1,0
0,5,0,84,0,0,0,0,0,0,0
0,6,0,44,0,0,0,0,1,1,0
0,6,0,2,0,0,0,1,1,0,0
0,4,1,327,1,0,0,0,0,1,1
0,4,1,213,0,0,32,0,0,1,1
1,6,0,39,0,0,0,0,0,1,0
0,1,0,61,0,14,0,0,2,0,0
0,2,0,0,0,15,0,0,1,1,0
0,6,0,1,0,0,0,0,1,0,0
0,4,1,420,0,0,0,0,0,1,1
0,5,0,245,0,0,0,0,0,0,0
0,6,0,9,0,0,0,0,0,0,1
1,6,0,6,0,0,0,0,0,0,0
0,5,0,219,1,0,0,0,0,1,1
0,6,0,136,0,0,0,2,1,0,0
0,5,0,85,0,0,0,0,1,0,0
1,6,0,0,0,0,0,0,0,0,0
0,6,0,17,0,0,0,0,2,0,0
1,4,0,10,0,0,0,1,0,0,0
0,5,0,219,0,0,0,0,0,0,0
1,6,0,186,0,0,0,0,0,0,1
0,5,0,15,0,0,0,1,0,0,0
0,4,1,608,0,0,0,0,0,1,1
0,5,1,71,0,0,0,0,0,1,1
1,5,0,114,0,0,0,0,0,0,0
0,6,0,48,0,0,0,0,2,0,0
1,6,0,147,0,0,0,0,1,1,1
0,6,0,45,0,0,0,0,1,0,0
0,4,0,140,0,0,87,1,0,0,0
0,4,1,344,0,0,0,0,0,1,1
0,2,0,0,0,0,0,0,1,1,0
0,6,0,36,0,0,0,0,0,0,1
0,6,0,50,0,0,0,0,2,1,0
0,6,0,55,0,0,0,0,2,0,0
0,3,0,155,0,0,0,1,1,0,0
0,4,0,111,0,0,0,0,1,0,0
1,6,0,231,0,0,0,0,1,0,1
0,6,0,81,0,0,0,0,0,1,1
1,6,0,85,0,0,0,0,1,0,0
0,3,0,1,0,0,0,1,1,0,0
1,5,0,124,0,0,0,0,1,0,0
1,5,0,241,0,0,0,0,1,0,0
0,5,1,305,0,0,0,0,0,1,1
0,5,0,32,0,0,0,0,0,0,0
0,6,0,35,0,0,0,0,0,1,1
0,4,1,96,0,0,0,0,0,1,1
1,6,0,123,0,1,0,0,3,0,0
1,6,0,237,0,0,0,0,1,1,1
0,3,0,27,1,1,0,0,0,0,0
0,6,0,97,0,0,0,0,1,1,0
0,4,1,219,0,0,0,0,0,1,1
1,6,0,80,0,0,0,0,0,1,1
0,6,0,35,0,0,0,0,0,0,1
1,4,1,238,0,0,0,0,0,1,1
1,2,0,84,0,0,0,0,0,0,0
1,4,1,87,0,0,0,0,0,1,1
0,6,0,93,0,0,0,0,0,1,1
1,6,0,0,0,0,0,0,0,0,0
0,3,0,201,0,0,0,2,2,0,0
0,5,0,117,0,0,0,0,0,0,1
0,2,0,33,0,0,15,1,0,0,0
1,6,0,0,0,0,0,0,1,0,0
0,6,0,4,0,0,0,0,2,0,0
1,2,0,53,0,0,0,0,0,1,1
0,5,0,144,0,0,0,0,1,0,0
0,5,1,267,0,0,0,0,0,1,1
0,5,0,504,0,0,0,0,1,0,0
0,5,0,418,0,0,223,0,0,1,0
0,6,0,3,0,1,0,0,0,0,0
0,4,1,35,0,0,0,0,0,1,1
0,6,0,83,0,0,0,2,1,0,0
1,4,0,40,0,0,0,0,0,1,0
0,6,0,69,0,0,0,0,1,1,0
0,6,0,6,0,0,0,0,1,1,0
0,5,1,163,0,0,0,0,0,1,1
0,6,0,89,0,0,0,0,0,1,1
1,2,0,17,0,2,0,0,0,0,0
0,4,1,342,1,0,0,0,0,1,1
0,4,0,176,0,0,0,0,0,1,1
1,4,1,92,1,0,0,0,0,1,1
0,5,1,305,0,0,0,0,0,1,1
0,6,0,72,0,0,0,2,1,0,1
1,3,0,1,0,0,0,0,1,0,0
1,3,0,33,0,0,0,0,2,0,0
0,4,0,45,0,0,0,0,1,0,0
1,3,0,48,0,0,0,1,2,1,0
1,6,0,70,0,0,0,0,1,1,0
0,5,1,279,0,0,0,0,0,1,1
0,6,0,69,0,0,0,0,0,0,1
1,4,0,322,0,0,75,2,0,0,0
1,5,0,167,0,0,0,1,0,0,0
0,6,0,129,0,0,0,0,1,1,0
0,5,0,405,0,0,0,0,0,0,0
0,2,0,11,1,8,0,2,1,0,0
0,6,0,63,0,0,0,0,0,0,1
1,3,0,10,0,0,0,0,0,1,0
0,4,1,85,1,0,0,0,0,1,1
0,5,0,0,0,0,0,1,0,0,0
1,6,0,217,0,0,0,0,1,1,0
0,6,0,178,0,0,0,0,1,0,0
0,6,0,45,0,0,0,0,2,0,0
0,3,0,0,0,0,0,1,0,0,0
0,6,0,56,0,0,0,0,0,1,1
1,2,0,3,0,1,0,0,0,0,0
0,6,0,128,0,0,0,0,0,1,1
0,6,0,79,0,0,0,0,1,0,0
1,5,0,39,0,0,0,0,0,1,0
1,4,1,277,1,0,0,0,0,1,1
0,4,1,251,0,0,93,0,0,1,1
0,5,1,34,1,0,0,0,0,1,1
1,6,0,2,0,0,0,0,2,0,0
0,6,0,50,0,0,0,0,1,0,0
0,5,0,273,1,0,0,0,0,1,1
1,6,0,55,0,0,0,0,2,0,0
0,5,1,93,0,0,0,0,0,1,1
0,6,0,102,0,0,0,0,2,0,0
0,5,0,265,0,0,0,0,1,0,0
0,6,0,96,0,0,0,0,0,0,1
0,6,0,0,0,0,0,0,1,0,0
0,5,0,256,0,0,0,0,1,0,0
0,3,0,65,13,0,0,1,0,0,1
0,6,0,132,0,0,0,0,1,1,0
0,6,0,152,0,0,0,2,2,0,0
1,5,0,188,0,0,0,0,1,0,0
0,5,0,120,0,0,0,0,0,0,0
1,6,0,312,0,0,0,0,1,1,1
1,3,0,37,0,0,0,0,1,0,0
1,6,0,277,0,0,0,0,1,1,1
0,4,1,493,0,0,0,0,0,1,1
1,3,0,225,0,0,0,0,0,0,1
0,6,0,0,0,0,0,1,1,0,0
0,5,0,18,0,0,0,0,0,1,0
0,6,0,18,0,0,0,0,2,1,0
0,4,1,243,0,0,0,0,0,1,1
0,6,0,140,0,0,0,1,0,0,0
1,4,0,22,0,0,0,0,0,1,0
0,4,1,59,0,0,0,0,0,1,1
0,6,0,168,0,0,0,0,0,1,1
1,2,0,7,0,0,0,0,0,0,0
0,3,0,74,0,0,0,0,2,0,0
0,6,0,320,0,0,0,0,2,1,1
0,6,0,92,0,0,0,0,0,1,1
1,6,0,117,0,0,0,0,0,1,0
1,6,0,109,0,0,0,0,2,0,0
1,6,0,177,0,0,0,1,0,0,0
1,3,0,64,0,0,0,1,1,0,0
1,5,0,353,0,0,0,0,0,0,0
0,6,0,27,0,1,0,0,2,0,0
0,5,0,457,0,0,0,1,1,0,0
1,3,0,112,0,0,0,1,1,0,0
0,6,0,49,0,0,0,0,1,1,0
0,5,0,292,0,0,0,0,0,0,0
1,6,0,368,0,0,0,0,1,1,1
0,3,0,119,0,0,0,1,2,0,0
1,6,0,51,0,0,0,0,1,0,0
1,6,0,17,0,0,0,0,1,0,0
0,6,0,18,0,0,0,0,2,0,0
1,6,0,45,0,0,0,0,0,1,1
0,4,0,63,0,0,0,0,0,0,0
0,6,0,155,0,0,0,0,1,1,0
0,6,0,64,0,0,0,0,2,1,0
0,6,0,199,0,0,0,1,2,0,1
0,6,0,95,0,0,0,0,2,1,0
0,6,0,8,0,0,0,0,0,0,0
0,6,0,14,0,0,0,0,0,1,1
0,5,1,44,0,0,3,0,0,1,1
1,3,0,0,0,0,0,0,0,0,0
0,4,1,198,0,0,0,0,0,1,1
0,4,0,409,0,0,0,1,1,0,0
0,6,0,218,0,0,0,3,1,1,0
0,6,0,61,0,0,0,0,1,0,0
0,6,0,1,0,0,0,0,2,0,0
0,4,1,286,1,0,0,0,0,1,1
0,6,0,0,0,0,0,4,1,0,0
0,5,0,73,0,0,0,0,0,0,0
0,6,0,13,0,0,0,0,1,0,0
0,5,0,14,0,0,0,1,0,0,0
1,6,0,83,0,0,0,0,1,0,0
0,6,0,46,0,0,0,0,0,1,1
0,6,0,122,0,0,0,1,2,0,0
0,2,0,3,3,34,0,0,0,0,0
0,4,1,420,0,0,0,0,0,1,1
0,6,0,196,0,0,0,0,2,0,1
1,3,0,37,1,6,0,3,0,0,0
0,6,0,109,0,0,0,0,0,0,1
0,6,0,17,0,0,0,1,0,0,0
0,6,0,109,0,0,0,0,1,0,0
0,6,0,85,0,0,0,0,0,1,1
0,6,0,4,0,0,0,0,3,0,0
0,5,0,50,0,0,0,0,0,0,0
0,5,0,24,0,0,0,0,0,0,0
0,6,0,16,0,0,0,0,1,0,0
0,4,0,68,0,0,0,3,0,0,0
0,5,0,15,0,0,0,0,0,0,0
0,5,0,163,0,0,0,0,0,0,0
1,2,0,0,0,6,0,0,0,0,0
0,5,0,457,0,0,0,1,1,0,0
1,4,0,80,0,0,0,0,0,0,0
1,4,0,203,0,0,0,1,0,0,0
1,3,0,0,0,2,0,0,0,0,0
0,4,1,5,0,0,0,0,0,1,1
1,3,0,0,0,0,0,0,0,0,0
0,2,0,4,0,7,0,0,1,0,0
1,6,0,23,0,0,0,0,0,1,1
1,4,0,31,0,0,0,0,1,0,0
0,6,0,42,0,0,0,0,0,0,1
1,6,0,19,0,0,0,0,1,0,0
0,4,1,412,0,0,0,0,0,1,1
1,3,0,244,0,0,0,1,0,1,1
1,3,0,78,0,0,0,0,1,0,1
0,6,0,104,0,0,0,0,0,0,1
0,6,0,60,0,0,0,0,1,0,0
0,2,0,9,0,6,0,0,1,0,0
0,6,0,147,0,0,0,0,0,1,1
1,6,0,1,0,0,0,0,1,0,0
0,4,1,126,0,0,30,0,0,1,1
0,4,1,292,1,0,0,0,0,1,1
0,6,0,31,0,0,0,0,2,0,0
1,4,2,9,0,1,0,1,1,0,0
0,6,0,36,0,0,0,0,2,0,0
1,2,0,1,0,0,0,0,0,0,0
0,6,0,22,0,0,0,0,0,1,1
0,6,0,28,0,0,0,0,1,0,0
1,5,0,146,0,0,0,0,0,0,0
0,6,0,120,0,0,0,0,1,0,0
0,6,0,37,0,0,0,0,0,1,1
0,4,1,130,1,0,10,0,0,1,1
1,2,0,1,0,2,0,1,1,0,0
0,4,1,157,0,0,0,0,0,1,1
1,4,0,364,0,0,0,2,0,0,0
0,6,0,357,0,0,0,0,0,1,1
0,3,0,0,0,0,0,0,0,0,0
1,6,0,66,0,0,0,0,2,0,0
0,6,0,10,0,0,0,0,1,0,0
1,5,0,128,0,0,0,0,0,0,0
1,2,0,16,0,2,0,1,0,0,0
1,4,0,49,0,0,0,0,0,1,1
0,6,0,109,0,0,0,2,1,0,0
0,6,0,158,0,0,0,0,2,0,0
0,5,1,27,0,0,21,0,0,1,1
1,2,0,1,0,0,0,0,0,0,0
1,6,0,0,0,0,0,0,1,0,0
0,5,0,42,0,0,0,0,0,0,0
1,3,0,86,0,0,0,0,0,1,0
0,6,0,25,1,0,0,0,0,1,1
1,6,0,22,0,0,0,0,1,0,0
1,6,0,5,0,0,0,0,0,0,0
0,6,0,19,0,0,0,0,2,0,0
0,6,0,129,0,0,0,0,3,0,0
0,6,0,14,0,0,0,0,1,0,0
1,6,0,207,0,0,0,0,2,0,0
1,3,0,20,0,0,0,1,2,0,0
0,3,0,2,0,0,0,0,1,0,0
1,6,0,12,0,0,0,0,1,0,0
0,3,0,38,0,0,0,0,0,1,0
0,6,0,79,0,0,0,0,0,0,1
0,2,0,33,0,0,0,0,0,0,0
1,5,0,243,0,0,0,1,1,0,0
1,6,0,88,0,0,0,0,1,1,0
0,5,0,191,0,0,0,0,1,0,0
0,6,0,244,0,0,0,0,1,0,0
1,3,0,2,0,0,0,0,0,0,0
1,6,0,117,0,0,0,0,0,1,0
0,3,0,0,0,0,0,1,0,0,0
0,1,0,4,0,0,0,1,1,0,0
0,3,0,2,0,0,0,1,0,0,0
0,4,1,87,0,0,0,0,0,1,1
0,4,0,9,0,0,0,0,0,0,0
0,5,1,178,1,0,46,0,0,1,1
0,6,0,3,0,0,0,0,0,1,0
0,5,1,333,1,0,19,0,0,1,1
1,6,0,305,0,0,0,0,0,1,1
0,3,0,31,0,0,0,1,0,0,0
0,6,0,1,0,0,0,0,0,0,0
0,6,0,46,0,0,0,0,0,0,1
1,6,0,19,0,0,0,0,0,1,0
1,6,0,201,0,0,0,0,1,1,1
0,6,0,11,0,0,0,0,1,0,0
1,6,0,44,0,0,0,0,3,0,1
0,4,1,135,0,0,0,0,0,1,1
0,6,0,134,0,0,0,0,2,0,0
0,4,1,239,1,0,0,0,0,1,1
0,6,0,38,0,0,0,0,2,0,0
0,5,0,20,0,0,0,0,1,0,0
0,4,1,587,0,0,0,0,0,1,1
1,4,0,225,0,0,0,1,0,0,0
0,3,0,200,0,0,0,0,1,0,0
1,5,0,170,0,0,0,0,0,0,0
0,4,1,254,0,0,0,0,0,1,1
0,6,0,3,0,0,0,0,2,0,0
1,5,0,108,0,0,0,0,1,0,0
0,6,0,70,0,0,0,0,1,0,0
0,4,0,114,0,0,0,2,0,0,0
0,6,0,124,0,0,0,0,0,1,1
1,5,0,130,0,0,0,3,1,0,0
0,4,1,299,1,0,0,0,0,1,1
0,5,0,86,0,0,0,1,0,0,0
0,6,0,162,0,0,0,0,0,1,1
0,6,0,228,0,0,0,0,1,1,0
0,6,0,30,0,0,0,0,0,0,1
1,6,0,30,0,0,0,0,1,0,0
0,4,0,290,1,0,0,0,0,1,1
0,4,1,405,0,0,0,0,0,1,1
0,5,0,169,0,0,0,0,0,0,0
0,6,0,0,0,0,0,0,1,1,0
0,6,0,6,0,0,0,0,1,1,0
0,4,1,327,1,0,0,0,0,1,1
0,6,0,7,0,0,0,0,0,1,0
0,6,0,46,0,0,0,0,2,0,0
0,5,0,457,0,0,0,1,1,0,0
0,6,0,7,0,0,0,0,2,0,0
1,5,0,88,0,0,0,0,2,0,0
1,2,0,10,0,0,0,0,1,0,0
1,6,0,0,0,0,0,0,0,0,0
0,4,1,277,0,0,0,0,0,1,1
0,6,0,64,0,0,0,1,0,0,0
0,5,0,33,0,0,0,0,0,0,0
0,6,0,173,0,0,0,0,1,0,0
1,3,0,67,0,0,0,0,2,0,0
0,5,0,301,0,0,0,0,0,1,1
0,3,0,18,0,0,0,0,0,1,1
0,3,0,17,0,0,0,0,0,0,0
0,6,0,26,0,0,0,0,2,0,0
0,6,0,85,0,0,0,0,0,1,1
0,4,1,240,0,0,0,0,0,1,1
1,4,0,224,0,0,0,5,0,0,0
1,6,0,53,0,0,0,0,0,1,1
0,5,0,111,0,0,0,0,0,0,1
1,6,0,95,0,0,0,0,1,0,1
0,5,0,94,0,0,0,3,3,0,0
0,4,0,33,0,0,0,1,2,0,0
0,5,0,86,0,0,0,0,0,1,0
0,6,0,11,0,0,0,1,1,0,0
0,4,0,8,1,0,0,0,0,1,1
0,6,0,207,0,0,0,0,1,0,0
0,2,0,4,6,66,0,0,1,0,0
1,6,0,149,0,0,0,0,1,0,1
0,6,0,41,0,0,0,0,1,0,0
0,6,0,77,0,0,0,0,1,0,0
1,5,0,352,0,0,0,0,0,0,0
0,3,0,20,0,3,0,2,2,0,0
0,6,0,121,0,0,0,0,2,0,0
0,5,0,0,2,11,0,0,2,0,0
1,6,0,154,0,0,0,3,1,0,0
1,3,0,0,0,3,0,0,0,0,0
0,6,0,12,0,0,0,0,2,1,0
1,6,0,40,0,0,0,0,2,0,0
0,4,0,101,0,0,0,0,0,0,0
0,5,0,0,0,0,0,1,0,0,0
0,6,0,4,0,0,0,0,1,0,0
0,4,0,214,0,0,0,1,0,0,0
1,5,0,4,0,0,0,0,0,0,0
0,4,0,4,0,0,0,0,0,0,0
1,6,0,64,0,1,0,3,2,0,0
0,6,0,1,0,0,0,0,0,0,0
0,6,0,57,0,0,0,0,1,0,0
0,4,0,97,0,0,0,0,0,0,0
1,6,0,111,0,0,0,0,0,1,1
0,6,0,0,0,0,0,0,1,0,0
0,6,0,11,0,0,0,0,2,0,0
1,6,0,142,0,0,0,0,0,1,1
0,2,0,22,0,0,0,0,0,0,0
1,5,0,271,0,0,0,0,0,0,0
0,6,0,308,0,0,0,1,2,1,0
0,6,0,167,0,0,0,0,0,1,1
0,6,0,142,0,0,0,2,1,0,0
0,5,0,52,0,0,0,0,1,0,0
0,6,0,117,0,0,0,0,0,0,1
1,3,0,145,0,0,0,1,1,1,1
0,6,0,221,0,0,0,0,1,0,0
0,5,0,320,0,0,0,0,1,0,0
0,6,0,132,0,0,0,0,0,1,0
0,3,0,35,0,0,0,0,0,0,0
1,5,0,168,0,0,0,0,0,0,0
0,5,0,50,0,0,43,0,1,0,0
0,2,0,33,0,0,15,0,0,0,0
0,6,0,94,0,0,0,0,1,0,0
1,2,0,0,0,0,0,0,0,0,0
0,6,0,10,0,0,0,0,0,0,1
1,3,0,19,0,4,0,0,3,0,0
0,6,0,62,0,0,0,0,0,0,1
0,6,0,112,0,0,0,0,1,0,0
1,6,0,202,0,0,0,0,1,0,0
0,6,0,64,0,0,0,0,0,1,1
1,6,0,39,0,0,0,1,1,0,0
1,6,0,269,0,0,0,3,2,1,0
1,6,0,103,0,0,0,0,2,0,1
1,3,0,190,0,0,0,0,0,0,0
0,4,0,2,0,0,0,0,0,0,0
1,6,0,307,0,0,0,0,2,0,1
0,4,0,17,0,0,0,1,0,0,0
0,6,0,0,0,0,0,1,2,0,0
1,4,0,364,0,0,0,2,0,0,0
0,6,0,192,0,0,0,1,0,0,0
0,6,0,4,0,0,0,0,0,1,0
0,6,0,88,0,0,0,1,1,0,0
0,4,1,260,1,0,0,0,0,1,1
1,6,0,63,0,0,0,0,2,0,0
0,5,0,84,0,0,0,0,0,0,0
0,5,0,10,0,0,0,0,0,1,0
1,4,0,222,1,0,0,0,0,1,1
0,5,0,46,0,0,0,0,0,0,0
0,4,1,175,0,0,0,0,0,1,1
1,4,0,275,0,0,0,0,0,0,0
1,3,0,0,0,0,0,1,0,0,0
0,6,0,29,0,0,0,0,1,1,0
0,6,0,140,0,0,0,0,1,1,0
1,2,0,4,0,0,0,0,0,0,0
1,5,0,205,0,0,0,1,0,0,0
0,4,1,351,0,0,0,0,0,1,1
0,6,0,142,0,0,0,0,1,1,0
0,6,0,29,1,0,0,0,3,1,1
0,6,0,39,0,0,0,0,0,0,1
0,6,0,120,0,0,0,0,2,0,0
0,2,0,8,0,1,0,1,1,0,0
0,6,0,179,0,0,0,0,1,0,0
1,6,0,179,0,0,0,0,1,1,0
1,5,0,162,0,0,0,0,0,0,0
0,6,0,150,0,0,0,0,2,0,0
0,4,1,423,0,0,0,0,0,1,1
0,5,0,91,0,0,0,0,0,0,0
0,6,0,20,0,0,0,0,1,0,0
0,6,0,19,0,0,0,0,0,1,1
1,3,0,0,0,0,0,0,2,1,0
0,6,0,26,0,0,0,0,1,0,0
0,4,0,3,0,0,0,0,0,0,0
1,3,0,4,0,1,0,0,1,0,0
1,6,0,140,0,0,0,2,2,1,1
0,4,0,16,0,0,0,0,0,0,0
1,2,0,70,0,0,0,0,0,0,1
1,6,0,9,0,0,0,0,0,0,0
0,6,0,130,0,0,0,0,2,0,1
1,4,1,222,25,0,0,0,0,1,1
0,5,0,13,0,0,0,2,0,0,0
0,6,0,36,0,0,0,1,1,0,0
0,3,0,16,0,0,0,0,1,1,0
0,5,0,71,0,0,0,0,0,0,0
1,4,0,3,0,0,0,0,1,0,0
0,5,1,75,0,0,0,0,0,1,1
0,6,0,12,0,0,0,0,1,0,0
0,5,0,8,0,0,0,0,0,0,0
1,5,0,151,0,0,0,2,1,0,0
0,6,0,5,0,0,0,0,1,0,0
1,3,0,0,0,0,0,0,0,0,0
0,5,0,5,0,0,0,0,0,0,0
1,4,0,152,0,0,0,2,0,0,0
0,5,1,279,0,0,0,0,0,1,1
1,5,0,144,0,0,0,0,0,0,0
0,6,0,54,0,0,0,0,2,0,0
1,6,0,7,0,0,0,0,0,0,0
0,6,0,4,0,0,0,0,0,0,0
0,6,0,111,0,0,0,0,3,1,0
1,5,0,3,0,0,0,0,0,1,0
0,3,0,81,0,0,0,0,0,0,0
0,5,0,68,0,0,0,0,0,0,0
1,6,0,16,0,0,0,0,2,0,0
1,3,0,114,0,0,0,0,1,0,0
0,4,1,267,0,0,0,0,0,1,1
0,6,0,173,0,0,0,0,0,1,1
1,6,0,1,0,0,0,1,2,0,0
0,4,0,2,0,0,0,0,0,0,0
0,4,0,265,0,0,176,0,0,1,0
0,6,0,44,0,0,0,0,2,0,0
0,6,0,88,0,0,0,0,1,0,0
0,6,0,5,0,0,0,0,0,0,0
0,6,0,48,0,0,0,2,1,1,0
0,6,0,12,0,0,0,0,0,0,1
0,4,0,198,0,0,98,0,0,0,0
1,6,0,193,0,0,0,0,1,1,1
0,5,0,282,0,0,0,0,0,0,0
0,5,1,134,0,0,0,0,0,1,1
0,6,0,218,0,0,0,0,2,1,0
0,5,0,150,0,0,0,0,1,0,0
0,4,1,260,1,0,0,0,0,1,1
1,6,0,136,0,0,0,0,0,1,0
0,6,0,0,0,0,0,0,2,0,0
0,6,0,21,0,0,0,0,1,1,0
0,3,0,10,0,0,0,0,1,0,0
0,3,0,208,0,0,0,1,1,0,0
0,2,0,22,0,0,0,1,1,0,0
0,5,0,21,1,0,0,0,1,1,1
0,4,1,89,0,0,0,0,0,1,1
1,6,0,80,0,0,0,1,2,0,0
0,6,0,165,0,0,0,0,2,0,0
0,6,0,3,0,0,0,0,0,0,0
0,6,0,6,0,0,0,0,0,1,0
0,5,0,151,0,0,63,1,0,0,0
1,6,0,191,0,0,0,0,2,0,0
1,2,0,25,0,1,0,1,0,0,0
0,5,0,256,0,0,0,0,0,0,0
1,3,0,107,0,0,0,2,0,0,0
0,6,0,118,0,0,0,0,0,1,1
0,6,0,93,0,0,0,0,0,0,1
1,1,0,17,0,0,0,0,2,0,0
1,5,0,203,0,0,0,0,2,0,0
0,4,0,199,0,0,0,1,0,0,0
0,5,1,166,0,0,0,0,0,1,1
1,3,0,164,0,1,0,0,1,0,0
0,3,0,11,0,2,0,1,2,0,0
0,3,0,41,0,0,0,0,0,1,0
0,4,1,143,0,0,0,0,0,1,1
1,4,0,36,0,0,0,0,0,0,0
0,5,0,68,0,0,0,0,0,0,0
1,4,0,49,0,0,0,0,0,1,1
1,5,0,210,0,0,0,1,0,0,0
0,6,0,96,0,0,0,1,2,1,0
0,4,1,27,0,0,0,0,0,1,1
0,6,0,26,0,0,0,0,1,0,0
1,6,0,2,0,0,0,0,2,0,0
1,4,0,542,0,0,0,0,3,0,0
1,6,0,24,0,0,0,1,0,0,0
0,5,1,113,0,0,0,0,0,1,1
1,6,0,231,0,0,0,0,2,1,0
0,4,0,39,0,0,0,0,0,1,0
0,4,0,47,0,0,0,0,0,0,0
0,6,0,230,0,0,0,0,1,1,0
1,6,0,4,0,0,0,0,1,0,0
0,6,0,57,0,0,0,0,0,1,1
1,3,0,84,0,0,0,1,0,0,0
1,3,0,0,0,0,0,0,0,0,0
0,4,1,28,0,0,0,0,0,1,1
0,5,0,43,0,0,0,0,1,0,0
0,5,0,48,0,0,0,0,0,0,0
1,4,2,169,0,0,0,1,0,0,0
0,6,0,64,0,0,0,0,2,0,0
0,4,0,272,1,0,0,0,0,1,1
0,6,0,6,0,0,0,0,3,0,0
1,3,0,28,0,0,0,0,1,0,0
1,3,0,68,0,0,0,0,0,0,0
0,6,0,195,0,0,0,0,1,0,1
1,6,0,42,0,0,0,0,1,0,0
1,6,0,3,0,0,0,0,1,0,0
0,6,0,70,0,0,0,0,1,1,0
1,5,0,188,0,0,0,1,0,0,0
0,6,0,35,0,0,0,0,0,1,1
0,6,0,57,1,0,0,1,1,1,1
0,1,0,5,0,9,0,0,2,0,0
0,6,0,40,0,0,0,0,1,0,0
1,4,0,168,0,0,0,1,0,0,0
0,4,1,426,0,0,0,0,0,1,1
0,6,0,42,0,0,0,0,0,0,1
1,6,0,172,0,0,0,1,0,0,1
0,5,1,180,0,0,0,0,0,1,1
0,6,0,5,0,0,0,0,2,0,0
1,5,0,7,0,0,0,0,0,0,0
1,3,0,0,0,0,0,0,0,0,0
1,6,0,40,0,0,0,0,0,1,1
0,6,0,34,0,0,0,0,0,0,1
0,6,0,2,0,0,0,0,1,0,0
1,5,0,53,0,0,0,3,3,0,0
1,6,0,172,0,0,0,0,2,0,0
0,4,1,325,1,0,0,0,0,1,1
0,6,0,61,0,0,0,0,0,1,1
0,5,0,94,0,0,0,1,1,0,0
0,4,0,233,0,0,0,0,0,0,0
1,3,0,11,0,0,0,0,2,0,0
0,6,0,33,0,0,0,0,0,1,1
0,6,0,195,0,0,0,0,2,1,1
0,4,0,16,0,0,0,0,0,0,0
1,6,0,332,0,0,0,0,2,0,1
1,2,0,0,0,3,0,0,0,0,0
0,5,1,188,0,0,39,0,0,1,1
1,6,0,53,0,0,0,0,3,1,1
1,6,0,78,0,0,0,2,1,0,0
0,4,0,4,0,0,0,0,0,0,0
0,5,0,75,0,0,0,0,0,0,0
0,4,0,2,1,0,0,0,0,1,1
1,6,0,1,0,0,0,0,0,0,0
0,3,0,0,0,0,0,0,0,0,0
1,6,0,96,0,0,0,0,1,0,1
0,6,0,181,0,0,0,0,0,0,1
0,4,0,264,0,0,0,0,0,0,0
0,5,1,75,0,0,0,0,0,1,1
1,4,0,213,0,0,0,1,0,0,0
0,6,0,35,0,0,0,0,0,0,1
0,4,1,115,1,0,22,0,0,1,1
0,4,0,55,0,0,0,0,0,0,0
0,4,1,353,1,0,0,0,0,1,1
0,4,1,608,0,0,0,0,0,1,1
0,3,0,2,0,0,0,0,1,0,0
0,6,0,2,0,0,0,0,1,0,0
0,5,1,150,0,0,91,0,0,1,1
1,6,0,3,0,0,0,2,1,0,0
0,6,0,229,0,0,0,0,0,1,1
0,3,0,10,0,0,0,0,0,1,0
0,4,1,524,0,0,0,0,0,1,1
1,5,0,15,0,0,0,0,1,0,0
1,3,0,12,0,0,0,2,0,0,0
0,4,1,297,1,0,0,0,0,1,1
0,6,0,35,0,0,0,0,0,0,1
0,1,0,3,0,0,0,0,0,0,0
0,4,0,414,0,0,0,0,1,0,0
0,5,0,238,0,0,0,0,0,0,0
0,3,0,86,0,0,0,0,0,1,0
1,6,0,0,0,0,0,1,1,0,0
1,6,0,133,0,0,0,0,1,1,0
1,5,1,244,19,0,0,0,0,1,1
0,6,0,5,0,0,0,0,1,0,0
0,3,0,0,0,0,0,0,0,0,0
0,3,0,2,0,0,0,2,0,1,0
0,6,0,11,0,0,0,0,2,0,0
0,5,0,15,0,0,0,0,0,0,0
1,6,0,75,0,0,0,0,1,0,0
0,3,0,7,0,0,0,0,0,0,0
0,4,1,186,0,0,0,0,0,1,1
0,6,0,23,1,0,0,0,0,1,1
0,6,0,61,0,0,0,1,1,0,1
0,6,0,57,0,0,0,1,0,0,0
0,4,1,451,0,0,0,0,0,1,1
0,5,0,349,0,0,162,1,0,0,0
1,6,0,109,0,0,0,0,1,1,0
0,4,0,69,0,0,58,0,0,0,0
0,3,0,193,0,0,0,1,1,1,0
0,2,1,72,0,0,0,1,1,1,0
0,6,0,30,0,0,0,0,0,1,1
1,5,0,50,0,0,0,0,2,0,0
1,6,0,63,0,0,0,0,2,1,0
0,5,0,10,0,0,0,0,0,0,0
1,3,0,25,0,0,0,1,0,0,0
1,5,0,219,0,0,0,0,0,0,1
0,6,0,53,0,0,0,0,0,1,1
0,5,1,221,1,0,15,0,0,1,1
0,5,1,102,0,0,0,0,0,1,1
1,3,0,122,0,0,0,0,0,0,0
0,5,0,88,0,0,0,0,1,1,0
0,6,0,294,0,0,0,0,0,1,1
0,4,0,69,0,0,58,0,0,0,0
1,6,0,180,0,0,0,0,1,1,0
0,3,0,1,0,0,0,1,0,0,0
0,6,0,10,0,0,0,0,3,1,0
0,6,0,4,0,0,0,0,0,1,0
0,6,0,169,0,0,0,0,1,0,0
0,4,0,2,0,0,0,0,0,0,0
0,5,1,169,0,0,0,0,0,1,1
1,6,0,0,0,0,0,0,1,0,0
0,6,0,138,0,0,0,0,1,0,0
1,5,0,2,0,0,0,0,0,0,0
0,6,0,28,0,0,0,0,0,1,1
0,6,0,75,0,0,0,0,1,1,0
0,5,1,259,0,0,60,0,0,1,1
0,5,0,120,0,0,0,0,0,1,0
0,6,0,221,0,0,0,0,0,1,1
1,5,0,96,0,0,0,0,1,0,1
1,5,0,105,0,0,0,0,0,1,0
0,6,0,1,0,0,0,0,0,0,0
0,4,1,172,0,0,20,0,0,1,1
0,5,0,22,0,0,0,0,0,0,0
1,4,0,351,0,0,0,0,0,1,0
0,3,0,90,0,0,0,0,0,0,0
0,4,1,158,0,0,31,0,0,1,1
1,5,0,18,0,0,0,0,1,0,0
0,6,0,39,0,0,0,2,2,1,0
1,6,0,2,0,0,0,0,0,0,0
1,2,0,60,0,0,0,0,0,1,1
0,5,0,327,0,0,0,1,0,0,0
1,2,0,0,1,1,0,0,0,0,0
1,4,0,40,0,0,0,1,0,0,0
0,6,0,123,0,0,0,0,0,1,1
0,5,0,12,0,0,0,0,0,0,0
0,6,0,1,0,0,0,1,1,0,0
0,5,0,27,0,0,0,0,0,1,0
1,6,0,165,0,0,0,0,2,1,1
1,4,1,183,0,0,0,0,0,1,1
0,5,0,23,0,0,0,0,0,0,0
1,6,0,73,0,0,0,1,0,0,1
0,1,0,19,0,1,0,0,2,0,0
0,5,1,79,0,0,69,0,0,1,1
0,6,0,90,0,0,0,0,1,0,0
1,6,0,30,0,0,0,0,0,0,1
1,6,0,24,0,0,0,0,1,0,0
0,4,0,213,0,0,0,1,0,0,0
0,6,0,6,0,0,0,0,2,1,0
0,6,0,132,0,0,0,0,2,0,0
1,6,0,207,0,0,0,0,0,1,0
0,4,1,440,0,0,0,0,0,1,1
0,6,0,180,0,0,0,0,1,0,0
0,6,0,96,0,0,0,0,2,0,0
0,6,0,106,0,0,0,1,2,1,0
1,6,0,36,0,0,0,0,3,0,0
0,4,0,24,0,0,0,1,0,0,0
0,6,0,88,0,0,0,0,0,0,1
0,3,0,8,0,0,0,4,0,0,0
0,6,0,90,0,0,0,0,1,0,0
0,5,0,346,0,0,0,1,0,0,0
0,6,0,214,0,0,0,1,1,0,0
1,2,0,11,0,0,0,4,0,0,0
1,6,0,179,0,0,0,0,3,1,1
0,5,0,149,0,0,0,0,0,1,0
0,6,0,26,0,0,0,0,1,0,0
0,6,0,65,0,0,0,0,0,1,1
1,4,1,140,0,0,0,0,0,1,1
1,6,0,116,0,0,0,0,2,0,0
0,6,0,92,0,0,0,0,1,1,0
1,4,1,17,0,0,0,0,0,1,0
0,5,1,34,1,0,0,0,0,1,1
0,5,0,29,0,0,0,0,0,1,0
0,6,0,51,0,0,0,0,0,1,1
0,5,1,302,0,0,70,0,0,1,1
0,4,1,464,0,0,391,0,0,1,1
0,6,0,156,0,0,0,1,2,0,0
0,4,0,264,0,0,0,0,0,0,0
1,5,0,63,0,0,0,0,0,0,0
0,6,0,112,0,0,0,0,1,1,0
0,6,0,18,0,0,0,1,1,0,0
1,6,0,113,0,0,0,0,0,1,1
1,6,0,36,0,0,0,0,1,0,0
0,4,1,59,0,0,0,0,0,1,1
0,6,0,36,0,0,0,0,1,0,0
0,4,1,426,0,0,0,0,0,1,1
0,3,0,57,0,0,0,0,0,1,0
0,6,0,90,0,0,0,0,1,1,0
0,5,0,100,0,0,0,1,0,0,0
0,5,0,13,0,0,0,0,0,0,0
0,3,0,8,0,0,0,0,0,1,0
0,6,0,50,0,0,0,0,1,0,0
0,4,1,68,1,0,0,0,0,1,1
1,3,0,113,0,0,0,0,0,0,1
0,5,0,256,0,0,0,1,0,0,0
1,4,0,213,0,0,0,1,0,0,0
0,5,1,305,0,0,0,0,0,1,1
1,5,0,115,0,0,0,1,0,0,0
0,6,0,1,0,0,0,0,0,0,0
1,6,0,126,0,0,0,0,1,0,0
1,6,0,91,0,0,0,1,3,1,0
0,6,0,69,0,0,0,0,1,1,0
1,6,0,126,0,0,0,0,1,1,0
1,6,0,0,0,0,0,0,1,0,0
0,6,0,5,0,0,0,0,3,0,0
0,4,0,69,0,0,58,0,0,0,0
0,5,0,207,1,0,0,0,0,1,1
0,6,0,195,0,0,0,0,1,1,1
0,5,0,95,0,0,0,1,0,0,0
0,4,1,164,1,0,0,0,0,1,1
1,3,0,0,0,0,0,0,0,1,0
1,6,0,143,0,0,0,0,1,1,0
0,4,1,175,0,0,0,0,0,1,1
1,2,0,60,0,0,0,1,1,1,0
0,5,0,0,0,0,0,0,0,0,0
0,2,0,0,0,0,0,0,0,0,0
1,3,0,277,0,1,0,0,2,0,0
0,3,0,0,0,0,0,0,0,0,0
0,5,1,169,0,0,0,0,0,1,1
0,4,0,213,0,0,0,1,0,0,0
0,3,0,18,0,0,0,0,0,1,1
0,3,0,2,0,0,0,0,0,0,0
1,6,0,83,0,0,0,0,0,1,1
0,3,0,12,0,0,0,0,1,0,0
0,2,0,17,0,0,0,0,1,0,0
1,4,1,86,0,0,0,0,0,1,1
0,2,0,2,0,4,0,0,1,0,0
0,6,0,63,0,0,0,0,1,1,0
0,5,0,164,0,0,0,0,0,0,0
0,6,0,86,0,0,0,0,1,0,0
0,6,0,41,0,0,0,0,1,0,0
0,6,0,80,0,0,0,1,1,0,0
0,6,0,27,0,0,0,0,2,1,0
0,5,0,396,0,0,0,0,1,0,0
0,2,0,0,0,0,0,0,0,0,0
0,5,0,39,0,0,0,0,0,1,1
0,6,0,181,0,0,0,0,1,1,0
1,4,0,386,0,0,0,0,0,0,0
1,6,0,76,0,0,0,0,2,0,0
0,6,0,2,0,0,0,0,1,0,0
0,6,0,72,0,0,0,0,3,0,0
0,6,0,67,0,0,0,0,0,0,1
0,5,1,111,0,0,0,0,0,1,1
0,0,0,2,0,2,0,0,0,1,0
1,2,0,2,0,2,0,0,0,0,0
0,6,0,166,0,0,0,0,1,1,0
0,6,0,62,0,0,0,0,1,0,0
0,5,0,11,0,0,3,0,0,1,1
0,6,0,13,0,0,0,0,0,0,1
0,2,0,7,1,16,0,1,1,0,0
1,3,0,18,0,0,0,2,0,0,0
0,6,0,53,0,0,0,0,0,1,1
0,6,0,2,0,0,0,0,0,0,0
0,6,0,18,0,0,0,1,0,0,1
1,6,0,2,0,0,0,0,1,0,0
0,5,0,268,0,0,0,1,0,0,0
0,4,0,20,0,0,0,1,0,0,0
0,6,0,1,0,0,0,0,1,0,0
0,6,0,47,0,0,0,0,1,1,0
0,6,0,152,0,0,0,2,1,0,0
0,6,0,120,0,0,0,0,0,0,1
0,5,0,67,0,0,0,0,0,1,0
0,6,0,166,0,0,0,0,2,0,0
0,3,0,144,0,0,0,0,0,0,0
0,3,0,105,0,0,0,0,1,0,0
0,6,0,5,0,0,0,0,0,0,0
1,6,0,96,0,0,0,1,1,0,0
0,4,1,130,0,0,0,0,0,1,1
0,6,0,47,0,0,0,0,1,0,0
1,6,0,50,0,0,0,0,1,0,0
0,6,0,28,0,0,0,0,2,1,0
0,6,0,52,0,0,0,0,0,1,1
0,5,0,271,0,0,0,0,1,0,0
0,5,0,33,0,0,0,0,0,0,0
1,3,0,0,0,0,0,0,0,0,0
1,4,1,171,0,0,0,1,0,0,0
1,2,0,24,0,0,0,2,0,0,0
1,6,0,19,0,0,0,1,1,0,0
1,6,0,0,0,0,0,0,0,0,0
0,5,0,26,0,0,0,0,0,0,0
0,6,0,15,0,0,0,0,1,0,0
1,6,0,15,0,0,0,0,0,0,0
0,6,0,126,0,0,0,0,0,1,1
0,5,0,41,0,0,38,0,0,0,0
0,3,0,89,0,0,0,0,0,0,0
0,6,0,0,0,0,0,0,1,0,0
1,5,0,192,0,0,0,0,0,0,0
1,6,0,8,0,0,0,0,1,1,0
0,6,0,36,0,0,0,0,1,0,0
1,6,0,45,0,0,0,0,2,0,0
1,6,0,82,0,0,0,1,1,0,0
0,6,0,12,0,0,0,0,1,0,0
0,6,0,42,0,0,0,0,1,1,0
0,6,0,15,0,0,0,0,1,0,0
0,6,0,155,0,0,0,0,1,1,0
1,6,0,0,0,0,0,0,1,0,0
1,6,0,87,0,0,0,1,0,0,1
0,4,0,7,0,0,0,0,0,0,0
0,1,0,0,1,5,0,0,0,0,0
1,5,0,126,0,0,0,0,0,0,0
0,6,0,194,0,0,0,0,1,1,0
1,4,0,199,0,0,0,0,0,0,0
1,2,0,0,0,8,0,0,0,0,0
0,6,0,204,0,0,0,0,3,1,0
1,2,0,48,0,0,0,0,0,1,1
0,4,1,346,1,0,0,0,0,1,1
0,4,1,395,1,0,0,0,0,1,1
1,6,0,24,0,0,0,1,3,1,0
0,3,0,0,0,0,0,0,0,0,0
1,6,0,250,0,0,0,0,0,1,1
0,6,0,0,0,0,0,0,1,0,0
0,6,0,91,0,0,0,0,0,1,1
0,4,0,35,0,0,0,2,0,1,1
0,5,0,150,0,0,63,3,0,0,0
0,6,0,6,0,0,0,0,1,0,0
0,6,0,267,0,0,0,0,0,1,1
1,6,0,1,0,0,0,0,1,0,0
0,5,0,23,0,0,0,0,1,0,0
0,4,1,97,0,0,0,0,0,1,1
1,5,0,163,0,0,0,0,0,0,0
0,6,0,40,0,0,0,0,1,0,0
1,3,0,50,0,0,0,0,0,0,0
0,6,0,61,0,0,0,0,1,0,0
0,5,1,97,0,0,0,0,0,1,1
0,6,0,72,1,0,0,1,1,1,1
0,3,0,69,0,0,0,0,1,1,1
0,3,0,1,0,0,0,3,1,0,0
1,6,0,16,0,0,0,0,1,0,0
0,6,0,22,0,0,0,0,1,0,0
0,4,0,93,0,0,0,0,0,0,0
1,6,0,3,0,0,0,0,1,0,0
0,6,0,162,0,0,0,1,2,0,0
0,6,0,49,0,0,0,0,1,1,0
0,4,1,28,0,0,0,0,0,1,1
1,5,0,201,0,0,0,0,0,0,0
0,2,0,5,0,0,0,0,0,0,0
1,5,0,46,0,0,0,0,0,0,0
1,5,0,144,0,0,0,0,0,0,0
1,6,0,11,0,0,0,0,1,0,0
0,6,0,84,0,0,0,0,0,1,1
0,5,0,141,0,0,0,0,0,0,0
0,5,0,72,0,0,0,0,0,0,0
0,5,0,195,1,0,0,0,0,1,1
0,6,0,261,0,0,0,0,0,1,0
0,5,0,121,0,0,0,0,0,1,0
0,6,0,62,0,0,0,0,0,1,1
1,6,0,22,0,0,0,2,2,0,0
0,5,0,93,0,0,0,0,0,1,0
0,3,0,3,0,0,0,1,1,0,0
0,4,1,279,0,0,0,0,0,1,1
1,3,0,85,0,0,0,1,1,0,0
1,5,0,129,0,0,0,0,0,0,0
1,2,0,7,0,0,0,1,0,0,0
0,5,1,350,1,0,17,0,0,1,1
1,6,0,19,0,0,0,0,0,0,0
0,5,0,0,0,0,0,0,0,0,0
0,4,0,59,0,0,0,0,0,0,0
1,4,0,112,0,0,0,0,0,1,0
1,6,0,125,0,0,0,0,1,1,0
1,6,0,34,0,0,0,0,1,0,0
0,3,0,1,0,0,0,0,0,0,0
1,6,0,195,0,0,0,0,0,1,1
0,5,0,183,0,0,0,0,1,0,0
1,6,0,66,0,0,0,0,0,0,1
0,4,0,2,0,0,0,0,1,0,0
0,6,0,45,0,0,0,0,0,1,1
1,3,0,1,0,4,0,0,0,0,0
0,3,0,80,0,0,0,0,0,0,0
0,6,0,118,0,0,0,0,1,0,0
0,6,0,32,0,0,0,0,1,0,0
0,5,0,301,0,0,0,0,1,0,0
0,5,1,305,0,0,0,0,0,1,1
0,6,0,13,0,0,0,1,1,0,0
0,6,0,7,0,0,0,0,0,1,0
1,5,0,195,0,0,0,0,0,1,0
1,3,0,1,0,0,0,0,1,1,0
0,6,0,78,0,0,0,0,2,0,0
0,5,1,433,0,0,0,0,0,1,1
0,4,0,46,0,0,0,0,0,0,1
0,4,1,311,1,0,0,0,0,1,1
0,6,0,107,0,0,0,0,1,0,0
1,3,0,0,0,0,0,1,0,0,0
0,3,0,5,0,0,0,0,2,0,0
1,5,0,261,0,0,0,0,0,0,0
0,3,0,39,0,0,0,2,3,0,0
0,4,1,129,0,0,0,0,0,1,1
0,6,0,11,0,0,0,0,1,0,0
0,6,0,21,0,0,0,0,1,0,0
0,6,0,108,0,0,0,0,1,0,0
1,6,0,13,0,0,0,0,1,0,0
0,6,0,27,0,0,0,0,1,0,0
1,5,0,154,0,0,0,0,0,0,0
0,6,0,144,0,0,0,2,0,1,0
1,6,0,119,0,0,0,0,3,0,1
0,2,0,6,0,0,0,0,0,0,0
1,6,0,238,0,0,0,0,2,1,0
1,6,0,14,0,0,0,0,0,1,0
0,5,0,14,0,0,0,0,0,0,0
0,4,1,531,0,0,0,0,0,1,1
1,4,0,261,0,0,0,0,0,1,0
0,5,0,113,0,0,0,0,0,1,0
1,5,0,2,0,0,0,0,0,0,0
0,6,0,130,0,0,0,0,2,0,1
0,4,0,3,0,0,0,1,0,1,0
0,6,0,101,0,0,0,0,0,0,1
0,6,0,86,0,0,0,1,1,0,0
0,2,0,26,0,0,0,0,0,1,1
0,5,1,317,0,0,0,0,0,1,1
0,5,0,68,0,0,0,0,0,1,0
1,2,0,41,0,0,0,1,0,0,1
0,6,0,20,0,0,0,0,2,0,0
0,5,0,31,0,0,0,0,0,0,0
0,4,0,434,0,0,0,0,1,0,0
0,6,0,70,0,0,0,0,0,1,1
1,6,0,317,0,0,0,0,1,1,1
0,4,0,97,0,0,0,0,0,0,0
0,4,0,35,0,0,0,1,0,0,0
0,6,0,210,0,0,0,0,0,0,1
0,6,0,192,0,0,0,1,1,0,0
0,6,0,50,0,0,0,0,1,0,0
0,5,0,70,0,0,0,0,0,0,0
1,6,0,90,0,0,0,0,0,0,0
0,6,0,7,0,0,0,1,1,0,0
1,6,0,317,0,0,0,0,0,1,1
1,5,0,61,0,0,0,0,2,0,0
0,4,1,157,0,0,0,0,0,1,1
0,6,0,2,0,0,0,0,0,1,0
0,6,0,255,0,0,0,0,2,0,0
1,3,0,0,0,0,0,0,0,1,0
1,5,0,43,0,0,0,0,0,0,0
1,6,0,0,0,0,0,0,0,0,0
1,6,0,132,0,0,0,0,1,0,0
1,5,0,238,0,0,0,2,4,0,0
1,3,0,78,0,1,0,0,1,0,0
0,6,0,209,0,0,0,0,1,0,0
0,5,0,457,0,0,0,1,1,0,0
0,6,0,48,0,0,0,0,0,0,0
0,3,0,14,0,0,0,0,0,0,0
0,5,1,221,1,0,15,0,0,1,1
0,6,0,16,0,0,0,0,1,0,0
0,5,0,170,0,0,0,0,0,0,0
0,4,0,286,0,0,176,1,1,0,0
1,5,0,171,0,0,0,2,0,0,0
0,6,0,4,0,0,0,0,1,0,0
0,6,0,134,0,0,0,0,0,0,1
0,5,0,98,0,0,0,0,0,0,0
0,4,1,386,0,0,0,0,0,1,1
0,1,0,0,4,18,0,0,1,0,0
0,6,0,145,0,0,0,0,0,1,0
0,4,0,81,0,0,0,0,1,0,0
0,6,0,76,0,0,0,0,0,0,0
0,6,0,95,0,0,0,0,2,0,0
0,4,0,4,0,1,0,0,0,0,0
1,6,0,83,0,0,0,3,0,0,0
0,3,0,72,0,0,0,0,0,0,0
0,6,0,157,0,0,0,0,0,1,1
1,6,0,318,0,0,0,0,2,1,1
1,3,0,94,0,0,0,1,0,1,1
0,6,0,27,0,0,0,0,2,0,0
1,6,0,11,0,0,0,0,0,0,0
0,6,0,28,0,0,0,0,0,0,1
0,3,0,4,0,0,0,3,0,0,0
1,3,0,190,0,0,0,3,0,1,1
0,6,0,9,0,0,0,0,0,1,1
0,3,0,102,0,0,0,0,1,0,0
0,4,1,391,0,0,0,0,0,1,1
1,6,0,128,0,0,0,0,0,1,1
0,5,0,82,0,0,0,1,1,0,0
1,6,0,58,0,0,0,0,0,1,1
0,6,0,107,0,0,0,0,0,1,0
1,6,0,121,0,0,0,0,0,1,1
0,6,0,119,0,0,0,0,2,0,0
0,4,0,281,1,0,0,0,0,1,1
0,5,0,43,0,0,0,0,2,0,0
1,6,0,264,0,0,0,0,0,0,1
0,3,0,4,0,0,0,1,1,1,0
0,6,0,48,0,0,0,0,0,1,0
0,6,0,96,0,0,0,0,1,0,0
1,3,0,68,0,0,0,0,0,0,0
0,6,0,24,0,0,0,0,1,0,0
1,3,0,158,0,3,0,0,1,0,0
0,3,0,36,0,0,0,0,0,0,0
0,5,1,178,1,0,46,0,0,1,1
1,6,0,12,0,0,0,0,2,0,0
1,6,0,10,0,0,0,0,0,0,0
1,5,0,138,0,0,0,0,1,0,0
0,6,0,258,0,0,0,0,2,0,0
1,3,0,0,0,0,0,0,1,0,0
0,3,0,52,0,0,0,2,1,0,0
1,2,0,0,0,3,0,4,0,0,0
1,3,0,110,0,0,0,0,0,0,0
0,5,0,47,0,0,0,0,1,0,0
1,2,0,13,0,0,0,0,0,1,0
1,4,0,12,0,0,0,1,0,0,0
1,6,0,6,0,0,0,0,0,0,0
0,6,0,128,0,0,0,1,2,0,0
0,6,0,18,0,0,0,0,1,0,0
0,4,0,98,0,0,0,0,0,0,0
1,6,0,149,0,0,0,0,2,1,1
0,5,0,301,0,0,0,1,0,0,0
0,6,0,16,0,0,0,0,2,0,0
0,6,0,134,0,0,0,0,3,0,0
1,4,0,336,0,0,0,1,0,0,0
0,6,0,64,0,0,0,0,1,0,0
0,4,0,316,0,0,0,0,0,0,0
0,6,0,15,0,0,0,0,1,1,0
0,5,1,34,1,0,0,0,0,1,1
0,3,0,11,0,0,0,1,0,0,0
0,6,0,141,0,0,0,1,2,0,0
1,6,0,245,0,0,0,2,2,1,0
0,6,0,151,0,0,0,0,3,0,0
0,5,1,166,0,0,0,0,0,1,1
0,6,0,11,0,0,0,1,1,0,0
1,6,0,81,0,0,0,0,1,0,0
0,3,0,42,0,0,0,0,0,0,0
1,5,0,21,0,0,0,0,2,0,0
0,5,0,423,0,0,0,0,0,1,1
0,6,0,27,0,0,0,0,2,0,0
1,5,0,28,0,0,0,0,0,0,0
0,6,0,8,0,0,0,0,1,0,0
0,6,0,216,0,0,0,0,0,1,1
0,6,0,49,0,0,0,0,0,1,1
0,4,1,309,0,0,0,0,0,1,1
0,6,0,18,0,0,0,0,0,1,1
0,6,0,75,0,0,0,0,2,0,0
1,6,0,32,0,0,0,0,1,0,0
1,5,0,7,0,0,0,0,0,0,0
0,6,0,94,0,0,0,0,1,0,0
0,4,0,258,1,0,0,0,0,1,1
1,5,0,127,0,0,0,0,0,0,0
0,6,0,2,0,0,0,0,1,0,0
1,6,0,46,0,0,0,0,0,0,1
0,4,0,241,1,0,0,0,0,1,1
0,4,0,272,1,0,0,0,0,1,1
0,3,0,3,0,0,0,0,3,0,0
0,5,0,192,0,0,0,0,0,0,0
0,6,0,102,0,0,0,0,2,0,0
0,5,0,80,0,0,0,2,0,0,0
1,4,1,116,0,0,0,0,0,1,1
0,6,0,202,0,0,0,0,0,0,1
0,6,0,28,0,0,0,0,1,1,0
0,5,0,66,0,0,0,0,0,1,0
0,5,0,191,0,0,0,0,0,0,0
1,5,0,10,0,0,0,1,2,0,0
0,6,0,18,0,0,0,0,1,0,0
0,6,0,49,0,0,0,0,1,0,0
0,6,0,179,0,0,0,0,0,1,1
0,6,0,47,0,0,0,0,0,0,1
0,6,0,38,0,0,0,0,0,1,1
0,5,0,265,0,0,0,1,0,0,0
0,2,0,26,1,9,0,0,1,0,0
0,6,0,226,0,0,0,0,0,0,1
0,6,0,5,0,0,0,0,3,0,0
0,6,0,102,0,0,0,3,0,1,1
1,6,0,19,0,0,0,0,3,0,0
1,3,0,89,0,0,0,3,1,0,0
1,3,0,27,0,0,0,0,2,0,0
0,6,0,77,0,0,0,0,2,1,0
1,5,0,91,0,0,0,0,2,0,0
0,5,0,190,0,0,0,2,0,0,0
1,3,0,5,0,0,0,0,0,0,0
1,6,0,46,0,0,0,0,0,1,1
0,5,1,69,0,0,0,0,0,1,1
0,5,1,322,0,0,120,0,0,1,1
0,4,1,106,0,0,57,0,0,1,1
0,6,0,111,0,0,0,0,0,1,1
1,5,0,14,0,0,0,1,0,0,0
1,6,0,69,0,0,0,0,2,1,0
1,3,0,0,0,1,0,0,0,0,0
0,5,0,180,0,0,0,1,0,0,0
1,3,0,0,0,3,0,0,0,0,0
0,6,0,18,0,0,0,0,1,0,0
1,5,0,89,0,0,0,0,1,0,0
1,6,0,64,0,0,0,0,1,1,0
0,6,0,65,0,0,0,0,0,0,1
0,5,1,97,0,0,0,0,0,1,1
1,5,0,46,0,0,0,0,0,0,0
1,5,0,84,0,0,0,0,0,0,0
0,1,0,2,0,11,0,0,2,0,0
0,6,0,59,0,0,0,0,1,1,0
1,3,0,277,0,0,0,0,0,0,0
1,6,0,274,0,0,0,0,1,1,1
0,3,0,147,0,0,0,0,0,1,0
0,6,0,113,0,0,0,0,1,0,0
0,3,0,111,0,0,0,0,2,1,1
1,6,0,66,0,0,0,1,1,1,0
0,6,0,35,0,0,0,0,1,0,0
1,5,0,0,0,0,0,1,0,0,0
1,6,0,0,0,2,0,0,2,0,0
0,3,0,6,0,0,0,1,2,0,0
0,6,0,46,0,0,0,0,0,0,1
0,4,0,47,0,0,0,0,0,0,0
0,6,0,7,0,0,0,0,1,1,0
1,5,0,1,0,0,0,0,0,0,0
0,6,0,51,0,0,0,0,1,0,0
1,6,0,143,0,0,0,0,1,0,0
0,5,0,57,0,0,0,0,1,0,0
1,6,0,12,0,0,0,0,1,0,0
0,6,0,179,0,0,0,0,1,0,0
0,6,0,173,0,0,0,0,2,1,0
0,6,0,65,0,0,0,0,0,0,1
0,6,0,195,0,0,0,0,0,1,1
0,3,0,5,0,0,0,0,0,0,0
1,6,0,66,0,0,0,0,0,0,1
0,6,0,82,0,0,0,0,2,0,0
0,5,1,396,0,0,0,0,0,1,1
0,4,1,283,1,0,0,0,0,1,1
0,6,0,62,0,0,0,0,0,1,1
0,2,1,227,0,0,0,0,0,1,1
1,6,0,0,0,0,0,0,1,0,0
0,6,0,32,0,0,0,0,2,1,0
0,3,0,27,0,0,0,0,0,1,0
0,6,0,29,0,0,0,0,0,0,1
1,4,0,85,0,0,0,0,0,1,1
0,4,0,11,0,0,0,2,0,0,0
1,6,0,25,0,0,0,0,1,0,0
0,5,0,219,0,0,0,0,0,0,0
0,6,0,16,0,0,0,0,0,1,1
1,6,0,16,0,0,0,0,1,0,0
1,5,0,94,0,0,0,0,0,0,0
1,5,0,20,0,0,0,0,0,0,0
1,6,0,43,0,0,0,0,1,1,0
0,4,1,20,1,0,0,0,0,1,1
0,6,0,28,0,0,0,0,0,1,1
0,6,0,217,0,0,0,1,2,0,0
1,6,0,158,0,0,0,2,1,0,0
0,6,0,296,0,0,0,0,1,1,0
1,6,0,61,0,0,0,1,1,1,0
0,4,1,437,0,0,0,0,0,1,1
1,6,0,201,0,0,0,0,2,1,0
1,5,0,97,0,0,0,0,2,0,0
0,5,0,232,0,0,0,0,0,0,1
1,6,0,358,0,0,0,2,0,1,1
0,6,0,281,0,0,0,0,1,1,1
0,5,0,114,0,0,0,0,0,1,0
0,4,1,161,0,0,0,0,0,1,1
1,3,0,56,0,0,0,0,1,0,0
0,3,0,2,0,0,0,0,2,0,0
0,6,0,43,0,0,0,0,0,0,1
1,6,0,38,0,0,0,0,1,0,0
1,6,0,99,0,0,0,0,1,0,0
0,4,1,323,1,0,0,0,0,1,1
0,5,0,103,0,0,0,0,0,0,0
0,4,0,5,0,0,0,0,0,0,0
0,4,1,67,0,0,0,0,0,1,1
1,6,0,66,0,0,0,0,1,0,0
1,5,0,83,0,0,0,1,1,0,0
0,6,0,160,0,0,0,0,0,0,1
0,5,1,52,0,0,0,0,0,1,1
0,6,0,171,0,0,0,0,2,0,0
0,6,0,11,0,0,0,0,1,0,0
0,6,0,57,0,0,0,0,2,0,0
1,6,0,32,0,0,0,1,0,0,0
0,6,0,4,0,0,0,0,3,0,0
0,5,0,85,0,0,0,0,1,0,0
1,5,0,46,0,0,0,0,0,0,0
1,6,0,10,0,0,0,0,1,0,0
0,5,1,258,0,0,0,0,0,1,1
0,6,0,19,0,0,0,0,1,0,0
0,5,0,157,0,0,0,0,1,0,0
1,6,0,169,0,0,0,2,1,0,0
0,4,1,292,1,0,0,0,0,1,1
0,6,0,135,0,0,0,0,1,0,0
0,6,0,64,0,0,0,0,1,1,0
0,4,1,277,0,0,0,0,0,1,1
0,4,0,351,1,0,0,0,0,1,1
0,6,0,25,0,0,0,0,2,1,0
1,6,0,25,0,0,0,0,1,0,0
0,6,0,18,0,0,0,0,1,1,0
0,6,0,102,0,0,0,0,0,0,1
1,6,0,1,0,0,0,0,1,0,0
0,4,0,132,0,0,0,1,0,0,0
0,5,0,56,0,0,0,0,0,1,0
0,3,0,40,0,0,0,3,0,0,0
0,6,0,37,0,0,0,2,2,0,0
0,6,0,65,0,0,0,0,0,0,1
0,6,0,76,0,0,0,0,0,1,0
0,6,0,302,0,0,0,0,4,0,0
1,6,0,129,0,0,0,0,2,0,0
0,6,0,51,0,0,0,0,1,0,0
0,6,0,4,0,0,0,0,1,0,0
0,5,1,44,0,0,3,0,0,1,1
0,5,0,23,0,0,0,0,0,0,0
0,6,0,42,0,0,0,0,1,0,0
0,6,0,171,0,0,0,0,1,0,0
0,6,0,0,0,0,0,0,0,0,0
0,6,0,207,0,0,0,0,0,1,1
1,5,0,185,0,0,0,0,0,0,0
0,6,0,34,0,0,0,0,1,0,0
1,6,0,35,0,0,0,0,1,0,0
0,5,0,20,0,0,0,0,0,0,0
1,5,0,5,0,0,0,0,0,0,0
0,4,0,282,0,0,48,3,1,0,0
1,6,0,220,0,0,0,0,0,1,1
0,5,0,46,0,0,0,0,0,0,0
0,5,1,180,0,0,0,0,0,1,1
1,6,0,2,0,0,0,0,1,0,0
0,6,0,81,0,0,0,0,1,0,0
1,4,0,251,0,0,0,0,1,0,0
1,5,1,244,19,0,0,0,0,1,1
0,5,1,112,0,0,0,0,0,1,1
0,6,0,166,0,0,0,3,1,0,0
0,3,0,9,0,0,0,0,0,0,0
0,5,0,123,0,0,0,1,2,0,0
0,3,0,193,0,0,0,0,1,0,0
1,6,0,187,0,0,0,0,1,1,1
0,5,0,90,0,0,0,0,0,0,0
0,5,0,208,0,0,0,0,2,0,0
1,3,0,0,1,11,0,0,0,0,0
0,6,0,115,0,0,0,0,0,1,1
0,5,1,177,1,0,0,0,0,1,1
0,5,1,279,0,0,0,0,0,1,1
1,5,0,7,0,0,0,0,0,0,0
0,6,0,60,0,0,0,0,1,0,0
0,4,0,1,0,0,0,0,0,1,0
1,6,0,66,0,0,0,0,4,1,0
0,5,0,269,0,0,0,0,0,0,0
0,4,0,70,0,0,0,0,0,0,0
1,4,0,351,0,0,0,0,0,0,0
0,5,0,132,0,0,0,0,0,1,0
0,6,0,31,0,0,0,0,0,0,1
0,4,1,78,0,0,0,0,0,1,1
0,4,1,88,0,0,0,0,0,1,1
0,6,0,105,0,0,0,0,1,0,0
0,5,0,44,0,0,0,1,1,0,0
1,6,0,4,0,0,0,0,1,0,0
0,6,0,9,0,0,0,0,1,1,0
0,4,1,323,0,0,0,0,0,1,1
0,3,0,50,0,0,0,0,0,0,0
1,6,0,134,0,0,0,0,1,0,1
0,5,0,97,0,0,0,0,0,0,0
1,3,0,99,0,0,0,1,1,0,0
0,6,0,93,0,0,0,0,1,0,0
0,6,0,58,0,0,0,0,1,0,0
0,6,0,0,0,0,0,0,0,0,0
0,5,1,304,0,0,0,0,0,1,1
0,5,1,56,0,0,0,0,0,1,1
0,6,0,17,0,0,0,0,0,0,0
0,2,0,5,0,1,0,0,0,0,0
1,3,0,5,0,0,0,0,1,0,0
1,4,0,199,0,0,0,0,0,1,0
0,5,0,4,0,0,0,0,0,0,0
0,6,0,12,0,0,0,0,2,0,0
0,3,0,23,0,0,0,0,0,1,0
0,4,1,277,0,0,0,0,0,1,1
0,6,0,57,0,0,0,0,1,0,0
1,6,0,149,0,0,0,1,0,1,1
0,4,1,299,1,0,0,0,0,1,1
0,6,0,87,0,0,0,0,3,1,0
0,4,1,59,0,0,0,0,0,1,1
0,6,0,29,0,0,0,0,1,1,0
0,5,1,71,0,0,0,0,0,1,1
0,3,0,35,0,0,0,0,0,0,0
1,4,1,245,1,0,0,0,0,1,1
1,4,0,128,0,0,0,0,1,0,0
0,5,0,268,0,0,224,0,0,1,1
0,4,1,272,1,0,41,0,0,1,1
1,6,0,218,0,0,0,0,0,1,1
0,6,0,17,0,0,0,0,1,1,0
0,2,0,3,0,21,0,0,1,0,0
0,6,0,129,0,0,0,0,2,0,0
1,4,0,45,0,0,0,0,0,1,1
1,6,0,44,0,0,0,1,1,0,1
1,6,0,100,0,0,0,0,1,0,0
0,4,0,2,0,0,0,0,1,1,0
0,5,0,118,0,0,0,1,0,0,0
0,5,0,504,0,0,0,0,1,0,0
0,4,1,587,0,0,0,0,0,1,1
0,6,0,148,0,0,0,0,1,0,0
0,6,0,41,0,0,0,1,1,0,0
1,6,0,34,0,0,0,0,0,1,1
0,6,0,128,0,0,0,0,2,0,0
0,6,0,305,0,0,0,0,0,1,1
1,6,0,0,0,0,0,0,1,0,0
0,6,0,133,0,0,0,0,2,0,0
0,2,1,38,0,0,0,0,0,1,1
0,4,1,288,0,0,99,0,0,1,1
0,5,0,28,0,0,0,0,0,0,0
0,4,1,198,0,0,0,0,0,1,1
0,6,0,214,0,0,0,1,1,0,0
0,2,0,1,0,9,0,0,1,0,0
1,5,0,44,0,0,0,0,1,0,0
1,6,0,125,0,0,0,0,2,1,1
1,4,0,342,0,0,125,1,0,0,0
1,5,0,125,0,0,0,0,1,0,0
0,4,0,134,0,0,0,0,0,0,0
1,4,0,289,0,0,0,0,0,0,0
0,6,0,15,0,0,0,0,1,1,0
1,5,0,196,0,0,0,0,0,0,0
0,3,0,84,0,0,0,2,0,1,0
0,6,0,43,0,0,0,0,2,1,0
1,6,0,216,0,0,0,0,1,1,1
0,6,0,89,0,0,0,0,0,0,1
0,4,1,341,1,0,0,0,0,1,1
0,5,0,116,0,0,0,1,0,0,0
0,3,0,18,0,0,0,0,2,0,0
1,6,0,4,0,0,0,0,2,0,0
0,6,0,13,0,0,0,0,0,0,1
1,6,0,43,0,0,0,1,0,0,0
0,6,0,167,0,0,0,0,0,0,1
0,6,0,9,0,0,0,0,0,1,1
1,6,0,42,0,0,0,0,1,0,0
1,6,0,42,0,0,0,0,2,1,1
1,6,0,132,0,0,0,0,0,1,1
0,6,0,141,0,0,0,0,1,1,0
0,6,0,4,0,0,0,1,1,0,0
0,3,0,30,0,0,0,1,0,1,0
0,6,0,1,0,0,0,1,0,0,0
1,4,0,103,0,0,0,0,0,0,1
0,3,0,200,0,0,0,0,0,1,0
0,6,0,243,0,0,0,0,1,1,0
1,6,0,269,0,0,0,0,3,1,0
0,6,0,134,0,0,0,0,1,1,0
0,3,0,23,0,0,0,1,1,0,0
0,6,0,9,0,0,0,0,0,0,1
1,6,0,197,0,0,0,2,2,0,0
0,4,0,69,0,0,58,0,0,0,0
0,4,1,304,1,0,0,0,0,1,1
1,2,0,3,0,0,0,0,0,0,0
0,5,0,121,0,0,0,1,2,0,0
1,6,0,105,0,0,0,1,3,1,0
1,3,0,55,0,0,0,0,0,1,0
0,4,1,372,0,0,0,0,0,1,1
1,5,0,150,0,0,0,0,0,0,0
1,6,0,248,0,0,0,0,1,0,0
1,6,0,149,0,0,0,0,3,1,1
1,2,0,1,0,0,0,0,0,0,0
1,6,0,5,0,0,0,0,1,0,0
0,6,0,20,0,0,0,0,1,0,0
0,6,0,270,0,0,0,0,1,1,1
1,4,0,225,0,0,0,2,0,0,0
0,6,0,0,0,0,0,0,0,0,0
0,5,0,377,0,0,0,0,1,0,0
0,5,0,17,0,0,0,0,0,0,0
1,3,0,9,0,0,0,0,2,0,1
1,3,0,0,0,0,0,0,0,0,0
1,5,0,10,0,0,0,0,3,0,0
1,5,0,32,0,0,0,0,0,0,0
0,6,0,80,0,0,0,0,1,0,0
1,6,0,125,0,0,0,0,0,0,1
1,5,0,157,0,0,0,0,1,0,0
1,6,0,104,0,0,0,0,0,1,0
1,6,0,85,0,0,0,0,0,1,1
1,4,0,542,0,0,0,1,0,0,0
0,5,0,346,0,0,0,0,1,0,0
0,6,0,202,0,0,0,0,0,1,1
0,6,0,1,0,0,0,0,1,0,0
1,6,0,8,0,0,0,0,0,0,0
0,5,1,71,0,0,0,0,0,1,1
1,6,0,153,0,0,0,0,0,1,1
0,3,0,97,0,0,0,3,0,1,0
0,4,1,209,0,0,35,0,0,1,1
0,3,0,104,0,0,0,0,0,0,0
0,3,0,67,0,0,0,0,0,1,0
1,6,0,0,0,0,0,0,2,0,0
0,2,0,6,0,1,0,1,0,0,0
0,6,0,2,0,0,0,0,0,0,0
1,3,0,89,0,0,0,0,0,0,0
0,3,0,5,0,0,0,0,0,0,0
1,5,0,12,0,0,0,0,1,0,0
0,6,0,295,0,0,0,0,1,0,0
1,4,0,199,0,0,0,0,0,0,0
1,5,0,42,0,0,0,0,1,0,0
1,6,0,63,0,0,0,1,0,0,0
0,6,0,21,0,0,0,2,0,0,1
0,4,1,28,0,0,0,0,0,1,1
0,4,0,100,0,0,0,0,0,0,1
0,6,0,3,0,0,0,1,1,0,0
0,6,0,230,0,0,0,0,1,1,0
0,5,1,301,1,0,0,0,0,1,1
0,6,0,269,1,0,0,0,1,1,1
1,6,0,1,0,0,0,3,1,0,0
1,4,0,45,0,0,0,0,0,1,1
0,5,1,317,0,0,0,0,0,1,1
0,5,0,257,0,0,0,0,0,0,0
0,5,0,183,0,0,0,0,1,0,0
0,5,0,377,0,0,0,0,1,0,0
0,6,0,37,0,0,0,0,2,1,0
0,6,0,317,0,0,0,0,2,0,1
1,6,0,17,0,0,0,0,1,0,0
0,5,0,178,0,0,0,1,0,0,0
0,3,0,23,0,0,0,0,0,0,0
0,2,0,3,0,0,0,0,0,0,0
0,6,0,28,0,0,0,1,0,0,0
0,3,0,17,0,0,0,0,0,0,0
0,4,1,377,1,0,0,0,0,1,1
1,4,0,67,0,0,0,1,0,0,0
0,6,0,6,0,0,0,0,0,0,0
0,5,0,41,0,0,0,1,1,0,0
0,5,0,273,1,0,0,0,0,1,1
1,4,0,40,0,0,0,1,0,0,0
1,3,0,0,0,0,0,0,0,0,0
0,6,0,6,0,0,0,0,1,0,0
0,3,0,78,0,0,0,0,0,0,1
0,6,0,197,0,0,0,0,1,1,0
1,3,0,133,0,0,0,2,2,0,0
0,5,0,11,0,0,0,0,0,0,0
0,6,0,59,0,0,0,0,1,0,0
1,6,0,130,0,0,0,0,1,0,0
0,4,0,168,0,0,0,0,0,0,0
0,6,0,0,0,0,0,0,1,0,0
1,3,0,0,0,0,0,0,0,0,0
0,4,1,127,0,0,0,0,0,1,1
0,6,0,32,0,0,0,0,1,0,0
1,6,0,7,0,0,0,0,1,0,0
0,6,0,22,0,0,0,0,1,1,0
0,5,0,151,0,0,63,3,0,0,0
1,3,0,34,0,0,0,0,1,1,0
0,4,1,265,0,0,0,0,0,1,1
1,3,0,0,0,0,0,2,0,0,0
0,4,1,174,0,0,0,0,0,1,1
1,6,0,42,0,0,0,0,0,0,1
1,6,0,45,0,0,0,0,1,0,0
0,2,1,38,0,0,0,0,0,1,1
0,6,0,127,0,0,0,0,2,0,0
0,5,1,105,0,0,0,0,0,1,1
0,5,0,218,0,0,0,1,0,0,0
1,6,0,209,0,0,0,0,2,0,0
0,6,0,8,1,0,0,0,2,1,1
0,6,0,32,0,0,0,0,1,0,0
1,6,0,14,0,0,0,0,1,0,0
1,3,0,48,0,0,0,0,1,0,0
0,6,0,149,0,0,0,0,1,0,0
0,4,0,69,0,0,58,0,0,0,0
0,4,1,358,0,0,0,0,0,1,1
0,6,0,57,0,0,0,0,1,0,0
0,6,0,79,0,0,0,0,0,1,1
1,2,0,1,0,0,0,1,0,0,0
1,5,0,234,0,0,0,0,0,0,0
1,6,0,6,0,0,0,0,1,0,0
1,4,0,7,0,0,0,0,0,0,0
1,6,0,139,0,0,0,1,0,1,0
1,6,0,303,0,0,0,0,2,1,1
0,6,0,134,0,0,0,1,0,1,1
0,6,0,141,0,0,0,0,1,0,0
1,5,0,32,0,0,0,0,0,0,0
1,6,0,100,0,0,0,1,0,1,1
0,4,0,24,0,0,0,1,0,0,0
1,3,0,0,0,0,0,1,0,0,0
0,6,0,51,0,0,0,0,0,1,1
1,2,0,6,0,3,0,0,0,0,0
1,5,0,32,0,0,0,0,0,0,0
0,6,0,118,0,0,0,0,0,0,1
1,3,0,72,0,0,0,1,1,0,0
0,6,0,65,0,0,0,0,2,1,0
0,5,0,18,0,0,0,0,1,0,1
0,2,0,17,0,2,0,0,0,0,0
0,6,0,35,0,0,0,0,1,0,0
1,6,0,143,0,0,0,0,0,1,1
0,6,0,132,0,0,0,0,2,0,0
0,5,1,169,0,0,0,0,0,1,1
0,6,0,37,0,0,0,0,0,1,1
1,2,0,0,1,5,0,0,0,0,0
0,6,0,43,0,0,0,0,0,1,1
1,6,0,0,0,0,0,0,0,0,0
0,6,0,104,0,0,0,0,0,1,1
0,5,1,113,1,0,44,0,0,1,1
0,6,0,226,0,0,0,0,3,1,0
0,4,0,272,1,0,0,0,0,1,1
1,3,0,0,0,0,0,0,0,0,0
0,5,0,143,0,0,0,0,0,0,0
1,6,0,158,0,0,0,0,2,0,0
1,2,0,1,0,1,0,0,0,0,0
0,4,1,258,0,0,41,0,0,1,1
0,6,0,55,0,0,0,0,2,0,0
1,5,0,82,0,0,0,0,0,1,0
0,3,0,65,0,0,0,1,0,0,0
1,6,0,4,0,0,0,1,2,0,0
0,6,0,66,0,0,0,0,1,0,0
1,3,0,182,0,0,0,1,1,0,0
0,4,0,100,0,0,0,0,0,0,1
0,2,1,38,0,0,0,0,0,1,1
1,5,0,15,0,0,0,0,0,0,0
0,3,0,3,0,0,0,1,1,0,0
1,6,0,24,0,0,0,0,1,1,0
1,6,0,11,0,0,0,1,1,0,0
1,3,0,153,0,0,0,0,0,1,0
0,5,0,153,0,0,0,0,1,0,0
0,6,0,120,0,0,0,2,0,1,1
1,3,0,2,0,0,0,0,0,0,0
0,3,0,18,0,0,0,0,0,1,1
0,4,1,56,0,0,0,0,0,1,1
1,3,0,10,0,0,0,0,0,0,0
1,6,0,14,0,0,0,0,1,0,0
1,4,0,203,0,0,0,1,0,0,0
1,5,0,119,0,0,0,1,2,0,0
1,6,0,21,0,0,0,0,1,0,0
1,5,0,170,0,0,0,0,2,0,0
1,3,0,9,0,0,0,0,1,0,0
1,6,0,9,0,0,0,0,0,0,0
0,5,1,34,1,0,0,0,0,1,1
1,6,0,15,0,0,0,0,1,0,0
0,6,0,57,0,0,0,0,0,1,1
0,5,0,257,1,0,0,0,0,1,1
1,3,0,0,0,0,0,0,0,0,0
0,5,0,457,0,0,0,3,1,0,0
0,3,0,2,0,0,0,0,4,0,0
0,2,0,15,0,0,0,0,0,0,0
0,6,0,134,0,0,0,0,3,0,0
1,5,0,105,0,0,65,0,0,0,0
1,6,0,64,0,0,0,0,2,0,0
0,6,0,262,0,0,0,0,2,1,1
0,5,0,119,0,0,0,0,0,0,0
0,0,0,5,0,0,0,0,0,1,0
1,6,0,4,0,0,0,0,1,0,0
0,6,0,260,0,0,0,0,1,1,0
0,6,0,16,0,0,0,0,0,0,1
0,3,0,2,0,0,0,0,0,0,0
0,4,0,168,0,0,0,0,0,1,0
1,2,0,62,0,0,0,0,0,1,1
0,4,1,92,0,0,0,0,0,1,1
1,4,0,4,0,0,0,5,0,0,0
1,6,0,63,0,0,0,0,0,1,1
0,4,1,87,0,0,0,0,0,1,1
1,6,0,108,0,0,0,2,0,0,1
0,4,0,248,0,0,0,0,0,1,1
1,3,0,152,0,0,0,2,0,0,0
1,6,0,5,0,3,0,0,1,0,0
0,6,0,107,0,0,0,0,0,1,0
0,6,0,237,0,0,0,0,1,0,1
0,5,1,315,0,0,69,0,0,1,1
1,6,0,21,0,0,0,0,2,0,0
1,3,0,31,0,0,0,0,1,0,0
1,6,0,239,0,0,0,0,2,0,1
0,6,0,101,0,0,0,0,0,1,1
0,4,0,271,0,0,0,0,0,0,0
1,5,0,329,0,0,0,0,2,1,0
0,5,1,105,0,0,0,0,0,1,1
1,3,0,109,0,0,0,0,0,0,0
1,3,0,0,0,0,0,0,0,0,0
1,3,0,0,0,0,0,0,1,0,0
0,6,0,5,0,0,0,1,2,0,0
0,6,0,175,0,0,0,0,1,0,0
0,5,0,43,0,0,0,0,0,1,0
1,5,0,90,0,0,0,0,0,0,0
0,4,1,142,0,0,0,0,0,1,1
0,6,0,283,0,0,0,0,2,0,1
1,2,0,21,0,0,0,0,0,0,0
0,6,0,188,0,0,0,0,0,1,1
0,5,0,34,0,0,0,0,0,0,0
1,3,0,53,0,0,0,0,2,0,0
1,3,0,59,0,0,0,0,0,0,0
1,3,0,15,0,0,0,1,0,0,0
1,6,0,132,0,0,0,1,0,1,0
0,5,0,171,0,0,0,0,2,1,0
0,6,0,10,0,1,0,0,4,0,0
0,5,0,1,0,0,0,0,1,0,0
1,6,0,83,0,0,0,0,1,0,0
1,6,0,76,0,0,0,0,0,0,1
1,6,0,29,0,0,0,0,1,0,0
1,3,0,23,0,0,0,0,0,0,0
0,6,0,73,0,0,0,0,3,1,1
1,6,0,7,0,0,0,0,2,0,0
0,2,0,2,0,5,0,0,1,0,0
0,6,0,19,1,0,0,0,0,1,1
1,4,1,168,0,0,0,0,0,1,1
0,4,1,223,1,0,40,0,0,1,1
0,6,0,191,0,0,0,0,0,0,1
0,4,0,13,0,0,0,1,0,0,0
0,6,0,83,0,0,0,0,0,1,1
0,5,1,478,0,0,0,0,0,1,1
1,6,0,32,0,0,0,0,0,0,1
1,6,0,173,0,0,0,2,1,1,1
0,5,1,373,0,0,0,0,0,1,1
0,3,0,125,0,0,0,0,1,0,0
0,5,0,6,0,0,0,0,0,0,0
0,4,1,260,1,0,0,0,0,1,1
0,3,0,83,0,0,0,0,0,0,0
1,4,0,287,0,0,0,1,0,0,0
0,3,0,59,0,0,0,0,3,1,0
0,4,1,158,0,0,31,0,0,1,1
1,4,0,3,0,0,0,0,0,1,0
0,0,0,13,0,0,0,0,0,0,0
0,5,0,11,0,0,0,0,0,0,0
0,6,0,121,0,0,0,0,1,1,0
0,5,0,3,0,0,0,1,1,0,0
1,6,0,15,0,0,0,0,1,0,0
0,4,1,56,0,0,0,0,0,1,1
0,6,0,124,0,0,0,2,1,0,0
1,6,0,0,0,2,0,0,2,0,0
0,4,0,265,0,0,176,0,0,0,0
0,5,1,113,1,0,44,0,0,1,1
0,5,0,270,0,0,187,1,0,0,0
0,4,1,151,0,0,0,0,0,1,1
0,4,0,46,0,0,0,0,0,1,1
0,4,1,85,1,0,0,0,0,1,1
1,6,0,11,0,0,0,0,1,0,0
1,5,0,113,0,0,0,0,0,0,0
0,6,0,20,0,0,0,0,1,1,0
1,5,0,2,0,0,0,0,0,0,0
0,6,0,2,0,0,0,0,1,0,0
1,3,0,3,0,0,0,1,1,0,0
0,4,0,95,0,0,0,0,0,1,1
1,6,0,144,1,0,0,0,1,1,1
1,4,0,257,0,0,0,0,0,0,0
0,6,0,129,0,0,0,0,2,0,0
1,4,0,112,0,0,0,0,0,0,0
0,6,0,189,0,0,0,0,4,1,1
0,5,1,335,1,0,0,0,0,1,1
0,3,0,14,0,0,0,1,3,0,0
0,5,0,32,0,0,0,0,0,0,0
0,4,1,365,1,0,0,0,0,1,1
1,4,0,40,0,0,0,0,0,1,0
0,5,0,71,0,0,0,0,0,1,0
0,6,0,192,0,0,0,0,0,1,1
0,6,0,74,0,0,0,0,1,1,0
0,5,1,105,0,0,0,0,0,1,1
0,6,0,88,0,0,0,2,1,1,0
1,2,0,2,0,13,0,0,0,0,0
0,6,0,43,0,0,0,0,1,0,0
1,5,0,4,0,0,0,0,0,0,0
0,1,0,1,0,0,0,0,0,0,0
1,3,0,1,0,0,0,0,0,0,0
0,4,0,35,0,0,0,0,0,1,1
0,5,1,180,0,0,0,0,0,1,1
1,6,0,153,0,0,0,1,1,0,0
0,6,0,15,0,0,0,0,0,1,1
0,5,0,186,0,0,0,0,0,0,0
1,3,0,0,0,0,0,0,0,0,0
0,6,0,54,0,0,0,0,2,0,0
0,6,0,6,0,0,0,0,1,0,0
1,4,0,262,0,0,0,0,0,0,0
0,4,0,132,0,0,0,0,0,0,0
1,4,0,31,0,0,0,3,1,0,0
0,5,0,82,0,0,0,0,1,0,0
0,3,0,154,0,0,0,0,2,0,0
1,6,0,213,0,0,0,0,0,1,1
0,5,0,35,0,0,0,1,0,0,0
0,4,1,440,0,0,0,0,0,1,1
1,3,0,6,0,0,0,0,1,0,0
1,4,0,19,0,0,0,0,0,0,0
0,4,0,316,0,0,0,3,0,0,0
0,5,1,350,1,0,17,0,0,1,1
0,6,0,281,0,0,0,2,0,0,0
1,6,0,5,0,0,0,1,0,0,0
0,4,0,21,0,0,0,0,1,0,0
1,2,0,1,0,0,0,0,0,0,0
0,6,0,0,0,0,0,0,1,0,0
1,6,0,257,0,0,0,0,1,1,1
0,5,0,37,0,0,0,0,0,0,1
1,5,0,184,0,0,0,0,3,0,0
0,6,0,51,0,0,0,0,1,1,0
0,4,1,447,0,0,0,0,0,1,1
0,5,0,116,0,0,0,1,0,1,0
0,3,0,39,0,0,0,0,0,0,0
1,5,0,152,0,0,0,1,0,0,0
0,6,0,128,0,0,0,0,0,1,1
0,6,0,32,0,0,0,0,0,0,1
0,6,0,16,0,0,0,0,0,1,1
0,6,0,45,0,0,0,0,2,0,0
0,6,0,22,0,0,0,0,3,0,0
1,6,0,300,0,0,0,2,2,0,0
1,5,0,37,0,0,0,0,0,0,0
1,5,0,129,0,0,0,0,0,0,0
1,3,0,123,0,0,0,0,1,1,0
0,2,0,15,0,0,0,0,0,0,0
1,3,0,0,0,9,0,1,1,0,0
1,4,0,22,0,0,0,0,0,1,0
1,6,0,115,0,0,0,1,3,1,1
0,5,0,464,0,0,0,1,2,0,0
1,6,0,46,0,0,0,0,1,0,0
0,6,0,5,0,0,0,0,2,0,0
1,6,0,19,0,0,0,0,2,1,0
0,6,0,22,0,0,0,0,1,0,0
0,4,1,129,0,0,0,0,0,1,1
1,6,0,132,0,0,0,1,0,0,0
0,6,0,83,0,0,0,0,1,0,0
1,6,0,25,0,0,0,0,1,0,0
0,6,0,27,0,0,0,0,1,1,0
1,6,0,190,0,0,0,0,1,0,1
0,5,0,15,0,0,0,0,0,0,0
0,4,0,448,0,0,0,0,1,0,0
1,3,0,0,0,0,0,0,0,0,0
0,5,1,30,0,0,0,0,0,1,1
0,4,1,229,0,0,0,0,0,1,1
0,6,0,136,0,0,0,0,0,1,0
0,6,0,21,0,0,0,0,0,1,1
0,5,0,24,0,0,0,0,0,0,0
1,5,0,0,0,0,0,0,1,0,0
0,6,0,103,0,0,0,0,0,0,1
1,6,0,73,0,0,0,0,2,1,1
0,4,1,27,0,0,0,0,0,1,1
1,6,0,1,0,0,0,0,2,0,0
0,6,0,262,0,0,0,2,2,0,1
1,4,0,153,0,0,0,0,0,0,0
0,6,0,49,0,0,0,0,0,1,1
0,6,0,77,0,0,0,0,1,1,0
0,6,0,22,0,0,0,0,1,0,0
0,5,1,336,1,0,0,0,0,1,1
1,3,0,29,0,0,0,2,1,0,0
0,5,1,112,0,0,0,0,0,1,1
0,6,0,72,0,0,0,0,1,0,0
0,5,0,338,0,0,68,0,0,1,1
1,6,0,16,0,0,0,0,1,0,0
0,6,0,330,0,0,0,16,3,0,0
0,5,0,396,0,0,0,1,1,0,0
0,6,0,7,0,0,0,0,1,0,0
0,3,0,17,0,0,0,0,2,0,1
0,6,0,54,0,0,0,0,3,0,0
0,4,1,297,1,0,0,0,0,1,1
1,3,0,89,0,0,0,0,0,0,0
0,5,1,302,0,0,70,0,0,1,1
1,6,0,300,0,0,0,0,0,1,1
0,6,0,61,0,0,0,0,2,0,0
0,5,0,303,0,0,0,0,0,1,1
0,6,0,9,0,0,0,0,2,0,0
0,6,0,84,0,0,0,0,0,1,1
0,6,0,5,0,0,0,1,0,0,0
0,5,1,291,0,0,0,0,0,1,1
0,6,0,0,0,0,0,0,2,0,0
0,6,0,33,0,0,0,0,1,1,0
1,6,0,2,0,0,0,0,0,0,0
0,5,0,102,0,0,0,0,0,0,0
0,4,0,263,0,0,0,0,0,1,0
0,6,0,123,0,0,0,0,2,1,1
0,4,1,243,0,0,0,0,0,1,1
1,3,0,89,0,0,0,1,0,0,0
1,6,0,2,0,0,0,0,2,1,0
1,2,0,4,0,0,0,1,0,0,0
0,4,0,19,0,0,0,0,0,0,0
0,6,0,104,0,0,0,0,1,0,0
1,5,0,33,0,0,0,1,0,0,0
0,6,0,95,0,0,0,0,2,1,0
0,6,0,38,0,0,0,0,0,1,1
1,6,0,1,0,0,0,0,0,0,0
1,6,0,0,0,0,0,0,1,0,0
1,5,0,246,1,0,0,0,0,1,1
0,4,1,151,0,0,0,0,0,1,1
0,6,0,120,0,0,0,0,1,0,0
0,6,0,63,0,0,0,0,0,1,1
1,3,0,42,0,0,0,0,0,0,0
1,6,0,56,0,0,0,1,2,0,0
1,6,0,5,0,3,0,0,1,0,0
0,6,0,42,0,0,0,0,1,1,0
0,6,0,129,0,0,0,0,1,0,0
0,6,0,63,0,0,0,0,0,0,1
0,2,0,8,0,0,0,0,0,0,0
0,6,0,81,0,0,0,0,0,1,1
0,6,0,194,0,0,0,3,1,1,0
1,6,0,20,0,0,0,0,1,0,0
0,6,0,66,0,0,0,0,1,1,0
1,3,0,1,0,0,0,0,1,0,0
0,6,0,122,0,0,0,0,1,1,0
0,4,1,271,1,0,0,0,0,1,1
1,3,0,2,0,0,0,2,2,0,0
0,5,0,219,0,0,0,0,0,0,0
1,6,0,70,0,0,0,0,1,0,0
1,6,0,11,0,0,0,0,1,0,0
1,6,0,165,0,0,0,0,0,1,1
0,2,0,34,0,0,0,0,0,0,0
1,6,0,20,0,0,0,0,0,1,1
0,6,0,24,0,0,0,0,0,1,1
1,3,0,0,0,0,0,0,0,0,0
0,3,0,15,0,0,0,0,1,0,0
1,4,1,171,0,0,0,1,0,0,0
0,6,0,11,0,0,0,1,0,0,0
0,6,0,25,0,0,0,0,0,1,0
0,5,1,315,0,0,69,0,0,1,1
1,5,0,2,0,1,0,0,1,0,0
0,6,0,6,0,0,0,0,2,0,0
0,3,0,62,0,0,0,0,0,0,0
1,3,0,173,0,0,0,1,1,0,0
1,5,0,1,0,0,0,0,2,0,0
0,6,0,141,0,0,0,0,0,0,1
0,6,0,33,0,0,0,0,2,0,0
1,5,0,137,0,0,0,0,0,0,0
0,6,0,88,0,0,0,0,0,1,1
1,4,1,49,0,0,0,0,0,1,1
0,5,0,23,0,0,0,0,0,0,0
1,4,1,148,0,0,0,0,0,1,1
1,3,0,0,0,0,0,0,2,0,0
1,6,0,165,0,0,0,0,0,1,1
1,3,0,6,0,3,0,0,1,0,0
1,5,0,56,0,0,0,0,0,0,0
0,4,1,129,0,0,0,0,0,1,1
1,6,0,3,0,0,0,0,1,0,0
0,5,0,29,0,0,0,1,0,0,0
0,5,0,102,0,0,0,0,0,0,0
0,6,0,126,0,0,0,0,0,1,1
1,6,0,61,0,0,0,0,1,0,0
1,5,0,88,0,0,0,0,1,0,1
0,6,0,75,0,0,0,0,2,1,0
1,6,0,88,0,0,0,0,1,0,0
1,3,0,197,0,0,0,0,0,0,1
0,5,0,175,0,0,0,0,0,0,0
0,6,0,197,0,0,0,0,1,0,0
0,4,1,158,0,0,31,0,0,1,1
0,4,1,321,1,0,0,0,0,1,1
0,6,0,195,0,0,0,0,1,0,1
0,6,0,94,0,0,0,0,1,1,0
0,6,0,38,0,0,0,0,3,0,0
1,2,0,1,0,0,0,0,0,0,0
0,4,1,6,0,0,0,0,0,1,1
1,4,1,259,1,0,0,0,0,1,1
1,5,0,21,0,0,0,0,1,0,1
0,4,1,86,1,0,35,0,0,1,1
0,5,0,9,0,0,0,0,0,0,0
0,6,0,11,0,0,0,0,0,1,0
0,5,0,346,0,0,0,0,0,0,1
0,6,0,7,0,0,0,0,0,0,0
0,6,0,139,0,0,0,0,0,1,1
1,6,0,200,0,0,0,0,0,1,1
0,6,0,158,0,0,0,0,2,0,0
0,4,0,434,0,0,0,0,1,0,0
1,6,0,16,0,0,0,0,2,0,0
0,5,1,178,1,0,46,0,0,1,1
0,5,0,335,0,0,0,1,1,0,0
1,5,0,21,0,0,0,1,0,0,0
0,6,0,107,0,0,0,0,1,0,0
1,6,0,27,0,0,0,0,2,0,0
0,6,0,124,0,0,0,0,0,1,1
0,3,0,30,0,0,0,0,0,1,1
0,5,1,109,1,0,44,0,0,1,1
1,6,0,15,0,0,0,0,2,0,0
0,6,0,60,0,0,0,0,1,0,0
1,6,0,94,0,0,0,0,0,1,0
0,5,0,24,0,0,0,0,1,0,0
1,2,0,11,0,0,0,0,0,0,0
0,6,0,14,0,0,0,0,1,0,0
1,6,0,17,0,0,0,0,1,0,0
1,5,0,48,0,4,0,2,0,0,0
0,4,0,316,0,0,0,0,0,0,0
1,3,0,1,0,0,0,1,2,0,0
1,6,0,20,0,0,0,0,0,1,1
0,5,0,323,0,0,0,0,1,0,0
0,5,1,260,1,0,0,1,0,1,1
0,2,0,29,0,2,0,0,0,0,0
0,5,0,39,0,0,0,0,0,0,1
0,6,0,184,0,0,0,0,2,1,0
0,6,0,206,0,0,0,0,0,0,0
1,5,0,40,0,0,0,0,1,0,0
0,3,0,0,0,0,0,0,0,0,0
0,6,0,43,0,0,0,0,2,0,0
0,5,1,71,0,0,0,0,0,1,1
0,6,0,178,0,0,0,0,2,0,0
1,6,0,12,0,2,0,0,1,0,0
0,6,0,25,0,0,0,0,1,0,0
0,6,0,23,0,0,0,0,1,0,0
0,2,0,99,1,0,0,0,0,1,1
0,6,0,78,0,0,0,0,1,0,0
0,6,0,68,0,0,0,0,1,0,0
0,6,0,144,0,0,0,0,0,1,1
0,6,0,164,0,0,0,0,1,0,0
0,6,0,15,0,0,0,0,0,0,1
1,6,0,0,0,0,0,0,1,0,0
0,6,0,34,0,0,0,0,1,1,0
1,5,0,5,0,0,0,0,0,0,0
1,6,0,208,0,0,0,0,0,1,1
0,5,1,74,0,0,0,0,0,1,1
0,5,0,6,0,0,0,0,0,0,0
0,4,1,313,1,0,0,0,0,1,1
0,3,0,52,0,0,0,0,2,0,0
0,6,0,82,0,0,0,0,2,0,0
0,5,1,105,0,0,0,0,0,1,1
0,6,0,157,0,0,0,0,0,1,1
0,6,0,6,0,0,0,0,1,0,0
1,6,0,97,0,0,0,1,0,0,0
0,6,0,181,0,0,0,1,2,1,0
1,3,0,7,0,1,0,2,0,0,0
0,6,0,152,0,0,0,0,0,0,1
0,6,0,185,0,0,0,0,0,1,1
0,6,0,18,0,0,0,0,0,1,1
0,3,0,17,0,1,0,1,1,0,0
0,6,0,61,0,0,0,0,0,1,1
0,6,0,56,0,0,0,0,2,0,0
0,5,0,307,0,0,0,2,0,0,1
0,4,0,168,0,0,0,0,0,1,0
1,5,0,2,0,0,0,0,1,0,0
0,6,0,114,0,0,0,0,0,1,1
0,5,0,154,0,0,0,0,0,0,0
0,5,1,71,0,0,0,0,0,1,1
1,5,0,40,0,0,0,1,0,0,0
1,5,0,5,0,0,0,0,0,0,0
0,6,0,80,0,0,0,0,0,1,1
0,4,1,464,0,0,391,2,0,1,1
0,4,0,61,0,0,0,1,0,0,1
0,6,0,3,0,0,0,1,2,0,0
0,6,0,42,0,0,0,1,1,0,0
0,3,0,0,0,0,0,1,0,0,0
0,3,0,0,0,0,0,0,0,0,0
1,6,0,69,0,0,0,0,2,1,0
0,6,0,0,0,0,0,0,2,0,0
0,5,1,155,0,0,0,0,0,1,1
1,5,0,184,0,0,0,0,0,1,1
0,6,0,4,0,0,0,0,1,0,0
1,3,0,26,0,0,0,0,0,1,0
1,2,0,24,0,0,0,1,0,0,0
0,6,0,160,0,0,0,0,0,0,1
1,6,0,261,0,0,0,0,0,1,1
1,3,0,1,0,0,0,1,3,0,0
0,3,0,17,0,0,0,2,2,0,0
1,2,0,36,0,0,0,1,0,0,0
1,6,0,145,0,0,0,2,2,1,1
0,5,0,111,0,0,0,0,0,0,1
0,6,0,64,0,0,0,0,0,1,1
0,6,0,24,0,0,0,0,0,1,1
0,6,0,31,0,0,0,0,1,0,0
0,5,0,0,0,0,0,0,0,0,0
0,4,0,76,0,0,0,0,0,0,0
1,5,0,70,0,0,0,0,0,0,0
0,5,1,34,1,0,0,0,0,1,1
1,2,0,29,1,5,0,2,0,0,0
0,4,0,312,1,0,0,0,0,1,1
1,6,0,224,0,0,0,0,0,1,1
0,6,0,40,0,0,0,0,2,1,0
0,5,0,167,0,0,0,0,2,0,0
0,6,0,14,0,0,0,0,2,0,0
0,6,0,4,0,0,0,1,2,0,0
0,3,0,2,0,0,0,0,2,0,0
1,5,0,1,0,0,0,0,0,0,0
1,2,0,7,0,1,0,0,0,0,0
0,5,0,118,0,0,0,0,0,0,0
0,6,0,184,0,0,0,0,0,1,1
0,6,0,31,0,0,0,0,0,0,1
1,6,0,22,0,0,0,0,2,0,0
0,6,0,26,0,0,0,1,2,0,0
0,3,0,1,0,0,0,0,2,0,0
1,6,0,191,0,0,0,0,1,0,0
0,4,0,278,1,0,0,0,0,1,1
0,6,0,84,0,0,0,0,1,1,0
1,3,0,0,0,0,0,0,0,0,0
1,3,0,17,0,0,0,0,0,0,0
0,2,0,8,0,0,0,0,0,0,0
0,5,1,102,0,0,0,0,0,1,1
1,5,0,145,0,0,0,0,1,1,1
0,5,1,444,1,0,39,0,0,1,1
0,5,0,269,0,0,0,0,0,1,0
0,5,0,115,0,0,0,0,0,0,0
0,6,0,7,0,0,0,0,1,0,0
1,5,0,268,0,0,0,0,0,0,0
0,3,0,2,0,0,0,0,2,0,0
1,3,0,0,0,0,0,0,0,0,0
0,6,0,2,0,0,0,0,0,1,0
0,6,0,83,0,0,0,0,0,0,1
0,5,1,285,0,0,24,0,0,1,1
1,5,0,202,0,0,0,0,0,1,0
1,3,0,11,0,1,0,0,2,0,0
1,5,0,0,0,1,0,0,0,0,0
0,5,0,3,0,0,0,0,0,0,0
1,4,0,4,0,0,0,0,0,1,0
1,4,0,287,0,0,0,1,0,0,0
0,6,0,86,0,0,0,1,0,0,1
0,5,1,34,1,0,0,0,0,1,1
1,6,0,223,0,0,0,0,2,0,1
1,3,0,1,0,0,0,0,2,0,0
1,6,0,123,0,0,0,0,2,0,1
0,6,0,51,0,0,0,0,1,1,0
1,6,0,7,0,0,0,0,0,0,0
0,5,0,188,0,0,0,0,0,0,0
1,6,0,88,0,0,0,0,0,1,0
0,6,0,280,0,0,0,2,2,0,0
0,6,0,64,0,0,0,0,0,0,1
0,5,0,0,0,0,0,0,0,0,0
0,6,0,69,0,0,0,0,0,1,1
0,6,0,25,0,0,0,2,1,1,1
1,5,0,17,0,0,0,0,0,0,0
0,6,0,0,0,2,0,0,0,0,0
0,6,0,63,0,0,0,0,2,0,0
0,6,0,149,0,0,0,0,0,1,1
0,6,0,69,0,0,0,0,2,0,0
0,5,0,33,0,0,0,0,0,1,0
1,5,0,10,0,0,0,0,1,0,0
0,5,0,37,0,0,0,0,0,1,1
0,5,0,346,0,0,0,0,1,0,0
0,5,0,200,0,0,0,1,0,0,0
0,3,0,1,0,0,0,0,1,1,0
1,3,0,0,0,0,0,1,0,0,0
0,6,0,182,0,0,0,0,0,0,1
1,5,0,157,0,0,0,2,2,0,0
1,2,0,33,0,0,0,2,0,0,0
0,6,0,118,0,0,0,0,1,0,0
0,4,1,73,0,0,0,0,0,1,1
0,3,0,63,0,0,0,0,1,0,0
0,5,1,279,0,0,0,0,0,1,1
0,5,0,173,0,0,0,0,0,0,1
0,5,0,118,0,0,0,1,0,0,0
1,6,0,72,0,0,0,0,1,0,0
0,6,0,35,0,0,0,0,1,0,0
1,3,0,0,0,0,0,0,0,0,0
0,6,0,9,0,0,0,1,1,0,0
0,3,0,106,0,0,0,1,1,1,0
1,6,0,2,0,0,0,0,0,1,0
1,5,0,228,0,0,0,0,0,0,0
0,6,0,4,0,0,0,0,0,1,0
1,4,0,45,0,0,0,0,0,0,1
1,2,0,1,0,8,0,0,0,0,0
0,4,0,61,0,0,0,0,0,1,1
0,6,0,220,0,0,0,1,1,0,0
0,6,0,17,0,0,0,0,1,0,0
0,6,0,73,0,0,0,0,1,0,0
0,5,1,336,1,0,0,0,0,1,1
1,6,0,1,0,0,0,0,0,0,0
0,5,0,261,0,0,0,0,0,0,1
0,5,0,256,0,0,0,0,1,0,0
0,6,0,34,0,0,0,0,0,0,1
0,2,0,9,0,0,0,1,1,0,0
0,6,0,1,0,0,0,0,0,0,0
0,6,0,5,0,0,0,0,1,0,0
1,4,0,253,0,0,0,3,0,0,0
0,4,0,337,1,0,0,0,0,1,1
0,6,0,35,0,0,0,0,1,0,0
0,6,0,111,0,0,0,0,1,1,0
0,6,0,0,0,0,0,0,1,0,0
0,5,0,74,0,0,0,0,0,0,0
0,5,0,121,0,0,0,0,0,0,0
1,3,0,81,0,0,0,1,2,0,0
1,5,0,97,0,0,0,0,0,0,0
0,6,0,73,0,0,0,0,3,1,1
0,6,0,1,0,0,0,0,1,0,0
0,2,0,1,0,0,0,0,0,1,0
0,5,0,42,0,0,0,1,0,1,1
0,6,0,134,0,0,0,0,0,1,1
1,4,0,244,24,0,0,0,0,1,1
0,6,0,291,0,0,0,2,2,0,0
1,3,0,27,0,0,0,3,2,0,0
1,4,0,287,0,0,0,1,0,0,0
0,6,0,42,0,0,0,0,1,1,0
1,3,0,0,0,0,0,0,0,1,0
1,6,0,194,0,0,0,0,0,1,0
0,6,0,188,0,0,0,0,1,0,0
0,3,0,104,0,0,0,0,1,0,0
1,6,0,1,0,0,0,0,1,0,0
1,2,0,1,0,0,0,0,0,0,0
1,3,0,5,0,0,0,0,1,0,0
1,6,0,256,1,0,0,0,1,1,1
0,4,1,398,0,0,0,0,0,1,1
0,6,0,49,0,0,0,0,0,1,1
0,6,0,231,0,0,0,0,0,0,1
1,6,0,238,0,0,0,0,0,0,1
1,2,0,6,0,3,0,1,0,0,0
0,5,1,45,1,0,0,0,0,1,1
1,5,0,233,0,0,0,1,2,0,0
1,6,0,9,0,0,0,0,1,0,0
1,4,1,385,0,0,0,0,0,1,1
0,6,0,102,0,0,0,0,1,1,0
0,3,0,92,0,0,0,0,0,0,0
1,5,0,39,0,0,0,0,0,0,0
1,5,0,7,0,0,0,0,0,0,0
0,6,0,43,0,0,0,0,1,1,0
0,4,1,67,0,0,0,0,0,1,1
1,4,0,45,0,0,0,0,0,1,1
0,2,1,3,0,14,0,0,0,0,0
1,6,0,2,0,0,0,0,0,1,0
0,3,0,0,0,0,0,0,0,0,0
1,6,0,224,0,0,0,0,0,1,1
1,6,0,242,0,0,0,0,1,1,1
0,5,0,504,0,0,0,0,1,0,0
0,4,1,148,0,0,0,0,0,1,1
0,5,1,278,0,0,0,0,0,1,1
1,6,0,56,0,0,0,1,0,1,0
1,5,0,2,0,0,0,0,0,0,0
0,6,0,13,0,0,0,0,0,0,1
1,6,0,102,0,0,0,0,1,1,0
1,3,0,215,0,0,0,0,2,0,0
1,5,0,4,0,0,0,0,0,0,0
0,6,0,11,0,0,0,0,0,0,0
0,5,1,280,0,0,35,0,0,1,1
0,6,0,116,0,0,0,0,0,1,1
1,3,0,13,0,0,0,2,0,0,0
0,4,0,53,0,0,0,0,1,0,0
0,6,0,310,0,0,0,0,0,1,1
0,6,0,247,0,0,0,0,0,1,1
0,6,0,13,0,0,0,0,1,1,0
1,4,0,22,0,0,0,0,0,1,0
1,6,0,130,0,0,0,0,1,0,0
0,6,0,67,0,0,0,0,1,0,0
0,6,0,11,0,0,0,0,1,0,0
1,5,0,161,0,0,0,0,0,0,0
0,6,0,223,0,0,0,0,1,0,0
1,6,0,160,0,0,0,0,1,0,0
1,5,0,318,1,0,0,0,0,1,1
0,4,1,313,1,0,0,0,0,1,1
0,5,0,56,0,0,0,0,1,0,0
1,3,0,23,0,0,0,2,0,0,0
0,6,0,157,0,0,0,0,0,1,1
0,6,0,277,0,0,0,1,2,0,0
0,2,0,0,0,0,0,0,1,0,0
0,6,0,237,0,0,0,1,1,0,0
0,5,0,423,0,0,0,1,0,0,0
0,2,0,4,0,0,0,0,0,0,0
0,6,0,129,0,0,0,0,3,1,0
1,4,0,287,0,0,0,1,0,0,0
0,3,0,201,0,0,0,0,0,0,0
0,5,0,86,0,0,0,0,1,0,0
0,6,0,18,0,0,0,0,1,0,0
0,5,1,302,0,0,70,0,0,1,1
0,2,0,8,0,0,0,0,0,0,0
0,4,1,368,0,0,0,0,0,1,1
0,5,0,86,0,0,0,0,0,0,0
0,5,1,364,1,0,0,0,0,1,1
1,6,0,33,0,0,0,0,1,1,0
1,1,0,0,0,1,0,0,0,0,0
0,5,1,71,0,0,0,0,0,1,1
0,6,0,80,0,0,0,0,1,0,0
0,6,0,141,0,0,0,0,2,0,0
0,5,0,35,0,0,0,0,0,0,0
0,5,0,265,0,0,0,1,0,0,0
0,5,1,105,0,0,0,0,0,1,1
0,3,0,1,0,0,0,0,1,0,0
0,6,0,116,0,0,0,1,1,0,0
1,6,0,3,0,0,0,0,1,0,0
0,4,0,199,0,0,0,0,0,0,1
0,6,0,36,0,0,0,0,3,0,0
0,5,1,134,0,0,0,0,0,1,1
0,3,0,0,0,0,0,1,0,0,0
1,6,0,17,0,0,0,0,0,1,1
0,6,0,40,0,0,0,1,1,0,0
0,6,0,151,0,0,0,0,0,0,1
1,3,0,1,0,0,0,0,0,0,0
1,6,0,226,0,0,0,0,1,0,0
0,6,0,90,0,0,0,0,0,0,0
1,6,0,140,0,0,0,0,1,0,0
0,6,0,30,0,0,0,0,2,0,0
1,3,0,6,0,0,0,0,0,0,0
1,6,0,146,0,0,0,1,1,0,1
1,6,0,0,0,0,0,0,0,0,0
1,6,0,28,0,0,0,0,1,1,0
1,4,0,47,0,0,0,0,0,0,0
1,3,0,0,0,0,0,1,0,0,0
1,6,0,80,0,0,0,0,1,0,1
0,5,0,11,0,0,0,1,1,1,0
1,5,0,146,0,0,0,0,0,0,0
1,6,0,148,0,0,0,0,0,1,1
0,6,0,25,0,0,0,0,1,1,0
0,6,0,83,0,0,0,0,1,0,0
0,2,1,212,0,0,59,0,0,1,1
0,4,1,86,1,0,35,0,0,1,1
1,5,0,162,0,0,0,0,2,0,1
0,5,0,336,0,0,0,1,0,0,0
0,6,0,18,0,0,0,0,0,0,1
1,6,0,92,0,0,0,0,1,0,0
1,6,0,151,0,0,0,1,3,0,0
0,5,1,30,0,0,0,0,0,1,1
0,6,0,181,0,0,0,0,0,1,1
1,6,0,128,0,0,0,0,1,1,1
0,2,1,38,0,0,0,0,0,1,1
0,6,0,90,0,0,0,0,0,0,0
0,6,0,30,0,0,0,1,1,0,0
0,6,0,52,0,0,0,0,1,0,0
0,2,0,0,3,22,0,0,0,0,0
1,6,0,16,0,0,0,3,1,1,1
0,5,0,32,0,0,0,0,0,0,0
1,6,0,99,0,0,0,0,0,1,0
0,6,0,28,0,0,0,0,2,0,0
0,5,1,162,0,0,0,0,0,1,1
0,6,0,222,0,0,0,0,1,0,0
1,2,0,2,0,0,0,1,1,0,0
1,5,0,180,0,0,0,0,0,0,0
0,6,0,33,0,0,0,0,1,0,0
1,3,0,7,0,0,0,0,0,0,0
0,2,0,6,0,2,0,0,0,0,0
1,3,0,28,0,0,0,0,0,0,0
0,2,0,16,0,0,0,2,0,0,0
0,5,1,163,0,0,0,0,0,1,1
0,6,0,36,0,0,0,0,1,0,0
1,6,0,4,0,0,0,1,3,0,0
0,3,0,30,0,0,0,0,0,1,1
1,2,0,1,0,0,0,0,0,0,0
0,6,0,31,0,0,0,0,0,1,1
1,5,0,166,0,0,0,0,0,1,0
1,2,0,18,0,0,0,1,0,0,0
0,5,0,44,0,0,0,0,0,0,0
1,5,0,208,0,0,0,0,0,0,0
1,5,0,16,0,0,0,0,0,0,0
0,6,0,182,0,0,0,0,1,1,0
0,5,0,327,0,0,0,1,0,0,0
0,5,0,4,0,0,0,0,0,0,0
0,6,0,177,0,0,0,2,0,1,1
1,3,0,49,0,0,0,0,0,0,0
0,4,0,0,0,0,0,0,0,0,0
1,3,0,0,0,0,0,0,0,0,0
1,6,0,2,0,1,0,0,2,0,0
0,4,1,164,1,0,0,0,0,1,1
1,5,0,4,0,0,0,0,0,0,0
0,5,1,54,0,0,0,0,0,1,1
0,4,0,65,0,0,0,1,0,0,0
0,1,0,11,0,0,0,0,1,0,0
0,3,0,219,0,0,0,0,0,1,0
0,6,0,143,0,0,0,1,2,0,0
0,6,0,6,0,0,0,1,1,0,0
0,6,0,1,0,0,0,0,2,0,0
1,2,0,8,0,0,0,0,0,1,0
0,6,0,23,0,0,0,0,0,0,1
1,6,0,1,0,6,0,0,2,0,0
1,4,0,225,0,0,0,2,0,0,0
1,5,0,173,0,0,0,1,1,0,0
1,6,0,146,0,0,0,0,2,0,0
0,5,0,64,0,0,0,0,0,1,0
1,6,0,107,0,0,0,0,1,1,0
0,6,0,28,0,0,0,0,1,0,0
0,6,0,59,0,0,0,1,3,0,0
0,6,0,30,0,0,0,0,1,1,0
1,3,0,163,0,0,0,1,0,0,0
0,6,0,20,0,0,0,0,1,0,0
0,5,0,65,0,0,59,0,1,0,0
1,4,0,225,0,0,0,3,0,0,0
0,6,0,54,0,0,0,0,1,0,0
0,4,1,260,1,0,0,0,0,1,1
0,6,0,89,0,0,0,0,1,0,0
0,6,0,140,0,0,0,0,1,1,0
0,4,0,31,0,0,0,0,0,0,0
1,2,0,5,0,1,0,1,0,0,0
0,6,0,175,0,0,0,0,3,0,0
1,5,0,167,0,0,0,0,1,0,0
0,6,0,23,0,0,0,0,1,1,0
1,3,0,1,0,0,0,2,0,0,0
1,3,0,0,0,0,0,0,1,0,0
0,5,1,193,0,0,14,0,0,1,1
0,6,0,0,0,0,0,1,0,1,0
1,4,0,31,0,0,0,0,1,0,0
0,6,0,22,0,0,0,0,0,1,1
0,5,1,139,0,0,0,0,0,1,1
0,6,0,129,0,0,0,0,2,0,0
0,6,0,169,0,0,0,0,0,1,1
1,6,0,0,0,0,0,0,0,0,0
0,6,0,56,0,0,0,0,0,1,1
1,6,0,55,0,0,0,1,1,0,0
1,4,0,3,0,0,0,0,0,0,0
0,5,1,204,0,0,96,0,0,1,1
0,6,0,107,0,0,0,0,1,0,0
1,6,0,185,0,0,0,2,2,0,0
1,5,0,154,0,0,0,0,2,0,0
1,5,0,24,0,0,0,0,0,1,0
0,2,0,21,0,0,0,0,0,0,0
0,5,1,15,0,0,0,0,0,1,1
1,5,0,60,0,0,0,0,3,0,0
1,6,0,53,0,0,0,0,1,0,0
1,6,0,210,0,0,0,0,1,0,0
0,6,0,43,0,0,0,0,0,0,1
0,6,0,5,0,0,0,0,0,0,0
1,4,1,143,0,0,0,0,0,1,1
1,4,0,100,0,0,0,0,0,1,1
1,5,0,45,0,0,0,0,1,0,0
0,6,0,60,0,0,0,1,1,0,0
0,6,0,11,0,0,0,0,0,1,0
0,2,0,0,0,0,0,0,0,1,0
1,6,0,183,0,0,0,1,0,0,0
1,5,0,147,0,0,0,0,0,0,0
0,6,0,79,0,0,0,0,0,0,1
1,3,0,0,0,0,0,0,0,0,0
1,4,0,9,0,0,0,0,0,1,1
0,6,0,68,0,0,0,0,0,1,1
1,3,0,0,0,0,0,0,0,0,0
1,6,0,220,0,0,0,0,1,0,0
0,6,0,8,0,0,0,0,1,0,0
0,6,0,211,0,0,0,0,2,0,0
1,2,0,17,0,0,0,2,0,0,0
1,6,0,125,0,0,0,0,2,0,1
0,4,1,368,0,0,0,0,0,1,1
0,6,0,11,1,0,0,0,1,1,1
1,4,0,0,0,0,0,2,0,0,0
1,3,0,51,0,0,0,1,2,0,0
0,6,0,83,0,0,0,0,1,0,0
0,6,0,40,0,0,0,0,3,0,0
1,3,0,156,0,0,0,3,1,0,0
0,2,0,2,1,10,0,0,1,0,0
0,5,1,273,0,0,0,0,0,1,1
1,5,0,279,0,0,0,0,0,0,1
0,6,0,88,0,0,0,0,0,1,1
0,6,0,16,0,0,0,0,0,1,1
0,5,0,94,0,0,0,0,1,0,0
1,6,0,49,0,0,0,0,1,0,0
0,6,0,12,0,0,0,0,1,0,0
0,6,0,16,0,0,0,1,0,0,0
0,6,0,11,0,0,0,0,1,1,0
1,5,0,2,0,0,0,3,0,0,0
1,6,0,15,0,1,0,0,1,0,0
0,3,0,91,0,0,0,2,0,0,0
1,5,1,275,26,0,0,0,0,1,1
1,6,0,0,0,0,0,0,0,1,0
0,5,1,188,0,0,39,0,0,1,1
0,6,0,336,0,0,0,0,0,1,1
0,5,1,304,0,0,0,0,0,1,1
0,3,0,21,0,0,0,2,0,0,0
0,6,0,198,0,0,0,2,3,0,0
0,4,0,316,0,0,0,0,0,0,0
0,6,0,184,0,0,0,0,1,1,0
0,5,1,433,0,0,0,0,0,1,1
0,5,1,305,0,0,0,0,0,1,1
1,6,0,142,0,0,0,0,0,0,1
1,3,0,21,0,0,0,1,0,0,0
0,5,0,16,0,0,0,0,0,1,0
1,6,0,232,0,0,0,0,0,1,1
1,6,0,196,0,0,0,0,2,1,0
0,5,0,177,0,0,0,0,0,0,1
0,5,1,221,1,0,15,0,0,1,1
0,6,0,161,0,0,0,0,0,1,1
0,6,0,296,0,0,0,0,1,1,0
0,2,0,86,0,0,0,0,0,0,0
0,4,0,518,0,0,0,0,1,0,0
0,6,0,54,0,0,0,0,1,0,0
0,6,0,0,0,0,0,1,0,0,0
0,5,0,2,0,0,0,1,0,0,0
0,6,0,72,0,0,0,2,1,1,1
0,6,0,109,0,0,0,0,2,0,0
0,6,0,59,0,0,0,0,0,0,1
1,6,0,187,0,0,0,0,0,1,1
0,5,0,107,0,0,0,0,1,0,0
0,2,0,1,0,0,0,0,0,1,0
0,2,0,0,0,0,0,0,0,0,0
1,5,0,139,0,0,0,0,0,0,0
0,6,0,16,0,0,0,0,1,0,0
1,2,0,26,0,1,0,3,0,0,0
0,6,0,296,0,0,0,0,0,0,1
0,3,0,188,0,0,0,0,0,0,0
1,5,0,139,0,0,0,0,0,0,0
1,5,0,0,0,0,0,0,0,0,0
1,6,0,1,0,0,0,0,1,0,0
0,3,0,0,0,0,0,2,0,0,0
0,6,0,89,0,0,0,0,2,1,0
0,3,0,365,0,0,0,0,0,1,1
0,6,0,160,0,0,0,0,0,1,1
1,6,0,0,0,0,0,0,0,1,0
0,6,0,85,0,0,0,0,0,1,1
1,6,0,41,0,0,0,1,1,0,0
1,6,0,27,0,0,0,0,0,0,1
0,6,0,92,0,0,0,1,2,1,0
0,6,0,46,0,0,0,0,0,1,1
0,6,0,16,0,0,0,0,1,0,0
0,6,0,78,0,0,0,0,2,0,0
0,6,0,36,0,0,0,0,2,0,0
1,3,0,2,0,0,0,0,0,1,0
1,5,0,50,0,0,0,0,1,0,0
0,5,1,188,0,0,39,0,0,1,1
0,5,0,159,0,0,0,0,1,0,0
0,4,1,86,1,0,35,0,0,1,1
0,6,0,248,0,0,0,0,0,1,1
1,6,0,1,0,0,0,0,1,0,0
0,3,0,54,0,0,0,0,1,0,0
0,6,0,131,0,0,0,0,1,0,0
0,6,0,35,0,0,0,0,0,1,1
0,6,0,27,0,0,0,1,1,0,0
0,6,0,37,0,0,0,0,1,0,0
1,5,0,305,0,0,0,0,1,1,0
1,3,0,98,0,0,0,1,0,0,0
0,6,0,0,0,0,0,0,0,0,0
0,6,0,40,0,0,0,0,0,1,1
0,5,0,189,0,0,0,0,0,0,0
0,6,0,15,0,0,0,0,0,0,1
1,6,0,47,0,0,0,0,2,0,1
0,5,1,304,0,0,0,0,0,1,1
0,6,0,17,0,0,0,0,1,0,0
0,6,0,46,0,0,0,0,1,0,0
1,6,0,120,0,0,0,0,1,1,1
0,6,0,38,0,0,0,0,1,1,0
1,2,0,1,0,0,0,0,0,0,0
0,6,0,1,0,0,0,0,1,0,0
0,5,0,54,0,0,0,0,0,0,0
0,4,0,323,1,0,0,0,0,1,1
1,2,0,3,0,2,0,1,0,0,0
1,4,0,254,0,0,0,0,0,0,0
0,6,0,122,0,0,0,1,2,0,0
0,3,0,121,0,0,0,0,1,0,0
1,1,0,5,0,0,0,0,2,0,0
1,4,0,31,0,0,0,0,0,0,0
1,2,0,5,0,0,0,0,0,0,0
0,6,0,11,0,0,0,0,2,1,0
0,6,0,99,0,0,0,0,1,0,0
0,4,0,47,0,0,0,0,0,0,0
0,4,0,72,0,0,0,0,0,0,0
0,5,0,5,0,0,0,1,1,0,0
0,6,0,145,0,0,0,0,1,0,0
0,5,0,1,0,0,0,0,0,0,0
0,6,0,63,0,0,0,1,0,0,0
0,6,0,149,0,0,0,0,1,1,0
0,5,0,8,0,0,0,0,0,0,0
0,4,0,215,0,0,0,1,0,0,0
1,6,0,82,0,0,0,0,1,0,0
1,4,0,225,0,0,0,2,0,0,0
1,5,0,29,0,0,0,0,0,1,0
0,2,1,153,0,0,0,0,0,1,1
1,3,0,1,0,0,0,0,1,0,0
1,3,0,0,0,0,0,0,0,0,0
0,6,0,0,0,0,0,1,0,0,0
1,5,0,167,0,0,0,0,0,0,0
0,6,0,159,0,0,0,0,1,0,0
0,2,0,0,0,0,0,0,0,0,0
1,5,0,49,0,0,0,0,0,0,0
0,5,0,37,0,0,0,0,0,1,1
0,6,0,33,0,0,0,0,1,0,0
0,6,0,72,0,0,0,0,0,0,1
0,3,0,0,0,0,0,0,0,0,0
0,6,0,8,0,0,0,0,0,0,0
0,5,0,144,0,0,0,0,1,0,0
1,6,0,143,0,0,0,1,2,1,0
1,3,0,0,0,0,0,1,0,0,0
0,0,0,9,0,1,0,0,0,0,0
0,6,0,95,0,0,0,0,2,1,0
0,4,0,269,1,0,0,0,0,1,1
0,6,0,159,0,0,0,2,0,0,1
1,6,0,19,0,0,0,0,2,0,0
0,3,0,0,0,0,0,0,0,0,0
0,4,1,316,0,0,0,0,0,1,1
0,6,0,14,0,0,0,0,0,1,1
1,6,0,60,0,0,0,0,1,1,0
1,6,0,3,0,0,0,0,1,0,0
0,2,0,22,0,0,0,0,0,0,0
1,6,0,17,0,0,0,1,2,0,0
0,6,0,308,0,0,0,0,1,0,0
0,6,0,300,0,0,0,6,1,0,0
0,6,0,64,0,0,0,0,1,0,0
0,6,0,114,0,0,0,0,0,0,1
1,3,0,33,0,0,0,0,2,0,0
0,6,0,0,0,0,0,0,2,0,0
0,6,0,141,0,0,0,2,2,0,0
1,5,0,132,0,0,0,0,0,0,0
0,2,0,55,0,0,0,0,0,0,0
0,4,0,137,0,0,0,0,1,0,0
0,6,0,37,0,0,0,0,1,1,0
1,6,0,1,0,0,0,0,1,0,0
1,5,0,310,0,0,0,0,0,1,0
0,5,0,71,0,0,0,0,0,1,0
1,6,0,28,0,0,0,0,1,0,0
0,3,0,10,0,0,0,0,0,0,0
0,3,0,0,0,0,0,1,2,0,0
0,6,0,60,0,0,0,0,0,1,1
0,6,0,183,0,0,0,1,1,1,0
1,3,0,7,0,4,0,0,1,0,0
0,6,0,52,0,0,0,0,0,1,1
0,0,0,5,0,0,0,2,0,0,0
1,5,0,7,0,0,0,0,1,0,0
0,6,0,214,0,0,0,0,0,1,1
1,6,0,21,0,0,0,0,0,0,1
0,6,0,0,0,0,0,0,0,0,0
1,6,0,13,0,0,0,0,0,0,1
0,4,0,18,0,0,0,0,0,0,0
0,5,0,203,0,0,0,0,1,0,0
0,6,0,151,0,0,0,0,1,1,0
0,6,0,16,0,0,0,0,1,1,0
1,6,0,145,0,0,0,0,1,0,0
0,5,1,393,0,0,0,0,0,1,1
0,3,0,246,0,0,0,0,0,1,1
1,6,0,1,0,0,0,0,0,0,0
0,5,1,211,0,0,111,0,0,1,1
1,5,0,193,0,0,0,0,1,0,0
0,5,0,109,0,0,0,0,0,0,0
0,6,0,19,0,0,0,0,1,0,0
0,6,0,138,0,0,0,0,1,0,0
0,6,0,89,0,0,0,0,2,0,0
0,5,0,40,0,0,0,0,0,1,0
0,6,0,12,0,0,0,0,3,0,0
0,6,0,31,0,0,0,0,1,0,0
0,6,0,288,0,0,0,0,1,1,1
0,6,0,78,0,0,0,2,0,1,1
0,6,0,40,0,0,0,0,0,1,1
0,4,1,87,0,0,0,0,0,1,1
0,2,0,4,0,0,0,1,0,0,0
0,4,0,147,1,0,0,0,0,1,1
1,6,0,92,0,0,0,0,0,1,1
0,5,1,150,0,0,0,0,0,1,1
0,6,0,6,0,0,0,0,1,0,0
0,3,0,85,0,0,0,0,1,0,0
0,6,0,21,0,0,0,1,0,0,0
0,5,0,6,0,0,0,0,0,0,0
0,6,0,4,0,0,0,0,1,0,0
0,4,1,266,0,0,32,0,0,1,1
0,3,0,0,0,0,0,0,0,0,0
1,6,0,3,0,0,0,0,2,0,0
0,4,1,420,0,0,0,0,0,1,1
0,5,0,73,0,1,0,0,0,0,0
0,5,1,161,0,0,101,0,0,1,1
1,3,0,27,0,0,0,0,1,0,0
1,5,0,145,0,0,0,0,0,0,0
0,5,0,9,0,0,0,0,0,0,0
0,6,0,76,0,0,0,0,1,0,0
0,5,0,301,0,0,0,0,1,0,0
0,4,1,179,0,0,0,0,0,1,1
0,6,0,4,0,0,0,0,1,0,0
1,6,0,69,0,0,0,2,1,0,0
1,6,0,155,0,0,0,0,0,1,1
0,3,0,278,0,0,0,0,0,1,1
0,6,0,19,0,0,0,0,1,1,0
0,6,0,108,0,0,0,0,0,1,0
0,6,0,145,0,0,0,0,2,1,1
0,6,0,43,0,0,0,0,2,0,0
0,3,0,0,0,0,0,0,0,0,0
1,4,0,302,0,0,0,0,0,1,1
0,4,1,67,0,0,0,0,0,1,1
0,6,0,253,0,0,0,0,2,1,0
0,6,0,147,0,0,0,0,1,1,0
1,4,0,222,0,0,0,0,0,0,0
1,6,0,11,0,1,0,0,2,0,0
0,3,0,55,0,0,0,0,1,1,0
1,5,0,29,0,0,0,0,0,0,0
1,6,0,64,0,0,0,1,2,0,0
0,6,0,8,0,0,0,0,1,0,0
0,5,0,14,0,0,0,0,0,0,0
0,3,0,50,0,0,0,2,0,0,1
0,5,0,244,1,0,0,0,0,1,1
0,5,0,247,0,0,0,0,1,0,0
0,4,1,165,0,0,0,0,0,1,1
0,4,0,149,0,0,0,0,0,1,1
0,6,0,19,0,0,0,0,0,1,1
0,5,1,258,0,0,0,0,0,1,1
0,6,0,59,0,0,0,0,0,0,1
0,5,1,69,0,0,0,0,0,1,1
1,6,0,91,0,0,0,0,1,0,0
1,4,0,5,0,0,0,0,0,0,0
0,4,1,391,0,0,0,0,0,1,1
1,5,0,66,0,0,0,0,1,0,0
0,3,0,15,0,0,0,0,0,0,0
0,3,0,0,0,2,0,0,0,0,0
0,5,1,45,1,0,0,0,0,1,1
1,3,0,93,0,0,0,2,1,0,0
1,5,0,200,0,0,0,0,0,0,1
0,6,0,4,0,0,0,0,2,0,0
0,6,0,45,0,0,0,0,2,0,0
0,2,0,54,0,0,0,1,0,0,0
0,3,0,96,0,0,0,0,1,0,1
1,6,0,19,0,0,0,0,0,1,0
0,4,1,205,0,0,0,0,0,1,1
0,6,0,114,0,0,0,0,0,1,1
1,3,0,0,0,0,0,1,0,0,0
0,6,0,0,0,0,0,0,1,0,0
0,4,1,358,1,0,0,0,0,1,1
0,5,0,182,0,0,0,0,1,0,0
1,5,0,190,0,0,0,1,2,1,0
1,4,0,211,0,0,0,0,0,1,0
0,3,0,14,0,0,0,1,1,0,0
0,4,0,189,0,0,0,0,0,0,0
0,6,0,22,0,0,0,0,0,1,1
0,2,0,7,0,0,0,0,3,0,0
0,6,0,2,0,0,0,0,0,0,0
0,4,1,165,1,0,0,0,0,1,1
0,6,0,19,0,0,0,0,1,0,0
1,6,0,1,0,0,0,0,1,0,0
0,4,0,132,0,0,0,0,0,0,0
0,3,0,1,0,0,0,0,0,0,0
0,6,0,18,0,0,0,0,1,0,0
0,6,0,69,0,0,0,0,0,1,1
0,5,0,57,0,0,0,0,0,0,0
0,5,0,140,0,0,0,2,0,0,0
0,6,0,256,0,0,0,1,0,0,0
0,4,0,323,1,0,0,0,0,1,1
0,3,0,6,0,0,0,0,1,1,0
1,6,0,106,0,0,0,0,0,0,1
1,2,0,21,0,0,0,0,0,0,0
0,5,0,143,0,0,0,0,0,0,0
1,6,0,55,0,0,0,0,0,1,1
0,6,0,96,0,0,0,0,2,0,0
0,4,0,208,0,0,0,2,0,0,0
1,4,0,32,0,0,0,0,0,1,0
0,6,0,15,0,0,0,0,2,0,0
0,6,0,76,0,0,0,1,1,0,0
0,2,0,5,0,0,0,0,0,0,0
1,6,0,301,0,0,0,0,2,1,0
1,6,0,22,0,0,0,0,1,0,0
0,6,0,8,0,0,0,0,0,1,0
1,4,0,289,0,0,0,0,0,1,0
0,5,1,245,0,0,0,0,0,1,1
0,5,0,140,0,0,0,0,1,0,0
0,5,1,188,0,0,39,0,0,1,1
0,5,0,310,0,0,0,1,0,0,0
0,5,0,91,0,0,0,0,0,1,0
0,6,0,82,0,0,0,0,0,0,1
0,6,0,32,0,2,0,0,1,0,0
1,6,0,152,0,0,0,0,2,0,0
1,5,0,4,0,0,0,0,0,0,0
1,6,0,48,0,0,0,0,1,0,0
0,4,1,277,0,0,0,0,0,1,1
0,4,0,75,0,0,0,0,0,0,1
0,6,0,7,0,0,0,0,0,1,0
1,4,1,149,0,0,0,0,0,1,1
0,4,1,475,0,0,0,0,0,1,1
0,6,0,19,0,0,0,0,0,1,1
0,4,0,409,0,0,0,0,1,0,0
0,4,1,67,0,0,0,0,0,1,1
1,5,0,107,0,0,0,0,0,1,0
0,5,0,13,0,0,0,0,1,0,0
0,6,0,1,0,0,0,0,0,0,0
1,6,0,125,0,0,0,0,0,1,1
1,3,0,0,0,0,0,0,0,0,0
0,6,0,19,0,0,0,0,2,0,0
0,2,0,0,0,0,0,0,0,0,0
1,4,1,274,1,0,0,0,0,1,1
1,3,0,0,0,0,0,0,0,0,0
1,2,0,3,1,3,0,3,0,1,0
0,4,1,164,0,0,0,0,0,1,1
0,5,1,336,1,0,0,0,0,1,1
0,4,0,41,0,0,0,1,0,0,0
0,5,0,58,0,0,0,0,1,0,0
0,5,0,17,0,0,17,0,0,0,0
0,5,1,407,0,0,0,0,0,1,1
1,5,0,41,0,0,0,0,0,0,0
0,5,0,35,0,0,0,0,0,0,0
0,3,0,131,0,0,0,0,0,0,0
0,4,1,283,1,0,0,0,0,1,1
0,6,0,133,0,0,0,0,0,0,1
0,5,0,256,0,0,0,1,0,0,0
0,4,1,461,0,0,0,0,0,1,1
1,4,1,211,0,0,0,0,0,1,1
0,4,0,213,0,0,0,1,0,0,0
1,6,0,171,0,0,0,0,1,1,0
0,5,0,292,0,0,0,1,0,0,0
0,5,1,102,0,0,0,0,0,1,1
1,5,0,91,0,0,0,0,0,0,0
0,6,0,27,0,0,0,0,1,0,0
0,5,0,247,0,0,0,1,0,0,0
1,6,0,1,0,0,0,0,0,1,0
0,6,0,47,0,0,0,0,0,1,1
0,6,0,161,0,0,0,2,0,1,0
1,6,0,172,0,0,0,1,0,1,1
1,2,0,12,0,0,0,0,0,1,0
0,6,0,166,1,0,0,0,1,1,1
0,6,0,197,0,0,0,2,1,1,1
1,6,0,24,0,0,0,0,1,0,0
1,6,0,4,0,0,0,0,2,0,0
0,4,0,220,0,0,0,0,1,0,0
1,4,0,5,0,0,0,0,0,0,0
0,4,0,139,0,0,87,4,0,0,0
0,3,0,9,0,0,0,0,2,0,0
1,3,0,218,0,0,0,1,1,0,0
1,6,0,257,0,0,0,0,0,1,1
0,6,0,117,0,0,0,0,1,0,0
0,5,1,152,0,0,0,0,0,1,1
1,6,0,36,0,0,0,0,0,1,1
0,2,0,2,0,2,0,0,1,0,0
0,5,0,112,0,0,0,0,0,0,0
0,6,0,4,0,0,0,0,1,0,0
0,6,0,0,0,0,0,0,1,0,0
1,4,0,3,0,0,0,0,0,0,0
0,6,0,36,0,0,0,0,1,1,0
0,6,0,220,0,0,0,0,1,1,0
0,5,0,39,0,0,0,0,0,1,1
1,6,0,58,0,0,0,0,1,0,0
0,5,0,182,0,0,0,1,0,0,0
0,5,0,118,0,0,0,1,0,0,0
0,6,0,99,0,0,0,0,2,0,0
1,6,0,336,0,0,0,0,1,1,1
0,4,1,299,1,0,0,0,0,1,1
0,6,0,6,0,0,0,0,0,0,0
0,5,0,101,0,0,0,0,0,0,0
0,5,0,39,0,0,0,0,0,1,1
0,5,0,151,0,0,0,0,0,0,0
0,5,0,111,0,0,0,0,0,1,1
0,5,0,199,1,0,0,0,0,1,1
0,6,0,2,0,0,0,0,1,0,0
1,6,0,79,0,0,0,0,1,0,0
1,3,0,48,0,0,0,0,0,1,0
0,4,1,67,0,0,0,0,0,1,1
0,5,0,0,0,0,0,0,0,0,0
1,6,0,22,0,0,0,0,0,0,1
0,6,0,58,0,0,0,0,1,1,0
1,6,0,237,0,0,0,0,0,1,1
0,4,0,15,0,0,0,2,0,0,0
1,3,0,0,0,0,0,0,0,0,0
0,3,0,14,0,0,0,2,1,0,0
0,5,0,55,0,0,0,2,0,0,0
0,6,0,20,0,0,0,0,0,0,1
0,6,0,74,0,0,0,0,1,0,0
0,4,0,114,0,0,0,0,0,0,0
1,5,1,253,1,0,0,0,0,1,1
1,6,0,60,0,0,0,0,0,1,1
0,5,0,115,0,0,0,0,0,0,0
0,2,0,1,0,1,0,0,0,0,0
0,6,0,12,0,0,0,0,0,1,1
0,3,0,10,0,0,0,0,1,0,0
0,6,0,23,0,0,0,0,3,0,0
1,6,0,224,0,0,0,0,2,0,1
0,6,0,21,0,0,0,0,0,0,1
1,6,0,35,0,0,0,0,1,1,0
0,6,0,166,0,0,0,0,1,0,0
0,6,0,8,0,0,0,0,0,1,0
0,6,0,41,0,0,0,0,1,0,0
0,4,0,84,0,0,0,1,0,0,0
0,5,0,5,0,0,0,1,1,1,0
0,5,0,219,0,0,0,0,0,0,0
0,4,0,1,0,0,0,0,0,0,0
1,6,0,44,0,0,0,0,0,1,1
0,5,0,175,0,0,0,0,0,0,0
0,6,0,58,0,0,0,0,1,0,0
0,6,0,263,0,0,0,0,2,0,0
1,3,0,4,0,2,0,0,0,0,0
1,5,0,51,0,0,0,0,1,0,0
0,5,0,153,0,0,0,0,0,0,0
1,5,0,77,0,0,0,0,0,1,0
0,6,0,35,0,0,0,0,1,1,0
0,3,0,1,0,0,0,0,0,0,0
0,6,0,90,0,0,0,0,3,0,0
1,5,0,74,0,0,0,0,0,0,0
1,5,0,47,0,0,0,0,0,0,0
1,4,0,112,0,0,0,0,0,0,0
0,6,0,20,0,0,0,0,1,1,0
1,5,0,239,0,0,0,0,0,0,0
1,3,0,7,0,0,0,0,1,0,0
0,6,0,97,0,0,0,0,2,0,0
0,6,0,159,0,0,0,0,1,0,0
0,6,0,171,0,0,0,3,1,0,1
0,6,0,74,0,0,0,5,1,0,0
0,4,1,226,0,0,0,0,0,1,1
1,6,0,321,0,0,0,0,1,0,1
1,3,0,0,0,0,0,0,0,0,0
0,6,0,10,0,0,0,0,0,1,1
0,6,0,0,0,0,0,0,1,0,0
0,6,0,0,0,0,0,0,0,0,0
0,5,1,166,0,0,0,0,0,1,1
0,3,0,12,0,0,0,1,0,0,0
1,3,0,0,0,1,0,0,0,0,0
0,6,0,91,0,0,0,1,4,0,0
0,6,0,82,0,0,0,0,2,0,0
1,6,0,134,0,0,0,0,0,1,1
0,5,0,29,0,0,0,0,1,0,0
1,6,0,49,0,0,0,1,0,0,0
1,3,0,0,0,1,0,0,0,0,0
0,5,0,6,0,0,0,0,0,0,0
0,5,0,257,0,0,0,0,0,0,0
1,6,0,89,0,0,0,0,0,0,1
0,5,0,320,0,0,0,1,0,0,0
1,4,0,22,0,0,0,0,0,1,0
0,6,0,19,0,0,0,0,1,0,0
0,4,1,121,0,0,0,0,0,1,1
0,5,0,44,0,0,0,0,1,0,0
1,6,0,305,0,0,0,0,1,0,1
1,5,0,177,0,0,0,0,0,0,0
1,3,0,0,0,0,0,2,1,0,0
0,6,0,12,0,0,0,1,0,1,0
1,6,0,25,0,0,0,0,1,0,0
1,6,0,139,0,0,0,0,0,1,1
1,6,0,39,0,0,0,0,1,0,0
0,6,0,42,0,0,0,0,2,0,0
0,6,0,153,0,0,0,0,0,1,0
1,6,0,209,0,0,0,3,1,1,1
1,5,0,368,0,0,0,0,0,1,0
0,6,0,264,0,0,0,0,0,1,1
0,5,0,90,0,0,0,0,0,0,0
0,5,0,327,0,0,0,0,0,0,0
0,5,0,160,0,0,0,0,2,1,0
0,6,0,192,0,0,0,0,0,0,1
0,3,0,9,0,0,0,0,0,0,0
0,3,0,6,0,0,0,0,2,0,0
0,5,0,395,0,0,0,0,0,0,1
0,3,0,158,0,0,0,0,0,0,0
1,6,0,41,0,0,0,0,2,0,0
0,3,0,86,0,0,0,0,0,0,0
0,6,0,144,0,0,0,0,0,0,1
0,4,0,21,0,0,0,0,0,0,0
0,6,0,91,0,0,0,0,0,0,1
1,6,0,3,0,0,0,0,0,0,0
0,6,0,1,0,0,0,0,0,0,0
0,4,1,398,0,0,0,0,0,1,1
0,5,0,96,0,0,0,0,0,1,0
1,3,0,156,0,0,0,0,1,1,1
1,6,0,66,0,0,0,0,1,0,0
0,5,1,19,1,0,0,0,0,1,1
0,6,0,1,0,0,0,1,0,0,0
1,6,0,154,0,0,0,0,3,0,0
0,6,0,4,0,0,0,0,2,1,0
1,3,0,70,0,0,0,0,0,1,0
0,2,0,62,0,0,0,0,0,0,0
0,5,0,58,1,0,0,0,0,1,1
1,4,0,8,0,0,0,1,1,0,0
0,4,0,36,0,0,0,2,0,0,0
0,6,0,2,11,4,0,0,0,0,0
1,6,0,194,0,0,0,0,0,0,0
0,4,0,262,1,0,0,0,0,1,1
0,6,0,11,0,0,0,0,2,1,0
0,5,1,314,0,0,68,0,0,1,1
1,6,0,41,0,0,0,0,1,1,0
1,6,0,10,0,0,0,0,1,0,0
0,6,0,9,0,0,0,0,1,0,0
0,2,1,69,0,0,0,0,0,1,1
1,5,0,167,0,0,0,0,0,0,0
1,2,0,0,0,2,0,0,0,0,0
1,3,0,1,0,0,0,1,2,0,0
1,6,0,57,0,0,0,0,0,0,1
0,6,0,23,0,0,0,1,1,0,0
1,4,0,30,0,0,0,0,0,1,0
1,6,0,18,0,0,0,0,0,1,1
0,5,0,192,0,0,0,0,0,0,0
1,3,0,247,0,0,0,0,0,1,1
0,4,0,35,0,0,0,0,0,0,1
1,3,0,273,0,0,0,0,1,0,0
1,6,0,111,0,0,0,0,2,0,0
0,6,0,100,0,0,0,0,2,0,0
0,2,0,2,0,0,0,0,0,0,0
0,6,0,219,0,0,0,0,3,1,1
0,6,0,69,0,0,0,0,2,0,0
0,5,0,172,0,0,0,0,1,0,0
0,6,0,96,0,0,0,0,0,0,1
0,6,0,294,0,0,0,0,2,1,1
0,6,0,64,0,0,0,0,1,1,0
0,6,0,10,0,0,0,0,0,1,1
1,4,0,287,0,0,0,1,0,0,0
1,4,1,259,1,0,0,0,0,1,1
0,5,0,186,0,0,0,0,0,0,0
1,4,0,214,0,0,0,1,0,0,0
0,6,0,53,0,0,0,0,0,0,1
0,6,0,197,0,0,0,0,0,1,1
1,3,0,40,0,0,0,2,0,0,0
1,6,0,73,0,0,0,0,2,0,1
0,6,0,152,0,0,0,0,1,0,0
1,2,0,0,0,3,0,0,0,0,0
1,6,0,16,0,0,0,0,0,1,1
1,3,0,0,0,0,0,0,2,0,0
0,6,0,65,0,0,0,0,1,0,0
0,2,0,1,0,0,0,0,0,0,0
0,6,0,235,0,0,0,0,2,0,0
0,5,0,31,0,0,0,0,0,0,0
0,4,0,271,0,0,0,0,0,0,0
1,5,0,38,0,0,0,0,0,0,0
0,5,0,93,0,0,0,1,0,0,0
1,5,0,125,0,0,0,0,0,0,0
0,6,0,90,0,0,0,1,0,0,0
0,6,0,21,0,0,0,0,1,1,0
1,6,0,9,0,0,0,0,1,1,0
0,5,0,386,0,0,0,0,1,0,0
1,3,0,85,0,0,0,0,1,0,0
0,5,0,55,0,0,0,0,0,0,0
0,3,0,163,0,0,0,0,1,0,1
0,5,0,28,0,0,0,1,0,0,0
0,4,1,243,0,0,0,0,0,1,1
0,5,0,142,0,0,0,0,1,0,0
0,6,0,165,0,0,0,1,0,0,0
0,6,0,77,0,0,0,0,2,1,0
0,5,0,0,0,0,0,1,0,0,0
0,6,0,115,0,0,0,0,2,1,0
0,5,1,169,0,0,0,0,0,1,1
0,6,0,31,0,0,0,0,1,1,0
0,6,0,187,0,0,0,0,0,1,1
0,6,0,49,0,0,0,0,1,1,0
1,6,0,187,0,0,0,0,2,1,0
0,3,0,246,0,0,0,1,0,0,0
0,6,0,167,0,0,0,0,3,0,0
1,2,0,7,0,1,0,0,0,0,0
0,5,0,47,0,0,0,0,1,0,0
0,6,0,307,0,0,0,0,1,1,1
1,5,0,166,0,0,0,0,0,0,0
0,6,0,1,0,0,0,0,0,1,0
0,6,0,361,1,0,0,0,0,1,1
1,6,0,27,0,0,0,0,0,0,1
1,4,1,183,0,0,0,0,0,1,1
0,4,1,277,0,0,0,0,0,1,1
0,5,0,45,0,0,0,0,0,0,0
0,5,1,275,0,0,0,0,0,1,1
0,6,0,133,0,0,0,0,1,0,0
0,6,0,186,0,0,0,1,2,0,1
0,5,0,46,0,0,0,0,0,0,0
0,6,0,60,0,0,0,1,2,0,1
0,6,0,210,0,0,0,4,2,0,0
0,6,0,39,0,0,0,0,1,0,0
0,4,1,372,0,0,0,0,0,1,1
0,5,0,12,0,0,0,0,1,0,0
0,6,0,163,0,0,0,0,2,0,0
0,6,0,47,0,0,0,0,0,0,1
1,3,0,5,0,0,0,0,0,0,0
1,4,0,203,0,0,0,0,0,1,0
1,6,0,37,0,0,0,0,0,0,0
0,6,0,56,0,0,0,0,0,1,1
0,6,0,4,0,0,0,0,2,0,0
0,6,0,97,0,0,0,0,1,0,0
0,6,0,187,0,0,0,0,0,1,1
0,4,0,4,0,0,0,0,0,0,0
0,6,0,11,0,0,0,0,0,1,0
0,6,0,11,0,0,0,0,0,0,0
0,4,1,68,1,0,0,0,0,1,1
0,4,0,16,0,0,0,1,0,0,0
1,6,0,9,0,0,0,0,2,0,0
0,5,0,303,0,0,0,0,0,1,1
0,4,0,84,0,0,0,0,0,0,0
0,6,0,14,0,0,0,0,2,0,0
0,6,0,6,0,0,0,0,1,1,0
0,6,0,19,0,0,0,0,2,0,0
1,3,0,0,0,3,0,1,0,0,0
0,5,0,18,0,0,0,1,2,1,1
0,5,1,433,0,0,0,0,0,1,1
0,5,0,192,0,0,0,2,0,0,0
0,6,0,17,0,0,0,0,1,1,0
0,6,0,6,0,0,0,0,1,0,0
1,6,0,116,0,0,0,0,0,0,1
0,4,1,328,1,0,0,0,0,1,1
0,6,0,0,0,0,0,0,0,0,0
0,4,0,75,0,0,0,4,0,0,0
0,6,0,0,0,0,0,1,0,0,0
1,6,0,15,0,0,0,0,1,0,0
0,4,1,92,0,0,0,0,0,1,1
1,3,0,118,0,0,0,0,1,0,0
0,5,0,45,0,0,0,0,0,0,0
1,4,0,468,1,0,0,0,0,1,1
0,6,0,73,0,0,0,0,0,0,1
0,4,0,79,0,0,0,0,0,0,0
1,6,0,38,0,0,0,0,0,1,1
0,6,0,9,0,0,0,0,0,0,1
0,3,0,0,0,0,0,0,0,0,0
0,6,0,71,0,0,0,2,2,0,0
1,5,0,36,0,0,0,1,0,0,0
0,6,0,2,0,0,0,0,1,0,0
1,6,0,0,0,0,0,0,0,0,0
1,6,0,56,0,0,0,0,2,1,1
1,3,0,1,0,0,0,0,0,0,0
0,5,0,301,0,0,0,0,1,0,0
0,6,0,64,0,0,0,0,1,1,0
0,3,0,20,1,0,0,0,0,1,1
1,6,0,266,0,0,0,2,0,1,1
0,6,0,42,0,0,0,0,2,0,0
1,5,0,253,0,0,0,0,0,0,0
1,5,0,233,0,0,0,0,2,0,0
0,6,0,12,0,0,0,1,1,0,0
0,6,0,75,0,0,0,0,1,0,0
0,3,0,125,0,0,0,0,3,0,0
0,6,0,26,0,0,0,0,0,0,1
0,6,0,22,0,0,0,1,0,1,0
0,6,0,82,0,0,0,0,0,1,1
1,6,0,44,0,0,0,1,2,0,0
0,3,0,2,0,0,0,1,0,0,0
0,6,0,119,0,0,0,0,1,1,0
1,6,0,34,0,0,0,0,1,0,0
0,5,0,7,0,0,0,0,1,0,0
0,6,0,20,0,0,0,0,0,0,1
1,5,0,81,0,0,0,0,0,0,0
1,4,0,6,0,0,0,0,0,0,0
1,3,0,27,0,0,0,0,1,1,0
1,5,0,296,0,0,0,1,2,0,0
0,6,0,60,0,0,0,0,2,0,0
1,6,0,199,0,0,0,0,1,0,1
0,5,0,141,0,0,0,1,0,0,0
0,6,0,63,0,0,0,0,0,1,1
0,6,0,57,0,0,0,1,1,0,0
1,6,0,77,0,0,0,0,2,0,0
0,6,0,197,0,0,0,0,0,1,1
0,3,0,291,0,0,0,0,1,0,0
0,6,0,181,0,0,0,0,0,1,1
1,3,0,2,0,0,0,1,1,0,0
1,5,0,141,0,0,0,0,0,0,0
0,6,0,43,0,0,0,2,2,0,0
0,6,0,150,0,0,0,0,0,1,1
0,4,0,261,0,0,0,0,0,0,1
1,6,0,1,0,0,0,0,1,0,0
0,6,0,31,0,0,0,0,0,0,1
0,5,0,80,0,0,0,0,0,0,0
0,6,0,10,0,0,0,0,2,0,0
1,5,0,89,0,0,0,0,0,0,0
0,4,1,157,0,0,0,0,0,1,1
0,3,0,12,0,0,0,0,1,0,0
0,6,0,77,0,0,0,0,1,0,0
0,6,0,153,0,0,0,1,1,0,0
0,6,0,45,0,0,0,0,2,0,0
1,6,0,135,0,0,0,0,0,1,1
1,6,0,21,0,0,0,0,0,1,1
0,6,0,206,0,0,0,0,0,1,0
0,5,0,19,0,0,0,0,0,0,0
1,6,0,86,0,0,0,1,0,0,1
1,5,0,78,0,0,0,0,0,1,0
0,6,0,259,0,0,0,0,1,0,0
0,4,1,56,0,0,0,0,0,1,1
0,5,0,76,0,0,0,0,1,0,0
1,6,0,11,1,0,0,0,2,1,1
0,6,0,118,0,0,0,0,1,1,0
1,6,0,0,0,0,0,1,2,0,0
0,6,0,64,0,0,0,0,0,0,1
0,5,0,92,0,0,0,0,0,0,0
0,5,0,138,0,0,0,0,0,1,0
0,5,0,12,0,0,0,0,0,0,0
0,6,0,121,0,0,0,1,1,0,0
0,5,0,1,0,0,0,1,0,0,0
0,6,0,6,0,0,0,0,0,0,0
1,6,0,82,0,0,0,0,0,0,1
0,4,0,55,0,0,0,0,0,1,0
0,6,0,277,0,0,0,0,0,1,1
0,5,1,373,0,0,0,0,0,1,1
0,6,0,301,0,0,0,1,2,0,0
0,6,0,101,0,0,0,0,0,1,1
0,5,0,192,0,0,0,0,0,0,0
1,6,0,65,0,0,0,0,1,0,0
1,2,0,22,0,0,0,1,1,1,0
0,6,0,34,0,0,0,0,2,1,0
0,6,0,56,0,0,0,1,2,0,0
0,6,0,58,0,0,0,0,2,0,0
1,6,0,21,0,0,0,0,2,0,0
1,6,0,91,0,0,0,0,1,0,0
0,6,0,133,0,0,0,0,1,0,0
0,6,0,75,0,0,0,0,0,0,1
1,5,0,286,0,0,0,1,1,0,0
1,6,0,115,0,0,0,0,2,0,0
0,5,0,178,0,0,0,0,0,1,0
0,4,0,17,0,0,0,0,0,1,0
0,6,0,128,0,0,0,0,1,1,0
1,5,0,7,0,0,0,0,1,0,0
0,4,0,337,1,0,0,0,0,1,1
1,4,0,277,0,0,0,0,0,0,0
0,6,0,13,0,0,0,0,3,0,0
1,4,0,241,0,0,0,0,0,0,0
0,4,0,300,1,0,0,0,0,1,1
0,5,0,24,0,0,0,0,0,0,0
0,6,0,162,0,0,0,0,0,0,1
0,6,0,137,0,0,0,0,0,1,1
0,6,0,39,0,0,0,0,1,0,0
1,5,0,34,0,0,0,0,0,0,0
0,5,0,13,0,0,0,1,0,0,0
1,6,0,43,0,0,0,0,1,0,0
0,3,0,4,0,0,0,0,0,0,0
0,5,1,304,0,0,0,0,0,1,1
0,4,1,351,0,0,0,0,0,1,1
0,5,0,60,0,0,0,0,1,0,0
0,4,0,68,0,0,0,0,0,0,0
1,6,0,21,0,0,0,0,2,1,0
0,6,0,110,0,0,0,0,1,0,0
1,5,0,12,0,0,0,0,0,1,0
1,2,0,29,0,10,0,0,0,0,0
0,6,0,53,0,0,0,0,1,0,0
0,6,0,50,0,0,0,0,0,1,1
1,6,0,18,0,0,0,1,2,0,1
0,6,0,5,0,0,0,0,2,0,0
0,6,0,44,0,0,0,0,0,0,1
0,6,0,35,0,0,0,0,1,1,0
0,5,0,68,0,0,0,1,0,0,0
0,5,1,99,0,0,0,0,0,1,1
0,3,0,148,0,0,0,3,1,1,0
0,5,1,167,0,0,0,0,0,1,1
0,6,0,40,0,0,0,0,2,0,0
1,6,0,20,0,0,0,1,1,0,0
0,5,1,304,0,0,0,0,0,1,1
0,6,0,129,0,0,0,0,0,0,1
0,5,0,85,0,0,80,0,0,0,0
0,6,0,17,0,0,0,0,1,0,0
1,6,0,170,0,0,0,0,1,1,0
0,6,0,8,0,0,0,0,1,0,0
0,5,1,34,1,0,0,0,0,1,1
1,4,0,85,0,0,0,0,0,1,1
0,5,1,301,0,0,0,0,0,1,1
1,6,0,41,0,0,0,0,0,0,1
0,6,0,232,0,0,0,0,1,0,1
0,6,0,56,0,0,0,0,0,0,1
0,4,0,269,1,0,0,0,0,1,1
0,5,1,188,0,0,39,0,0,1,1
0,6,0,199,0,0,0,0,1,1,0
1,2,0,2,0,0,0,1,0,0,0
0,6,0,31,0,0,0,0,3,1,0
0,4,1,398,0,0,0,0,0,1,1
1,5,0,123,0,0,0,0,0,0,0
0,4,1,559,0,0,0,0,0,1,1
0,6,0,17,0,0,0,0,1,1,0
0,6,0,50,0,0,0,0,2,1,0
0,6,0,113,0,0,0,0,1,1,0
0,5,1,250,0,0,0,0,0,1,1
0,3,0,8,0,0,0,0,0,0,0
0,2,0,2,0,0,0,0,0,0,0
1,5,0,104,0,0,0,1,0,0,0
1,3,0,158,0,0,0,2,1,1,0
0,6,0,36,0,0,0,1,1,0,0
1,4,0,389,0,0,0,5,0,0,0
0,6,0,1,0,0,0,0,0,0,0
0,5,0,346,0,0,0,0,1,0,0
0,5,1,55,0,0,0,0,0,1,1
0,4,1,419,0,0,0,0,0,1,1
0,6,0,1,0,0,0,1,1,0,0
0,6,0,44,0,0,0,0,1,0,0
0,6,0,12,0,0,0,0,1,0,0
0,2,0,15,0,0,0,1,0,1,0
1,3,0,56,0,0,0,0,0,1,0
1,6,0,61,0,3,0,0,0,0,0
1,6,0,112,0,0,0,0,0,0,1
0,0,0,23,0,0,0,0,0,1,0
1,5,0,14,0,0,0,0,0,0,0
1,6,0,105,0,0,0,0,0,1,1
0,6,0,136,0,0,0,0,1,1,1
1,4,1,83,0,0,0,0,0,1,1
1,6,0,217,0,0,0,0,1,0,0
0,6,0,15,0,0,0,0,2,0,0
0,5,0,4,0,0,0,0,0,1,0
1,3,0,1,0,0,0,0,0,0,0
1,5,0,160,0,0,0,0,0,0,0
0,5,0,0,0,0,0,0,0,0,0
0,6,0,356,0,0,0,0,0,1,1
0,4,1,351,0,0,0,0,0,1,1
0,6,0,27,0,0,0,2,1,0,0
0,6,0,263,0,0,0,0,0,1,1
1,6,0,1,0,0,0,1,3,0,0
0,6,0,12,0,0,0,0,3,0,0
0,2,0,22,0,0,0,0,0,0,0
0,5,0,37,0,0,0,1,0,1,1
0,6,0,19,0,0,0,0,0,1,1
0,6,0,146,0,0,0,0,1,1,0
0,6,0,66,0,0,0,0,0,0,1
0,2,0,14,0,0,0,3,0,0,0
0,5,0,180,0,0,0,0,0,0,0
0,6,0,20,0,0,0,0,1,1,0
0,6,0,1,0,0,0,0,1,0,0
1,5,0,2,0,0,0,0,1,0,0
1,6,0,103,0,0,0,0,0,1,1
0,5,0,159,0,0,0,0,1,0,0
0,4,1,420,0,0,0,0,0,1,1
0,6,0,56,0,0,0,1,1,0,0
1,5,0,52,0,0,0,0,0,0,0
1,6,0,172,0,0,0,0,1,1,1
0,6,0,36,0,0,0,0,1,0,0
0,5,0,60,0,0,0,0,0,0,0
0,4,1,104,0,0,0,0,0,1,1
0,3,0,6,0,0,0,1,0,0,0
0,6,0,28,0,0,0,0,2,0,0
1,6,0,59,0,0,0,0,0,1,1
1,4,0,249,0,0,0,1,0,0,0
1,6,0,118,0,0,0,0,0,1,1
0,5,0,196,0,0,0,0,0,0,0
1,3,0,1,0,0,0,0,0,0,0
0,6,0,65,0,0,0,0,1,1,0
0,6,0,168,0,0,0,0,2,0,0
0,6,0,3,0,0,0,0,1,0,0
0,6,0,26,0,0,0,0,2,1,0
0,5,0,49,0,0,0,1,0,0,0
0,4,1,379,1,0,0,0,0,1,1
0,6,0,148,0,0,0,0,3,0,0
0,4,0,330,1,0,0,0,0,1,1
0,6,0,140,0,0,0,0,0,1,1
0,5,0,32,0,0,0,0,0,0,0
0,4,0,30,0,0,1,1,0,0,0
1,6,0,11,0,0,0,1,0,1,0
0,4,1,332,1,0,0,0,0,1,1
0,6,0,78,0,0,0,0,0,1,1
0,6,0,109,0,0,0,0,0,1,1
0,4,0,75,0,0,0,0,0,1,1
0,2,0,2,0,0,0,0,2,0,0
0,5,1,245,0,0,0,0,0,1,1
0,6,0,27,0,0,0,0,2,0,0
0,4,1,278,1,0,0,1,0,1,1
0,5,0,201,0,0,0,0,0,0,0
0,6,0,1,0,0,0,1,0,0,0
0,5,1,102,0,0,0,0,0,1,1
1,3,0,110,0,1,0,1,3,0,0
1,5,0,1,1,0,0,0,0,0,1
0,6,0,15,0,0,0,0,0,0,1
0,6,0,32,0,0,0,0,1,0,0
0,5,1,109,1,0,44,0,0,1,1
1,4,0,11,0,0,0,0,0,0,0
1,5,0,256,0,0,0,0,4,0,0
1,6,0,73,0,0,0,1,0,0,1
0,3,0,129,0,0,0,0,0,0,1
0,5,1,325,1,0,0,0,0,1,1
1,6,0,95,0,0,0,0,1,1,1
0,3,0,200,0,0,0,0,1,0,0
0,6,0,244,0,0,0,0,2,0,0
0,5,1,168,0,0,77,0,0,1,1
0,6,0,82,0,0,0,0,0,0,1
0,5,0,39,0,0,0,2,0,0,0
0,4,1,297,1,0,0,0,0,1,1
0,6,0,5,0,0,0,0,0,0,0
1,4,2,339,0,0,150,1,0,0,0
0,2,0,8,1,16,0,2,2,0,0
0,6,0,348,0,0,0,0,2,1,0
0,6,0,184,0,0,0,0,0,0,1
0,6,0,34,0,0,0,0,1,0,0
0,6,0,15,0,0,0,0,1,0,0
1,6,0,290,0,0,0,0,1,0,0
0,6,0,11,0,0,0,1,0,1,0
1,6,0,222,0,0,0,0,1,0,0
1,4,1,259,1,0,0,0,0,1,1
1,6,0,167,0,0,0,0,0,0,1
1,3,0,0,0,0,0,0,0,0,0
0,3,0,52,0,0,0,0,1,0,0
1,4,0,152,0,0,0,0,1,0,0
0,6,0,41,0,0,0,0,1,0,0
0,6,0,11,0,0,0,0,0,1,0
0,4,1,457,0,0,391,0,0,1,1
1,6,0,12,0,0,0,0,2,0,0
1,3,0,86,0,0,0,0,2,0,0
1,3,0,0,0,0,0,0,0,0,0
0,6,0,21,0,0,0,0,1,0,0
1,4,0,30,0,0,0,0,0,0,0
0,6,0,3,0,0,0,0,0,0,0
0,6,0,24,0,0,0,0,1,1,0
1,3,0,0,0,0,0,0,0,0,0
0,6,0,141,0,0,0,0,1,0,0
0,3,0,87,0,0,0,0,1,0,0
1,3,0,14,0,0,0,0,1,0,0
0,4,0,5,0,0,0,1,0,0,0
0,6,0,61,0,0,0,0,0,0,1
0,6,0,3,0,0,0,0,1,0,0
0,6,0,92,0,0,0,0,1,1,0
0,6,0,77,0,0,0,0,0,0,1
0,3,0,0,0,0,0,0,0,0,0
0,6,0,33,0,0,0,0,1,0,0
0,6,0,24,0,0,0,0,2,0,0
1,5,0,64,0,0,0,0,0,0,0
1,6,0,173,0,0,0,0,1,0,0
1,6,0,346,0,0,0,1,1,0,1
1,6,0,144,0,0,0,0,2,1,1
1,6,0,132,0,0,0,0,1,0,0
1,6,0,2,0,0,0,0,1,0,0
0,6,0,170,0,0,0,0,0,1,1
0,4,1,92,0,0,0,0,0,1,1
1,5,0,62,0,0,0,0,0,0,0
1,6,0,1,0,0,0,0,0,0,0
0,6,0,155,0,0,0,2,0,1,1
0,6,0,22,0,0,0,0,0,1,1
0,6,0,12,0,0,0,0,0,1,1
0,5,0,153,0,0,0,0,0,0,0
1,6,0,30,0,0,0,0,0,0,1
0,6,0,17,0,0,0,0,1,1,0
1,2,0,4,2,2,0,1,2,0,0
0,3,0,12,0,0,0,0,0,0,0
1,2,0,2,0,0,0,0,0,0,0
0,5,0,213,0,0,0,0,1,0,0
0,6,0,187,0,0,0,0,1,0,1
0,6,0,58,1,0,0,0,0,1,1
0,5,1,93,0,0,0,0,0,1,1
0,5,0,1,0,0,0,0,0,1,0
1,6,0,240,1,0,0,0,1,1,1
1,6,0,0,0,0,0,0,1,0,0
0,3,0,4,0,0,0,1,0,0,0
0,6,0,124,0,0,0,2,0,1,1
1,4,0,72,0,0,0,0,0,1,1
1,4,0,112,0,0,0,0,0,0,0
0,6,0,35,0,0,0,0,2,1,0
0,4,0,158,0,0,0,0,1,0,0
1,4,1,339,0,0,0,0,0,1,1
0,5,0,6,0,0,0,0,0,0,0
0,2,0,115,0,0,0,0,0,0,0
0,6,0,7,0,0,0,0,1,0,0
0,6,0,4,0,0,0,0,1,0,0
0,5,1,178,1,0,46,0,0,1,1
0,6,0,123,0,0,0,0,2,0,1
0,4,1,59,0,0,0,0,0,1,1
0,6,0,172,0,0,0,0,0,1,1
0,6,0,201,0,0,0,1,0,0,0
1,6,0,62,0,0,0,1,0,0,0
0,5,0,289,1,0,0,0,0,1,1
0,6,0,5,0,0,0,0,2,0,0
1,6,0,66,0,0,0,0,0,1,1
0,5,0,41,0,0,0,1,0,0,0
1,6,0,1,0,0,0,0,0,0,0
1,6,0,39,0,0,0,0,0,0,0
1,4,0,11,0,0,0,0,0,0,0
1,6,0,1,0,0,0,1,3,0,0
1,3,0,159,0,0,0,0,1,0,0
0,6,0,115,0,0,0,0,0,1,1
1,4,0,17,0,0,0,0,0,0,0
1,4,0,254,0,0,0,0,0,0,0
0,5,0,21,0,0,0,1,0,0,0
1,5,0,59,0,0,0,0,1,0,0
0,6,0,7,0,0,0,0,1,0,0
0,6,0,67,0,0,0,0,0,0,1
0,6,0,106,0,0,0,0,2,1,0
0,4,1,277,0,0,0,0,0,1,1
0,6,0,67,0,0,0,0,0,0,1
1,5,0,246,0,0,0,0,0,0,0
0,6,0,148,0,0,0,0,0,1,1
0,3,0,16,0,0,0,0,0,1,0
1,3,0,0,0,0,0,0,0,0,0
0,6,0,157,0,0,0,0,0,1,1
0,5,0,49,0,0,0,0,0,0,0
0,6,0,97,0,0,0,1,1,0,0
0,6,0,0,0,0,0,0,2,0,0
1,4,0,363,0,0,0,1,0,0,0
0,4,1,247,0,0,0,0,0,1,1
0,5,0,73,0,0,27,1,0,0,0
0,2,0,8,0,4,0,0,1,0,0
0,6,0,83,0,0,0,1,0,1,0
1,6,0,4,0,0,0,0,0,0,0
0,4,1,422,0,0,0,0,0,1,1
0,6,0,185,0,0,0,0,2,0,0
1,4,0,224,0,0,0,4,0,0,0
0,4,0,84,0,0,0,0,1,0,0
0,6,0,21,0,0,0,0,0,1,1
0,6,0,9,0,0,0,0,2,1,0
0,4,1,350,0,0,0,0,0,1,1
1,4,1,222,25,0,0,0,0,1,1
1,6,0,0,0,0,0,0,2,1,0
0,6,0,253,0,0,0,0,1,1,0
0,6,0,206,0,0,0,0,1,0,0
0,6,0,59,0,0,0,0,1,0,0
0,4,1,538,0,0,0,0,0,1,1
0,5,0,210,0,0,0,0,0,0,0
0,3,0,62,0,0,0,0,0,0,0
0,6,0,71,0,0,0,2,1,1,1
1,6,0,123,0,0,0,2,2,1,1
0,3,0,2,0,0,0,0,0,0,0
0,5,0,27,0,0,0,0,0,1,0
0,6,0,60,0,0,0,0,1,0,0
0,5,1,364,1,0,0,0,0,1,1
0,5,0,10,0,0,0,0,0,0,0
1,6,0,6,0,0,0,0,2,0,0
0,3,0,1,0,0,0,0,0,0,0
1,6,0,247,0,0,0,0,2,0,1
1,3,0,0,0,0,0,0,0,0,0
0,6,0,80,0,0,0,0,1,1,0
1,4,0,385,0,0,0,1,0,0,0
0,6,0,0,0,0,0,0,1,0,0
1,6,0,93,0,0,0,0,1,0,0
0,6,0,335,0,0,0,0,3,1,0
0,5,0,122,0,0,0,1,0,0,0
0,2,0,1,0,0,0,0,1,0,0
0,6,0,0,0,0,0,0,0,0,0
0,6,0,12,0,0,0,0,1,0,0
0,6,0,8,0,0,0,0,1,0,0
0,5,0,42,0,0,0,0,0,0,0
1,3,0,0,0,0,0,0,0,0,0
1,4,0,386,0,0,0,1,0,0,0
1,5,0,149,0,0,0,2,1,1,1
0,5,0,149,0,0,0,0,0,0,0
0,4,0,265,1,0,0,0,0,1,1
1,3,0,51,0,0,0,1,2,0,0
0,5,1,304,0,0,0,0,0,1,1
1,6,0,1,0,0,0,0,0,0,0
0,6,0,15,0,0,0,0,1,0,0
1,3,0,209,0,0,0,1,0,1,0
1,6,0,6,0,0,0,0,0,0,0
0,6,0,81,0,0,0,0,2,1,0
0,5,0,335,0,0,0,0,0,0,0
0,6,0,2,0,0,0,0,1,0,0
0,6,0,41,0,0,0,0,2,0,0
0,5,0,165,0,1,92,3,0,0,0
0,6,0,226,1,0,0,0,1,1,1
0,6,0,13,0,0,0,0,3,0,0
1,5,0,24,0,0,0,0,0,0,0
0,6,0,328,0,0,0,0,2,1,1
0,6,0,158,0,0,0,0,0,1,1
1,5,0,292,0,0,0,1,0,0,0
0,6,0,11,0,0,0,0,2,0,0
0,6,0,31,0,0,0,0,1,1,0
0,4,1,594,0,0,0,0,0,1,1
0,3,0,1,0,0,0,1,0,0,0
1,3,0,9,0,0,0,2,0,0,0
1,5,0,3,0,0,0,0,0,0,0
0,4,0,272,1,0,0,0,0,1,1
0,3,0,32,0,0,0,0,0,0,1
0,6,0,131,0,0,0,0,0,1,1
1,6,0,43,0,0,0,2,1,0,1
0,5,0,183,0,0,0,0,1,0,0
0,5,0,0,0,0,0,0,0,0,0
0,6,0,88,0,0,0,4,1,0,0
0,5,0,257,0,0,0,0,0,0,0
1,3,0,21,0,0,0,0,1,0,0
1,5,0,10,0,0,0,0,0,1,0
0,6,0,14,0,0,0,0,2,0,0
0,4,1,130,0,0,0,0,0,1,1
0,5,0,204,0,0,0,0,0,0,0
0,6,0,27,0,0,0,1,1,0,0
0,5,0,88,0,0,0,0,0,1,0
0,5,0,141,0,0,0,0,0,1,0
0,6,0,154,0,0,0,0,0,0,1
0,6,0,0,0,0,0,0,1,0,0
1,5,0,0,0,0,0,0,0,0,0
0,4,1,92,0,0,0,0,0,1,1
1,5,0,407,0,0,0,0,2,0,0
1,6,0,6,0,0,0,1,2,0,0
1,5,0,225,0,0,0,1,0,0,0
0,5,0,395,0,0,0,0,0,0,1
0,6,0,99,0,0,0,0,0,1,1
0,6,0,10,0,0,0,0,1,0,0
0,6,0,119,0,0,0,0,1,0,0
0,4,1,143,0,0,0,0,0,1,1
0,6,0,184,0,0,0,3,1,1,0
0,5,0,47,0,0,0,0,1,0,0
1,5,0,22,0,0,0,0,1,0,0
1,3,0,9,0,0,0,1,1,1,0
0,6,0,94,0,0,0,2,1,0,0
1,3,0,46,0,0,0,0,1,1,0
1,6,0,181,0,0,0,0,0,0,1
0,3,0,0,0,0,0,0,0,0,0
1,4,1,287,1,0,0,0,0,1,1
0,5,0,423,0,0,0,0,0,1,1
0,6,0,104,0,0,0,0,1,1,0
1,1,0,12,0,0,0,1,0,0,1
1,5,0,195,0,0,0,0,0,0,0
1,6,0,119,0,0,0,0,1,0,0
1,6,0,286,0,0,0,1,2,0,0
0,4,0,198,0,0,98,1,0,1,1
0,5,0,61,0,0,0,0,0,0,0
0,6,0,177,0,0,0,0,0,0,1
1,4,0,287,1,0,0,1,0,1,1
1,3,0,3,0,0,0,0,0,0,0
1,6,0,124,0,0,0,0,3,0,0
0,6,0,203,0,0,0,0,1,0,0
1,6,0,124,0,0,0,0,0,1,0
0,6,0,9,0,0,0,0,0,1,1
0,5,0,292,0,0,0,1,0,0,0
1,3,0,10,0,0,0,0,1,1,0
1,3,0,13,0,0,0,3,0,1,0
0,4,0,162,0,0,0,0,0,1,1
0,6,0,94,0,0,0,0,2,0,0
0,4,0,292,0,0,0,1,0,1,1
0,5,0,188,0,0,0,0,0,0,0
1,3,0,0,0,0,0,0,1,0,0
0,2,0,54,0,0,0,0,0,0,0
0,4,0,62,0,0,53,0,0,0,0
1,3,0,0,0,0,0,0,0,0,0
0,6,0,152,0,0,0,0,1,0,0
1,3,0,12,0,0,0,0,0,1,0
0,5,0,61,0,0,0,0,0,0,0
1,3,0,0,0,1,0,0,0,0,0
1,5,0,33,0,0,0,0,0,0,0
0,6,0,275,0,0,0,0,0,1,1
1,4,0,222,0,0,0,0,0,0,0
0,6,0,257,0,0,0,0,0,0,1
0,5,1,54,0,0,0,0,0,1,1
1,4,0,9,0,0,0,0,0,0,1
0,5,0,89,0,0,0,0,0,0,1
0,6,0,63,0,0,0,2,1,0,0
0,5,1,112,0,0,0,1,0,1,1
0,4,0,2,0,0,0,0,1,0,0
0,6,0,109,0,0,0,0,3,1,0
0,5,0,246,0,0,0,0,1,0,0
0,6,0,30,0,0,0,0,0,1,1
0,6,0,6,0,1,0,0,1,0,0
0,5,0,303,0,0,0,0,1,0,0
1,6,0,31,0,0,0,0,1,0,0
1,3,0,28,0,0,0,0,0,0,0
0,6,0,65,0,0,0,0,1,0,0
0,2,1,220,0,0,0,0,0,1,1
0,6,0,225,0,0,0,0,0,1,1
1,3,0,0,0,0,0,0,1,0,0
0,6,0,1,0,0,0,0,3,0,0
0,6,0,0,0,0,0,0,0,0,0
1,6,0,37,0,0,0,0,0,0,0
0,5,0,18,0,0,0,0,1,0,1
0,4,1,135,0,0,0,0,0,1,1
1,3,0,36,0,0,0,1,0,1,0
1,4,0,385,0,0,0,1,0,0,0
1,1,0,15,0,0,0,1,0,0,0
0,4,1,68,1,0,0,0,0,1,1
0,5,0,104,0,0,0,0,1,0,0
0,6,0,184,0,0,0,2,2,0,0
0,5,1,213,0,0,62,0,0,1,1
0,6,0,16,0,0,0,1,0,1,0
0,4,1,368,0,0,0,0,0,1,1
0,2,0,83,0,0,0,0,1,0,0
0,4,1,88,0,0,0,0,0,1,1
0,6,0,134,0,0,0,1,0,0,1
0,6,0,96,0,0,0,0,1,1,0
1,6,0,35,0,0,0,0,0,1,1
0,6,0,20,0,0,0,0,1,1,0
0,6,0,17,0,0,0,0,1,0,0
0,5,0,69,0,0,0,0,0,0,0
1,3,0,3,0,0,0,0,0,0,0
0,6,0,121,0,0,0,1,0,0,0
0,6,0,17,0,0,0,0,2,0,0
0,6,0,76,0,0,0,0,1,0,0
1,3,0,136,0,0,0,0,2,0,0
1,2,0,0,0,0,0,0,0,0,0
0,4,1,87,0,0,0,0,0,1,1
0,4,1,311,1,0,0,0,0,1,1
1,6,0,110,0,0,0,1,1,0,1
1,6,0,192,0,0,0,1,0,1,1
1,2,0,14,0,0,0,0,0,0,0
0,3,0,65,0,0,0,1,0,0,0
1,6,0,58,0,0,0,0,0,1,1
1,6,0,290,0,0,0,0,1,0,0
1,2,0,2,0,0,0,0,0,0,0
0,5,0,189,0,0,0,0,3,0,0
0,4,1,143,0,0,0,0,0,1,1
0,6,0,81,0,0,0,0,0,1,1
0,5,0,301,0,0,0,0,1,0,0
1,6,0,8,0,0,0,0,2,0,0
0,6,0,41,0,0,0,0,0,1,1
0,4,0,302,1,0,0,0,0,1,1
0,6,0,37,0,0,0,0,0,0,1
0,6,0,73,0,0,0,0,0,0,1
0,3,0,67,0,0,0,0,0,1,0
1,5,0,229,0,0,0,0,1,1,0
0,5,0,41,0,0,0,1,0,0,0
1,6,0,58,0,0,0,0,2,0,0
0,2,0,9,0,0,0,0,0,0,0
0,4,1,493,0,0,0,0,0,1,1
0,6,0,237,0,0,0,0,2,1,0
0,3,0,153,0,0,0,0,0,0,0
0,6,0,18,0,0,0,0,3,0,0
1,6,0,96,0,0,0,0,0,0,1
1,5,0,72,0,0,0,0,0,0,0
1,4,0,289,0,0,0,0,0,1,0
0,6,0,18,0,0,0,0,0,0,1
0,6,0,134,0,0,0,0,0,1,1
0,3,0,12,0,0,0,2,0,1,0
1,3,0,0,0,0,0,0,0,0,0
0,4,0,95,0,0,0,0,0,0,1
0,5,0,277,0,0,0,0,1,0,0
0,5,0,37,0,0,0,0,0,1,1
1,4,0,236,0,0,0,0,0,0,1
1,4,0,82,1,0,0,0,0,1,1
0,6,0,6,0,0,0,0,1,0,0
1,3,0,168,0,0,0,0,0,0,1
0,4,1,201,0,0,0,0,0,1,1
0,6,0,32,0,0,0,0,0,0,1
0,4,0,36,0,0,0,0,0,0,0
1,6,0,16,0,0,0,0,2,0,0
0,5,0,83,0,0,0,0,1,0,0
1,5,0,136,0,0,0,0,0,0,0
1,6,0,16,0,0,0,1,1,0,0
0,6,0,5,0,0,0,0,2,0,0
0,6,0,9,0,0,0,0,1,1,0
1,6,0,51,0,0,0,0,2,0,0
0,5,0,164,0,0,0,0,0,0,0
1,6,0,123,0,0,0,0,0,1,1
0,5,0,164,0,0,0,0,0,0,0
1,6,0,62,0,0,0,0,1,1,0
0,6,0,62,0,0,0,0,1,0,0
0,5,0,29,1,0,0,0,0,1,1
0,4,1,68,1,0,0,0,0,1,1
0,2,0,41,0,1,0,0,0,0,0
0,4,0,28,0,0,0,0,0,1,1
0,4,0,192,0,0,0,0,0,0,1
0,6,0,106,0,0,0,0,1,0,0
0,5,1,112,0,0,0,0,0,1,1
0,6,0,62,0,0,0,1,0,1,1
0,5,1,161,0,0,101,0,0,1,1
0,6,0,194,1,0,0,1,0,1,1
1,6,0,6,0,0,0,0,2,0,0
0,6,0,185,0,0,0,0,0,1,1
0,5,0,418,0,0,223,0,0,0,0
0,6,0,32,0,0,0,0,0,1,1
1,6,0,128,0,0,0,1,3,0,0
0,4,0,12,0,0,0,0,0,1,0
1,5,0,217,0,0,0,0,0,0,0
0,5,0,279,0,0,0,0,1,0,0
0,6,0,279,0,0,0,1,0,1,1
0,3,0,274,0,0,0,1,1,0,0
0,4,1,67,0,0,0,0,0,1,1
0,5,0,5,0,0,0,0,0,0,0
0,5,0,199,1,0,0,0,0,1,1
0,6,0,172,0,0,0,0,2,0,0
1,6,0,1,0,0,0,0,1,0,0
0,6,0,124,0,0,0,0,0,1,1
0,6,0,11,0,0,0,0,1,0,0
1,6,0,227,0,0,0,0,0,1,1
0,6,0,149,0,0,0,0,0,0,1
1,4,0,80,0,0,0,0,0,0,0
0,3,0,147,0,0,0,2,0,1,1
0,4,0,34,0,0,0,0,0,0,0
0,6,0,0,0,0,0,1,0,0,0
1,6,0,6,0,0,0,0,0,0,0
0,5,0,476,0,0,0,0,0,1,1
1,4,0,9,0,0,0,0,0,1,1
0,4,1,475,0,0,0,0,0,1,1
1,2,0,78,0,0,0,0,0,0,0
0,6,0,4,0,0,0,0,0,0,0
1,6,0,175,0,0,0,4,1,0,1
0,3,0,13,0,0,0,1,0,0,0
0,6,0,37,1,0,0,0,1,1,1
1,6,0,8,0,0,0,0,1,0,0
1,6,0,54,0,0,0,0,0,1,1
1,5,0,5,0,0,0,0,1,0,0
0,5,0,55,0,0,0,2,0,0,0
1,6,0,17,0,0,0,0,1,0,0
0,3,0,1,0,0,0,0,0,0,0
0,6,0,130,0,0,0,0,2,1,1
1,6,0,127,0,0,0,0,1,1,1
1,2,0,7,0,4,0,0,0,0,0
0,5,0,224,0,0,0,0,0,0,0
0,6,0,107,0,0,0,0,0,0,0
0,5,1,105,0,0,0,0,0,1,1
0,6,0,144,0,0,0,0,1,0,0
0,5,0,95,0,0,0,0,0,0,0
0,5,0,19,0,0,0,0,0,0,0
0,6,0,34,0,0,0,0,1,1,0
0,6,0,98,0,0,0,0,2,1,0
1,5,0,188,0,0,0,0,0,1,0
0,3,0,3,0,0,0,0,0,0,0
0,6,0,23,0,0,0,2,1,0,1
0,6,0,62,0,0,0,0,0,0,1
0,6,0,7,0,0,0,0,0,0,0
0,6,0,59,0,0,0,0,0,1,1
0,5,0,245,0,0,25,2,0,0,0
0,6,0,120,0,0,0,0,1,1,0
1,6,0,209,0,0,0,0,0,1,1
0,4,1,92,0,0,0,0,0,1,1
0,5,0,396,0,0,0,3,1,0,0
0,4,1,158,0,0,31,0,0,1,1
1,6,0,70,0,0,0,0,1,0,0
1,6,0,171,0,0,0,2,1,0,0
1,5,0,178,0,0,0,0,0,0,0
0,6,0,164,0,0,0,1,1,0,0
0,4,0,414,0,0,0,0,1,0,0
0,6,0,15,0,0,0,0,0,0,1
0,6,0,76,0,0,0,0,0,1,0
1,6,0,174,0,0,0,0,1,1,1
0,6,0,57,0,0,0,0,1,0,0
1,6,0,87,0,0,0,0,1,1,0
1,6,0,3,0,0,0,0,1,0,0
0,6,0,131,0,0,0,0,0,1,1
0,6,0,31,0,0,0,0,0,1,1
0,5,0,20,0,0,0,0,0,0,0
1,3,0,11,0,0,0,1,0,0,0
0,6,0,213,0,0,0,0,1,1,1
0,6,0,14,0,0,0,0,2,0,0
0,4,1,276,1,0,0,0,0,1,1
0,6,0,1,0,0,0,0,1,0,0
0,4,1,56,0,0,0,0,0,1,1
1,5,0,245,0,0,0,0,0,0,0
0,2,0,7,0,3,0,0,0,1,0
1,3,0,0,0,0,0,1,0,0,0
1,6,0,51,0,0,0,0,0,0,1
0,4,0,434,0,0,0,0,0,1,1
0,1,0,8,0,1,0,0,2,0,0
0,4,1,517,0,0,0,0,0,1,1
1,4,1,103,0,0,0,0,0,1,1
0,6,0,12,0,0,0,0,1,0,0
1,6,0,72,0,0,0,0,0,0,1
1,6,0,1,0,0,0,0,2,0,0
1,6,0,84,0,0,0,1,3,0,0
0,6,0,93,0,0,0,0,0,1,1
0,5,0,63,0,0,0,2,0,0,0
0,6,0,33,0,0,0,0,1,0,0
0,6,0,64,0,0,0,0,1,0,0
0,6,0,80,0,0,0,0,0,1,1
0,4,1,61,0,0,0,0,0,1,1
0,5,0,37,0,0,0,0,0,1,1
0,5,0,286,0,0,0,0,0,1,1
1,5,0,185,0,0,0,0,0,1,0
0,6,0,153,0,0,0,0,1,0,0
0,5,1,103,0,0,0,0,0,1,1
0,4,1,454,0,0,0,0,0,1,1
1,6,0,66,0,0,0,0,1,0,0
1,3,0,16,0,0,0,1,2,1,0
0,6,0,31,0,0,0,0,1,0,0
1,6,0,26,0,0,0,0,1,0,0
1,6,0,13,0,0,0,0,1,0,0
0,6,0,98,0,0,0,0,2,0,0
1,6,0,250,0,0,0,0,1,1,1
0,4,0,138,0,0,0,0,0,0,0
0,4,1,61,0,0,0,0,0,1,1
1,6,0,62,0,0,0,0,1,1,0
1,6,0,60,0,0,0,0,0,0,1
0,6,0,3,0,0,0,0,1,0,0
0,2,0,37,0,2,0,0,0,0,0
0,4,1,293,1,0,0,0,0,1,1
0,5,0,31,0,0,0,0,0,0,0
1,3,0,0,0,0,0,1,0,0,0
0,6,0,5,0,0,0,0,1,0,0
1,6,0,31,0,0,0,0,1,1,0
1,5,0,2,0,1,0,0,0,0,0
0,4,1,35,0,0,0,0,0,1,1
0,6,0,58,0,0,0,0,1,1,0
0,6,0,25,0,0,0,0,2,0,0
1,6,0,99,0,0,0,0,2,0,1
1,6,0,278,0,0,0,0,1,0,1
1,2,0,1,0,5,0,0,0,0,0
0,3,0,0,0,0,0,0,0,0,0
0,6,0,218,0,0,0,0,2,1,0
1,5,0,1,0,1,0,0,0,0,0
1,5,0,63,0,0,0,0,0,0,0
0,4,0,12,0,0,0,0,0,0,0
1,6,0,80,0,0,0,0,1,1,1
1,6,0,61,0,0,0,0,1,0,0
0,6,0,4,0,0,0,0,3,0,0
0,6,0,43,0,0,0,0,0,0,1
0,3,0,2,0,0,0,1,3,0,0
0,6,0,87,0,0,0,0,1,0,0
1,4,1,227,0,0,0,4,0,1,0
0,6,0,52,0,0,0,3,1,1,1
0,4,0,20,0,0,0,0,0,1,0
0,6,0,34,0,0,0,0,0,0,1
1,5,0,157,0,0,0,0,0,0,0
0,6,0,51,0,0,0,1,3,0,0
1,6,0,34,0,0,0,0,3,1,0
0,4,1,395,1,0,0,0,0,1,1
0,6,0,33,0,0,0,0,1,0,0
0,3,0,0,0,0,0,1,0,0,0
0,4,1,158,0,0,31,0,0,1,1
0,6,0,166,0,0,0,0,2,0,0
0,6,0,82,0,0,0,0,1,1,0
0,1,0,0,0,0,0,1,0,0,0
0,6,0,116,0,0,0,0,0,0,1
0,6,0,60,0,0,0,0,1,0,0
0,6,0,61,1,0,0,1,1,1,1
1,6,0,2,0,0,0,0,1,0,0
1,6,0,70,0,0,0,0,1,1,0
0,5,1,34,1,0,0,0,0,1,1
0,5,1,169,0,0,0,0,0,1,1
0,4,0,134,0,0,0,0,0,1,0
0,3,0,17,0,0,0,0,1,1,0
0,6,0,120,0,0,0,0,0,1,1
1,6,0,90,0,0,0,1,3,0,0
1,5,0,20,0,0,0,0,1,0,0
0,6,0,20,0,0,0,0,2,1,0
0,4,1,158,0,0,31,0,0,1,1
0,3,0,0,0,0,0,0,0,0,0
0,6,0,73,0,0,0,0,1,0,0
1,5,0,170,0,0,0,0,0,1,0
0,6,0,2,0,0,0,0,2,0,0
0,4,0,193,0,0,0,0,0,0,0
0,4,0,422,0,0,379,0,0,1,1
1,6,0,141,0,0,0,0,0,1,1
0,6,0,210,0,0,0,0,1,1,0
0,4,1,274,0,0,0,0,0,1,1
0,4,0,168,0,0,0,0,0,1,0
1,6,0,57,0,0,0,0,2,0,0
0,6,0,13,0,0,0,1,3,0,0
0,2,0,4,0,0,0,0,2,0,0
0,4,0,286,0,0,176,1,1,0,0
0,6,0,101,0,0,0,0,0,0,1
0,6,0,207,0,0,0,0,0,1,1
0,6,0,0,0,0,0,0,0,0,0
0,6,0,7,0,0,0,0,0,0,0
0,4,1,67,0,0,0,0,0,1,1
1,6,0,3,0,0,0,0,0,0,0
0,6,0,48,0,0,0,0,1,0,0
0,6,0,27,0,1,0,0,2,0,0
0,4,0,63,0,0,0,0,0,0,0
0,4,0,57,0,0,0,0,0,1,1
1,5,0,72,0,0,0,0,0,0,0
0,5,0,243,0,0,0,1,0,1,0
0,3,0,30,0,0,0,0,1,1,1
0,5,0,257,0,0,0,0,0,0,0
1,6,0,129,0,0,0,2,0,0,1
1,6,0,1,0,1,0,0,2,0,0
1,5,0,337,0,0,0,0,0,0,0
0,6,0,111,0,0,0,0,1,0,0
0,6,0,7,0,0,0,2,0,0,1
0,3,0,84,0,0,0,1,0,0,0
0,6,0,0,0,0,0,0,0,1,0
0,2,0,3,0,0,0,0,0,0,0
1,6,0,5,0,0,0,0,0,0,0
1,5,0,158,0,0,0,0,0,0,0
0,2,0,3,0,4,0,0,0,0,0
1,6,0,0,0,0,0,0,1,0,0
0,4,1,286,0,0,75,0,0,1,1
0,5,0,88,0,0,77,0,0,0,0
0,5,0,169,0,0,48,0,0,1,1
0,2,0,3,0,8,0,0,0,0,0
0,5,0,32,0,0,0,0,0,0,0
0,4,0,29,0,0,0,0,0,1,0
0,6,0,0,0,0,0,0,0,0,0
0,4,0,0,0,0,0,0,0,1,0
0,2,0,0,0,0,0,0,0,0,0
1,5,0,237,0,0,0,0,0,0,0
0,6,0,94,0,0,0,0,0,1,1
0,6,0,88,0,0,0,0,1,1,0
0,3,0,20,0,0,0,0,0,1,0
0,5,1,22,0,0,0,0,0,1,1
0,5,0,219,0,0,0,0,0,0,0
0,6,0,43,0,0,0,0,1,0,0
1,6,0,16,0,0,0,0,1,1,0
0,6,0,5,0,0,0,0,2,0,0
0,4,0,12,0,0,0,0,0,0,0
0,5,0,48,0,0,0,0,0,0,0
0,6,0,149,0,0,0,0,0,0,1
0,4,1,393,0,0,0,0,0,1,1
1,6,0,3,0,0,0,0,1,0,0
0,4,0,72,0,0,58,0,0,0,0
0,5,0,76,0,0,0,0,0,0,1
0,6,0,220,0,0,0,0,1,0,0
0,6,0,44,0,0,0,0,3,0,0
0,5,1,280,0,0,35,0,0,1,1
1,4,0,251,0,0,0,0,1,0,0
0,5,0,5,0,0,0,0,0,0,0
1,3,0,4,0,0,0,0,0,0,0
1,5,0,247,0,0,0,1,1,0,0
0,5,1,478,0,0,0,0,0,1,1
0,4,1,311,1,0,0,0,0,1,1
1,2,0,7,0,0,0,0,1,1,0
1,6,0,38,0,0,0,1,2,0,0
0,6,0,85,0,0,0,0,1,0,0
0,4,0,47,0,0,0,0,0,0,0
0,5,0,418,0,0,223,0,0,1,0
1,3,0,14,0,0,0,1,1,0,0
0,6,0,111,0,0,0,1,1,0,0
0,0,0,0,0,0,0,0,2,1,1
0,6,0,80,0,0,0,0,0,1,1
0,6,0,3,1,0,0,0,0,1,1
1,6,0,12,0,1,0,0,1,0,0
0,6,0,40,0,0,0,0,0,1,1
1,6,0,114,0,0,0,1,0,1,1
0,5,1,163,0,0,0,0,0,1,1
0,4,1,300,1,0,0,0,0,1,1
0,2,1,69,0,0,0,0,0,1,1
0,4,1,97,0,0,0,0,0,1,1
1,3,0,52,0,0,0,2,1,0,1
1,3,0,0,0,0,0,0,0,0,0
1,4,0,386,0,0,0,0,0,0,0
0,4,0,226,0,0,96,0,1,0,0
0,6,0,27,0,0,0,0,2,1,0
0,5,1,169,0,0,0,0,0,1,1
0,1,0,88,0,0,0,0,1,0,0
1,5,0,306,0,0,0,1,0,0,0
0,2,0,40,0,0,0,0,0,0,0
1,5,0,55,0,0,0,0,0,0,0
0,4,0,98,0,0,0,0,0,1,0
0,6,0,11,0,1,0,1,0,0,0
0,6,0,115,0,0,0,0,1,0,0
0,4,1,181,0,0,0,0,0,1,1
0,6,0,31,0,0,0,1,1,0,0
0,5,1,94,1,0,28,0,0,1,1
1,3,0,77,0,0,0,0,0,0,0
0,4,1,510,0,0,0,0,0,1,1
0,6,0,21,0,0,0,0,1,0,0
0,5,1,166,0,0,0,0,0,1,1
0,4,1,379,0,0,0,0,0,1,1
0,4,1,87,0,0,0,0,0,1,1
0,6,0,29,0,0,0,0,1,1,0
0,5,1,25,1,0,0,0,0,1,1
0,6,0,115,0,0,0,0,0,0,1
0,5,0,39,0,0,0,0,0,1,1
0,3,0,120,0,0,0,0,1,0,0
1,4,0,302,0,0,0,0,0,1,1
1,6,0,26,0,0,0,0,1,0,0
1,5,0,120,0,0,0,0,1,0,0
0,6,0,94,0,0,0,0,1,0,0
1,5,0,201,0,0,0,1,0,1,0
1,6,0,18,0,0,0,0,2,0,0
1,6,0,31,0,0,0,0,0,1,1
1,5,0,108,0,0,0,0,0,0,0
0,5,0,25,0,0,0,1,0,0,0
1,6,0,202,0,0,0,0,2,0,0
0,6,0,38,0,0,0,0,1,1,0
1,6,0,11,0,0,0,0,0,0,0
0,6,0,68,0,0,0,0,0,1,1
0,6,0,23,0,0,0,0,1,1,0
0,3,0,177,0,0,0,0,0,0,0
1,2,0,73,0,0,0,0,0,0,0
0,6,0,40,0,0,0,0,1,0,0
0,6,0,111,0,0,0,0,0,1,1
1,6,0,201,0,0,0,0,2,0,0
0,4,0,314,1,0,0,0,0,1,1
0,3,0,27,0,0,0,0,0,0,0
1,4,0,78,0,0,0,8,0,0,0
1,5,0,142,0,0,0,0,0,0,0
0,2,0,99,1,0,0,0,0,1,1
0,4,1,82,1,0,21,0,0,1,1
0,4,0,50,0,0,0,0,0,1,0
1,2,0,0,0,3,0,0,0,0,0
0,4,1,412,0,0,0,0,0,1,1
1,6,0,2,0,0,0,0,0,0,0
0,4,1,126,0,0,39,0,0,1,1
0,5,1,58,0,0,0,0,0,1,1
0,5,0,2,0,0,0,0,0,1,0
1,4,1,111,0,0,0,0,0,1,1
0,3,0,56,0,0,0,1,0,0,0
0,6,0,178,0,0,0,0,0,1,1
0,3,0,59,0,0,0,0,1,0,0
0,4,0,18,0,0,0,1,0,0,0
0,4,0,5,0,0,0,0,0,1,0
0,5,0,270,0,0,187,0,0,0,1
0,5,0,70,0,0,0,0,0,0,0
0,6,0,3,0,0,0,1,0,0,0
1,4,0,383,0,0,0,0,0,1,1
0,6,0,0,0,0,0,0,0,0,0
1,5,0,36,0,0,0,0,0,0,0
0,6,0,169,0,0,0,0,0,1,1
0,4,1,437,0,0,0,0,0,1,1
1,2,0,74,0,0,0,0,0,1,1
1,2,0,78,0,0,0,0,0,0,0
1,6,0,43,0,0,0,0,0,1,1
0,6,0,59,0,0,0,0,0,1,1
0,3,0,190,0,0,0,0,4,0,0
0,6,0,155,0,0,0,3,0,1,0
0,5,0,14,1,0,0,0,0,1,1
0,4,0,134,0,0,0,0,0,0,0
0,5,1,273,0,0,0,0,0,1,1
0,4,1,35,0,0,0,0,0,1,1
1,3,0,74,0,0,0,0,2,0,1
0,6,0,90,0,0,0,2,2,0,0
0,5,1,161,0,0,101,2,0,1,1
0,6,0,160,0,0,0,0,2,1,0
0,6,0,39,0,0,0,0,2,1,0
0,5,0,157,0,0,0,0,0,0,0
1,6,0,55,0,0,0,0,2,1,0
0,6,0,10,0,0,0,0,1,1,0
1,5,0,3,0,0,0,0,0,0,0
0,4,1,186,0,0,0,0,0,1,1
0,6,0,18,0,0,0,0,1,0,0
0,5,0,40,0,0,0,1,0,0,0
1,5,0,194,0,0,0,0,1,0,0
1,4,0,115,0,0,0,0,0,0,0
0,6,0,138,0,0,0,0,1,0,0
1,5,0,319,0,0,0,0,0,0,0
0,6,0,150,0,0,0,0,2,0,0
0,6,0,115,0,0,0,0,1,0,0
0,6,0,114,0,0,0,0,1,0,0
0,6,0,72,0,0,0,0,1,0,0
0,6,0,3,0,0,0,0,1,0,0
0,3,0,4,0,0,0,0,1,0,0
0,6,0,29,0,0,0,0,2,0,0
1,2,0,1,0,0,0,0,0,0,0
1,2,0,8,0,0,0,0,0,0,0
1,6,0,2,0,0,0,0,1,0,0
0,6,0,76,0,0,0,0,3,1,1
0,6,0,0,0,0,0,0,1,0,0
0,6,0,169,0,0,0,2,1,0,0
0,5,0,93,0,0,0,0,1,0,0
0,3,0,13,0,0,0,1,1,0,0
1,4,1,339,0,0,0,0,0,1,1
0,5,0,23,0,0,0,0,0,0,0
0,6,0,173,0,0,0,0,0,0,1
0,5,0,71,0,0,0,0,1,1,0
0,5,0,386,0,0,0,0,1,0,0
0,4,1,294,1,0,0,0,0,1,1
0,6,0,113,0,0,0,0,1,0,0
1,3,0,37,0,0,0,0,1,0,0
1,4,0,383,0,0,0,0,0,0,1
0,4,1,323,1,0,0,0,0,1,1
0,6,0,140,0,0,0,0,0,1,1
0,6,0,87,0,0,0,0,1,0,0
0,6,0,213,0,0,0,1,1,1,1
0,6,0,9,0,0,0,0,0,0,1
1,5,0,0,0,0,0,0,0,0,0
0,6,0,110,0,0,0,1,2,0,0
0,4,0,199,0,0,0,0,0,1,1
0,5,0,122,0,0,56,0,0,1,0
1,6,0,257,0,0,0,0,0,0,1
0,5,0,25,0,0,0,0,0,0,0
0,4,1,17,1,0,0,0,0,1,1
1,6,0,281,0,0,0,0,2,0,1
0,4,1,332,1,0,0,0,0,1,1
0,4,1,179,0,0,0,0,0,1,1
0,5,0,11,0,0,0,0,0,0,0
0,6,0,54,0,0,0,0,0,1,1
0,6,0,90,0,0,0,0,0,0,0
1,2,0,35,0,1,0,0,0,1,1
0,6,0,53,0,0,0,0,1,0,0
0,6,0,182,0,0,0,0,1,1,0
0,6,0,167,0,0,0,0,0,1,1
1,6,0,71,0,0,0,0,1,0,0
0,5,0,199,1,0,0,0,0,1,1
0,3,0,1,0,0,0,0,0,1,0
1,3,0,43,0,0,0,1,0,0,0
0,5,0,12,0,0,0,0,0,0,0
1,6,0,1,0,0,0,2,2,0,0
0,5,0,1,0,0,0,0,0,0,0
1,5,0,131,0,0,0,1,0,0,0
0,6,0,16,0,0,0,0,1,1,0
0,3,0,325,0,0,0,0,1,0,0
0,5,0,11,0,0,3,0,0,1,1
0,3,0,144,0,0,0,0,2,0,1
0,3,0,2,0,0,0,0,1,0,0
1,6,0,42,0,0,0,0,0,1,1
0,6,0,29,0,0,0,0,0,1,1
1,6,0,291,0,0,0,1,2,0,0
0,5,0,56,0,0,0,0,0,0,0
0,4,1,158,0,0,31,0,0,1,1
0,6,0,87,0,0,0,0,2,0,0
0,6,0,48,0,0,0,0,2,0,0
1,2,0,1,0,2,0,1,0,0,0
0,3,0,8,0,0,0,0,0,0,0
1,6,0,113,0,0,0,0,1,0,0
0,6,0,83,0,0,0,0,3,1,0
0,6,0,36,0,0,0,0,1,0,0
0,3,0,7,0,0,0,1,2,0,0
0,6,0,21,0,0,0,0,1,0,0
0,6,0,5,0,0,0,0,1,0,0
0,6,0,192,0,0,0,0,0,1,1
1,5,0,24,0,0,0,0,0,0,0
0,4,0,316,0,0,0,0,0,0,0
1,2,0,13,0,0,0,0,0,0,0
0,1,0,2,0,0,0,0,0,0,0
0,6,0,93,0,0,0,0,2,0,1
0,6,0,98,0,0,0,0,2,0,0
1,5,1,244,19,0,0,0,0,1,1
0,3,0,18,0,0,0,0,0,0,1
0,6,0,46,0,0,0,0,0,1,1
0,4,1,226,0,0,0,0,0,1,1
0,6,0,20,0,0,0,1,1,0,0
1,3,0,11,0,0,0,0,0,0,0
0,2,0,4,1,14,0,0,1,0,0
0,6,0,53,0,0,0,0,1,0,0
0,6,0,14,0,0,0,2,0,1,0
0,5,1,239,0,0,80,0,0,1,1
0,4,0,316,0,0,0,0,0,0,0
0,3,0,34,0,0,0,2,0,0,0
0,4,1,104,0,0,0,0,0,1,1
0,6,0,62,0,0,0,0,0,1,1
1,4,0,251,0,0,0,0,0,0,0
0,5,1,393,0,0,0,0,0,1,1
0,5,1,34,1,0,0,0,0,1,1
0,4,1,386,0,0,0,0,0,1,1
0,4,0,134,0,0,0,0,0,1,0
1,5,0,177,1,0,0,0,0,1,1
0,5,0,75,0,0,0,0,0,0,0
0,4,0,46,0,0,0,0,0,0,1
0,6,0,214,0,0,0,0,1,0,0
1,6,0,192,0,0,0,0,2,0,0
0,6,0,206,0,0,0,0,0,0,0
0,6,0,53,0,0,0,0,0,1,1
1,5,0,205,0,0,0,0,0,1,0
1,5,0,0,0,4,0,0,1,0,0
0,2,0,2,0,0,0,0,0,0,0
1,4,0,213,0,0,0,0,0,0,0
1,6,0,19,0,0,0,0,1,0,0
0,5,0,138,0,0,0,1,1,0,0
0,2,0,2,0,8,0,0,0,0,0
0,6,0,164,0,0,0,0,0,1,1
0,6,0,22,0,0,0,0,0,1,1
0,3,0,4,1,0,0,0,1,1,1
1,2,0,0,0,1,0,0,0,0,0
1,6,0,116,0,0,0,0,2,0,0
1,2,0,24,0,0,0,2,0,0,0
0,6,0,62,0,0,0,0,0,0,1
1,3,0,5,0,0,0,0,0,0,0
1,6,0,86,0,0,0,0,0,1,1
0,6,0,16,0,0,0,0,2,0,0
0,4,0,68,0,0,0,1,0,0,0
0,6,0,111,0,0,0,0,1,0,0
0,6,0,18,0,0,0,0,0,1,1
0,3,0,155,0,0,0,2,1,0,0
0,6,0,56,0,0,0,0,2,0,0
0,5,0,0,0,0,0,0,0,0,0
1,4,0,41,0,0,0,0,1,0,0
1,5,0,170,0,0,0,1,1,0,0
0,6,0,14,0,0,0,0,0,0,1
1,6,0,247,0,0,0,0,2,1,1
1,6,0,0,0,0,0,0,1,0,0
0,6,0,121,0,0,0,0,0,0,1
0,5,1,139,0,0,0,0,0,1,1
0,3,0,1,0,0,0,2,0,0,0
1,6,0,155,0,0,0,0,2,0,1
0,6,0,178,0,0,0,0,0,1,1
0,6,0,2,0,0,0,0,1,0,0
0,5,0,185,0,0,0,0,0,0,0
0,6,0,142,0,0,0,0,0,1,1
1,4,0,57,0,0,0,0,0,0,0
1,4,1,211,0,0,0,0,0,1,1
1,6,0,80,0,0,0,0,0,1,1
0,6,0,21,0,0,0,0,0,0,1
0,4,0,17,0,0,0,0,0,0,0
1,5,0,207,0,0,0,1,1,0,0
1,6,0,216,0,0,0,0,0,1,1
0,5,1,101,0,0,41,0,0,1,1
0,5,0,56,0,0,0,0,0,0,0
0,6,0,133,0,0,0,0,1,0,0
0,4,0,68,0,0,0,0,0,0,0
1,4,1,148,0,0,0,0,0,1,1
0,6,0,4,0,0,0,1,0,0,0
1,3,0,127,0,0,0,0,4,1,0
0,6,0,26,0,0,0,0,0,1,1
1,2,0,4,0,0,0,0,0,0,0
0,6,0,24,0,0,0,0,0,0,1
1,5,0,45,0,0,0,0,0,1,0
0,6,0,77,0,0,0,1,1,0,0
0,5,0,22,0,0,0,0,0,1,0
0,4,0,215,0,0,0,3,0,0,0
1,3,0,1,0,0,0,1,0,0,0
0,5,0,1,0,0,0,0,0,0,0
0,6,0,8,0,0,0,0,0,0,0
0,5,0,414,0,0,0,1,0,1,1
1,6,0,150,0,0,0,0,1,1,0
0,6,0,2,11,4,0,0,1,0,0
0,6,0,195,0,0,0,0,1,0,1
1,5,0,354,0,0,0,0,1,0,0
0,4,0,295,1,0,0,0,0,1,1
1,6,0,33,0,0,0,0,2,0,0
0,3,0,79,0,0,0,0,0,0,0
1,6,0,16,0,0,0,2,2,0,0
0,5,0,292,0,0,0,0,0,0,0
0,6,0,256,0,0,0,0,0,1,0
1,6,0,4,0,1,0,0,0,0,0
0,6,0,139,0,0,0,0,1,0,0
0,6,0,80,0,0,0,0,1,0,0
1,5,0,27,0,0,0,0,0,0,0
1,4,0,254,0,0,0,1,0,0,0
0,6,0,86,0,0,0,0,0,1,1
0,6,0,37,0,0,0,0,1,1,0
1,6,0,108,0,0,0,0,0,1,1
0,5,0,116,0,0,0,0,0,1,1
0,6,0,33,0,0,0,0,0,1,1
0,5,0,92,0,0,58,0,0,0,0
0,6,0,3,0,0,0,0,1,0,0
0,6,0,54,0,0,0,0,1,1,0
0,6,0,1,0,0,0,1,3,0,0
1,6,0,24,0,0,0,0,2,0,0
0,6,0,43,0,0,0,0,1,0,0
1,6,0,71,0,0,0,0,1,1,0
0,3,0,46,0,0,0,0,1,1,0
0,5,1,314,0,0,68,0,0,1,1
0,6,0,23,0,0,0,0,2,1,0
1,5,0,115,0,0,0,0,0,0,0
0,4,1,414,1,0,0,0,0,1,1
0,4,1,67,0,0,0,0,0,1,1
0,6,0,178,0,0,0,0,0,0,1
1,5,0,164,0,0,0,0,2,0,0
1,4,0,276,0,0,0,0,0,0,0
0,6,0,50,0,0,0,0,0,1,1
0,5,0,112,0,0,0,0,0,0,0
0,5,0,7,0,0,0,0,0,0,0
0,5,1,348,0,0,0,0,0,1,1
0,6,0,18,0,0,0,3,1,0,0
1,6,0,202,0,0,0,2,0,1,1
0,6,0,50,0,0,0,0,1,0,0
0,6,0,24,0,0,0,0,1,1,0
0,6,0,40,0,0,0,0,2,0,0
0,4,0,78,0,0,0,1,0,0,0
0,4,0,140,0,0,87,2,0,0,0
1,4,0,199,0,0,0,1,1,0,0
0,5,0,83,0,0,77,1,0,0,0
0,4,0,68,0,0,0,2,0,0,0
0,6,0,78,0,0,0,0,1,0,0
0,6,0,171,0,0,0,2,0,1,1
0,3,0,17,0,0,0,0,0,0,0
0,6,0,56,0,0,0,0,2,0,0
1,6,0,106,0,0,0,4,0,1,1
1,6,0,254,0,0,0,1,1,0,0
0,6,0,251,0,0,0,0,0,1,1
0,6,0,6,0,0,0,0,0,1,0
0,3,0,62,0,0,0,0,0,0,0
0,6,0,133,0,0,0,0,1,0,0
1,3,0,122,0,0,0,0,3,1,0
1,6,0,163,0,0,0,0,1,1,0
0,5,0,141,0,0,0,1,0,1,0
0,3,0,0,0,0,0,1,0,0,0
1,4,0,3,0,0,0,0,0,1,0
1,6,0,215,0,0,0,0,1,1,0
0,6,0,174,0,0,0,0,2,0,0
0,6,0,102,0,0,0,0,1,1,0
0,6,0,68,0,0,0,0,2,0,0
0,5,0,86,0,0,0,0,0,0,0
1,3,0,6,0,1,0,0,0,0,0
1,6,0,38,0,0,0,0,1,0,0
0,6,0,262,0,0,0,0,2,1,1
1,4,0,383,0,0,0,1,0,0,0
0,6,0,10,0,0,0,0,0,1,1
0,5,1,34,1,0,0,0,0,1,1
0,4,0,267,1,0,0,0,0,1,1
1,6,0,16,0,0,0,0,0,0,1
0,2,0,0,0,0,0,0,0,0,0
0,6,0,172,0,0,0,0,2,0,0
0,6,0,56,0,0,0,0,2,0,0
0,6,0,87,0,0,0,0,2,0,0
0,5,0,175,0,0,0,0,0,0,0
0,4,1,304,1,0,0,0,0,1,1
0,5,0,38,0,0,0,0,0,0,0
0,6,0,21,0,0,0,0,1,0,0
1,6,0,38,0,0,0,0,1,0,0
0,5,1,275,0,0,0,0,0,1,1
1,6,0,163,0,0,0,0,1,0,0
1,4,0,14,0,0,0,0,0,0,0
0,2,1,38,0,0,0,0,0,1,1
0,6,0,301,0,0,0,0,0,0,1
0,6,0,62,0,0,0,1,3,1,1
0,5,0,92,0,0,0,0,0,1,0
0,6,0,6,0,0,0,0,1,0,0
0,5,0,6,0,0,0,0,0,0,0
0,6,0,105,0,0,0,0,2,0,0
0,5,1,350,1,0,17,0,0,1,1
0,6,0,20,0,0,0,0,1,1,0
0,5,1,103,0,0,0,0,0,1,1
1,2,0,8,0,2,0,0,0,0,0
0,6,0,189,0,0,0,0,0,1,1
0,4,1,89,0,0,0,0,0,1,1
0,4,0,134,0,0,0,1,0,0,0
0,4,0,75,0,0,0,0,0,0,1
0,6,0,105,0,0,0,0,2,0,0
0,4,0,6,0,0,6,0,0,0,0
0,3,0,12,0,0,0,0,0,1,0
0,2,0,1,0,0,0,0,0,0,0
0,6,0,4,0,0,0,0,2,0,0
0,4,1,92,0,0,0,0,0,1,1
0,4,0,174,0,0,0,0,0,0,0
0,5,0,110,0,0,0,0,0,1,1
0,6,0,25,0,0,0,0,0,1,0
0,5,0,386,0,0,0,0,1,0,0
1,5,0,94,0,0,0,0,1,0,0
0,6,0,111,0,0,0,0,0,1,1
0,6,0,14,0,0,0,0,0,1,1
0,2,0,6,0,1,0,0,0,0,0
0,4,0,53,0,0,0,0,0,0,0
0,5,0,76,0,0,0,0,0,1,1
1,6,0,90,0,0,0,0,1,0,0
1,6,0,39,0,0,0,0,0,0,0
1,4,0,152,0,0,0,2,0,0,0
1,4,1,148,0,0,0,0,0,1,1
0,6,0,61,0,0,0,0,0,1,1
0,6,0,12,0,0,0,0,0,0,1
0,3,0,10,0,0,0,1,1,0,0
0,6,0,17,0,0,0,1,2,0,0
0,4,0,220,0,0,0,0,1,0,0
0,5,0,26,0,0,0,0,0,1,0
0,5,1,75,0,0,0,0,0,1,1
0,2,0,0,0,0,0,0,0,0,0
1,3,0,2,0,0,0,1,2,0,0
0,5,0,210,0,0,0,0,0,0,0
0,4,1,77,0,0,0,0,0,1,1
0,6,0,16,0,0,0,0,0,0,1
0,6,0,192,0,0,0,0,0,0,1
0,6,0,26,0,0,0,0,1,0,0
0,4,0,39,0,0,0,0,1,0,0
1,5,0,328,0,0,0,0,2,0,0
0,4,0,414,0,0,0,1,2,0,0
0,4,0,136,1,0,0,0,0,1,1
1,6,0,12,0,0,0,0,1,1,0
0,6,0,215,0,0,0,0,1,1,0
0,6,0,19,0,0,0,0,1,0,0
1,6,0,148,0,0,0,0,0,0,1
0,6,0,3,0,0,0,0,1,0,0
0,3,0,1,0,0,0,0,1,0,0
0,2,0,1,1,0,0,0,0,0,1
1,5,0,13,0,0,0,1,0,1,0
0,6,0,62,0,0,0,0,1,0,0
0,6,0,11,0,0,0,0,1,0,0
1,6,0,80,0,0,0,0,0,0,1
0,6,0,141,0,0,0,0,1,0,0
0,2,1,38,0,0,0,0,0,1,1
0,3,0,29,0,0,0,2,0,0,1
0,6,0,269,0,0,0,0,2,0,0
0,4,1,475,0,0,0,0,0,1,1
0,6,0,321,0,0,0,0,0,1,1
0,2,1,66,0,11,0,1,0,0,0
1,6,0,110,0,0,0,0,2,0,0
0,4,1,356,1,0,0,0,0,1,1
0,2,0,13,0,0,0,1,0,0,0
0,6,0,3,0,0,0,0,1,1,0
1,5,0,355,0,0,0,0,0,0,0
0,5,0,220,0,0,0,0,0,1,1
0,6,0,117,0,0,0,3,0,0,0
1,6,0,320,0,0,0,0,1,1,0
1,4,0,251,0,0,0,1,0,0,0
0,6,0,11,0,0,0,0,0,0,0
0,6,0,34,0,0,0,0,2,0,0
0,4,1,178,0,0,0,0,0,1,1
0,6,0,108,0,0,0,0,1,0,0
0,6,0,52,0,0,0,2,0,1,1
0,4,1,104,0,0,0,0,0,1,1
0,6,0,137,0,0,0,0,2,0,0
1,6,0,104,0,0,0,1,1,0,0
0,3,0,141,0,0,0,1,2,0,0
0,4,1,420,0,0,0,0,0,1,1
0,6,0,27,0,0,0,0,0,1,1
0,6,0,152,0,0,0,0,2,0,0
1,3,0,0,0,0,0,2,2,0,0
1,3,0,0,0,0,0,1,0,0,0
0,6,0,35,0,0,0,0,0,1,1
0,4,0,158,0,0,0,1,0,0,0
0,4,0,98,0,0,0,0,0,1,0
0,5,0,15,0,0,0,0,0,0,0
0,6,0,290,0,0,0,0,0,1,1
0,6,0,66,0,0,0,0,1,0,0
1,2,0,11,0,0,0,0,0,0,0
0,5,0,63,0,0,0,0,0,0,0
0,6,0,3,0,0,0,0,1,0,0
0,6,0,42,0,0,0,2,1,1,0
0,4,1,129,0,0,0,0,0,1,1
0,5,0,18,0,0,0,0,0,0,0
1,3,0,0,0,4,0,0,1,0,0
0,5,0,32,1,0,0,0,0,1,1
1,6,0,17,0,0,0,0,0,1,1
0,4,0,174,0,0,0,0,1,0,0
0,5,1,304,0,0,0,0,0,1,1
0,3,0,0,0,0,0,0,0,0,0
0,5,0,0,0,0,0,0,1,0,0
0,6,0,47,0,0,0,2,0,1,1
0,6,0,11,0,0,0,0,1,0,0
1,3,0,100,0,0,0,0,0,0,1
1,6,0,216,0,0,0,0,2,0,0
0,6,0,11,0,0,0,0,0,0,0
1,2,0,60,0,0,0,0,0,1,1
1,5,0,37,0,0,0,1,0,1,0
1,3,0,0,0,0,0,0,0,0,0
0,5,1,364,1,0,0,0,0,1,1
0,4,1,158,0,0,31,0,0,1,1
0,5,0,68,0,0,0,0,0,0,0
1,5,0,280,0,0,0,0,0,1,1
0,5,1,100,0,0,0,0,0,1,1
1,3,0,41,0,0,0,0,2,0,0
0,6,0,66,0,0,0,0,0,0,1
1,6,0,29,0,0,0,0,1,1,0
0,6,0,47,0,0,0,1,0,1,1
0,6,0,63,0,0,0,0,1,1,0
1,3,0,0,0,0,0,0,0,0,0
1,5,0,6,0,0,0,0,1,0,0
0,6,0,29,0,0,0,0,1,0,0
1,6,0,1,0,0,0,0,0,0,0
0,6,0,0,0,0,0,0,0,0,0
1,3,0,23,1,5,0,0,4,0,1
1,4,0,37,0,0,0,0,0,0,0
0,5,1,178,1,0,46,0,0,1,1
0,6,0,46,0,0,0,0,1,0,0
1,3,0,0,0,0,0,1,0,0,0
1,6,0,207,0,0,0,0,0,1,0
1,4,0,156,0,0,0,0,0,0,0
0,6,0,91,0,0,0,0,0,0,1
1,6,0,105,0,0,0,0,0,1,1
1,5,0,3,0,0,0,0,0,0,0
0,3,0,6,0,0,0,0,0,0,0
0,5,1,373,0,0,0,0,0,1,1
0,5,1,193,0,0,39,0,0,1,1
0,3,0,13,0,0,0,1,0,0,0
0,4,0,272,1,0,0,0,0,1,1
0,6,0,71,0,0,0,0,1,0,0
0,6,0,77,0,0,0,0,0,1,1
0,6,0,98,0,0,0,0,0,0,1
0,6,0,65,0,0,0,0,2,0,0
0,6,0,162,0,0,0,0,1,0,0
1,3,0,12,0,0,0,0,0,1,0
1,6,0,108,0,0,0,0,3,0,0
0,4,0,5,0,0,0,0,0,0,0
0,6,0,152,0,0,0,0,0,1,1
0,5,0,69,0,0,0,0,0,0,0
1,5,0,230,0,0,0,0,0,0,0
0,4,0,16,0,0,0,3,0,0,0
1,6,0,5,0,0,0,0,1,0,0
0,5,0,42,0,0,0,0,0,0,0
0,6,0,218,0,0,0,0,0,1,1
0,4,0,48,0,0,0,0,1,0,0
1,6,0,2,0,0,0,0,2,0,0
1,2,0,2,1,8,0,1,0,1,0
0,4,0,168,0,0,0,0,0,0,0
0,5,0,118,0,0,0,0,0,1,0
1,5,0,126,0,0,0,0,0,0,0
1,3,0,386,0,0,0,0,2,1,0
0,6,0,195,0,0,0,0,2,0,1
0,5,0,83,0,0,0,0,0,0,0
1,5,0,6,0,0,0,0,0,0,0
1,4,0,14,0,0,0,0,0,0,0
0,3,0,22,0,0,0,1,0,0,1
1,3,0,21,0,0,0,0,1,0,0
0,3,0,65,0,0,0,0,1,0,0
0,6,0,194,0,0,0,0,3,1,1
0,6,0,101,0,0,0,0,0,0,1
1,2,0,33,0,0,0,4,0,0,0
0,4,1,82,0,0,0,0,0,1,1
0,4,0,145,0,0,0,0,1,0,0
1,3,0,2,0,0,0,1,1,0,0
0,6,0,29,0,0,0,0,1,1,0
1,6,0,83,0,0,0,0,2,0,0
0,6,0,252,0,0,0,3,2,1,0
1,4,0,221,0,0,0,0,0,1,1
0,6,0,33,0,0,0,0,0,0,1
0,6,0,36,0,0,0,0,1,0,0
0,6,0,0,0,0,0,0,0,0,0
1,4,0,112,0,0,0,0,0,0,0
0,2,0,33,0,0,15,1,0,0,0
0,5,0,15,0,0,0,0,1,0,0
0,5,0,35,0,0,0,0,0,0,0
0,6,0,31,0,0,0,0,0,1,1
0,5,0,10,0,0,0,1,0,0,0
0,4,0,0,0,0,0,1,0,0,0
0,3,0,2,0,0,0,0,0,0,0
0,6,0,269,0,0,0,0,1,1,0
0,6,0,83,0,0,0,0,2,0,0
1,6,0,60,0,0,0,0,1,0,0
0,4,0,248,0,0,0,0,1,0,0
0,5,0,83,0,0,0,0,0,0,0
0,4,1,189,0,0,0,0,0,1,1
0,6,0,343,0,0,0,0,3,0,0
0,4,1,451,0,0,0,0,0,1,1
1,4,2,339,0,0,150,0,0,0,0
1,3,0,264,0,0,0,0,0,0,0
1,6,0,40,0,0,0,0,2,0,0
0,5,0,12,0,0,0,1,0,0,0
0,5,0,7,0,0,0,0,1,0,0
0,1,0,0,0,0,0,0,0,0,0
0,4,0,93,0,0,0,0,0,0,0
1,4,0,244,1,0,0,0,0,1,1
0,4,1,68,1,0,0,0,0,1,1
0,6,0,125,0,0,0,0,0,0,1
0,6,0,84,0,0,0,0,1,0,0
0,4,1,414,1,0,0,0,0,1,1
0,6,0,101,0,0,0,0,0,1,1
0,6,0,10,0,0,0,0,2,1,0
0,6,0,19,0,0,0,0,1,0,0
0,6,0,78,0,0,0,0,0,0,1
0,6,0,178,0,0,0,0,0,1,1
1,4,1,247,1,0,0,0,0,1,1
0,6,0,48,0,0,0,0,1,0,0
1,6,0,13,0,0,0,2,1,0,0
0,6,0,71,0,0,0,0,0,1,1
1,6,0,32,0,0,0,0,1,0,0
0,5,0,117,0,0,0,1,0,0,0
1,3,0,0,0,0,0,0,0,0,0
1,5,0,125,0,0,0,1,0,0,0
0,5,0,1,0,0,0,0,0,1,0
0,4,0,46,0,0,0,0,0,0,1
0,5,0,53,0,0,0,1,0,0,0
1,4,0,211,0,0,0,0,0,0,0
0,6,0,39,0,0,0,0,0,1,1
0,2,0,9,0,0,0,0,0,0,0
0,4,1,198,0,0,0,0,0,1,1
0,5,0,164,0,0,0,0,0,0,0
1,6,0,88,0,1,0,0,3,0,0
1,5,0,0,0,0,0,0,0,0,0
1,3,0,107,0,0,0,1,0,0,1
0,2,0,4,1,5,0,0,1,0,0
0,5,0,103,0,0,0,0,0,0,0
0,6,0,27,0,0,0,0,2,0,0
0,6,0,6,0,0,0,0,3,0,0
1,4,0,96,0,0,0,1,0,0,0
1,5,0,111,0,0,0,0,0,0,0
0,6,0,197,0,0,0,0,2,0,1
0,3,0,75,0,0,0,0,1,0,0
1,3,0,115,0,2,0,0,2,0,0
0,5,0,13,0,0,0,0,1,0,0
1,5,0,4,0,0,0,0,1,0,0
1,6,0,28,0,0,0,0,1,0,0
1,6,0,14,0,0,0,0,0,1,0
0,4,1,326,1,0,0,0,0,1,1
0,6,0,15,0,0,0,1,2,0,0
0,6,0,52,0,0,0,0,0,1,1
0,5,0,4,0,0,0,0,0,0,0
1,6,0,0,0,0,0,0,1,0,0
0,4,1,186,0,0,0,0,0,1,1
0,6,0,91,0,0,0,0,2,0,0
0,4,0,72,0,0,58,0,0,0,0
0,5,1,226,0,0,0,0,0,1,1
0,4,1,286,0,0,75,0,0,1,1
1,4,0,32,0,0,0,1,0,0,0
0,2,0,5,0,0,0,1,0,1,0
1,4,0,203,0,0,0,2,0,0,0
0,5,1,80,0,0,0,0,0,1,1
0,6,0,292,0,0,0,0,2,0,1
1,6,0,159,0,0,0,0,1,0,0
0,4,0,151,0,0,0,0,1,0,0
1,6,0,23,0,0,0,4,1,1,0
0,4,1,92,0,0,0,0,0,1,1
0,6,0,74,0,0,0,0,0,1,1
0,6,0,220,0,0,0,0,0,1,1
0,6,0,4,0,0,0,0,1,0,0
1,3,0,28,0,0,0,0,0,0,0
0,4,1,198,0,0,0,0,0,1,1
0,2,0,5,0,0,0,0,0,1,0
0,4,1,66,0,0,0,0,0,1,1
0,6,0,71,0,0,0,0,3,0,0
1,4,0,44,0,0,0,0,0,1,1
0,0,0,2,0,0,0,0,0,0,0
0,6,0,0,0,0,0,0,0,0,0
0,6,0,45,0,0,0,0,1,0,0
1,3,0,0,0,0,0,0,0,0,0
0,6,0,165,0,0,0,0,3,0,0
0,6,0,215,0,0,0,0,0,0,1
0,5,0,183,0,0,0,0,0,0,1
0,5,0,1,0,0,0,0,0,0,0
1,5,0,194,0,0,0,0,0,0,0
0,5,0,180,0,0,0,0,1,0,0
0,6,0,34,0,0,0,0,1,1,0
0,5,0,132,0,0,0,0,1,0,0
1,6,0,2,0,0,0,0,1,0,0
0,6,0,8,0,0,0,1,1,0,0
1,3,0,2,0,1,0,0,0,0,0
0,6,0,16,0,0,0,0,0,1,1
0,4,1,27,0,0,0,0,0,1,1
0,4,0,134,0,0,0,0,1,0,0
0,6,0,54,0,0,0,0,1,0,0
1,6,0,141,0,0,0,0,0,0,1
0,4,0,135,0,0,0,0,0,0,0
0,6,0,36,0,0,0,0,0,1,1
1,6,0,5,0,0,0,0,1,0,0
1,6,0,77,0,0,0,0,2,0,0
1,6,0,71,0,0,0,1,0,0,0
0,6,0,5,0,0,0,1,0,0,0
0,6,0,0,0,0,0,1,2,0,0
0,2,0,5,0,0,0,0,0,0,0
1,6,0,136,0,0,0,0,4,0,0
1,6,0,61,0,0,0,0,0,0,1
0,2,1,38,0,0,0,0,0,1,1
0,3,0,147,0,0,0,0,0,0,0
0,6,0,14,0,0,0,1,1,0,0
1,6,0,5,0,0,0,0,0,0,0
0,2,0,5,2,6,0,0,0,0,0
0,6,0,37,0,0,0,0,1,0,0
0,6,0,110,0,0,0,0,1,0,0
1,5,0,195,0,0,0,0,0,1,0
0,6,0,19,0,0,0,0,0,1,1
0,6,0,175,0,0,0,0,1,0,0
0,6,0,145,0,0,0,1,0,0,0
0,5,0,6,0,0,0,0,0,0,0
1,3,0,130,0,0,0,0,0,0,1
0,5,0,296,0,0,0,0,1,0,0
1,4,0,285,0,0,0,1,1,0,0
1,6,0,6,0,0,0,0,1,0,0
1,6,0,270,0,0,0,0,3,0,0
1,4,0,312,0,0,0,0,0,0,1
1,3,0,119,0,0,0,1,1,0,0
0,5,0,28,0,0,0,1,1,0,0
1,3,0,18,0,0,0,0,0,0,0
1,6,0,32,0,0,0,0,1,0,0
0,6,0,188,0,0,0,0,0,1,1
0,2,0,105,3,17,0,1,0,0,0
1,6,0,78,0,0,0,0,0,0,1
0,5,0,163,0,0,0,0,0,1,0
0,6,0,86,0,0,0,0,0,1,1
0,4,1,359,1,0,0,0,0,1,1
1,5,0,21,0,0,0,0,2,0,0
0,6,0,1,0,0,0,0,1,0,0
0,6,0,102,0,0,0,0,1,0,0
0,6,0,113,0,0,0,0,0,1,1
0,5,0,191,0,0,0,0,0,0,0
1,5,0,205,0,0,0,1,0,0,0
0,6,0,194,0,0,0,0,1,1,0
1,6,0,34,0,0,0,0,0,0,1
1,6,0,5,0,0,0,0,2,0,0
1,5,0,174,0,0,0,0,1,0,0
1,4,0,257,0,0,0,0,0,0,0
1,6,0,223,0,0,0,2,2,1,0
0,4,1,104,0,0,0,0,0,1,1
0,4,0,134,0,0,0,0,0,1,0
1,6,0,6,0,0,0,0,0,0,0
0,6,0,53,0,0,0,1,2,0,0
1,6,0,8,0,0,0,0,2,1,0
0,5,1,93,0,0,0,0,0,1,1
0,6,0,277,0,0,0,0,1,0,0
1,6,0,158,0,0,0,0,0,1,0
1,5,0,4,0,0,0,0,0,0,0
1,5,1,77,0,0,0,0,0,1,1
1,4,0,7,0,0,0,0,0,0,0
0,4,1,42,0,0,0,0,0,1,1
0,6,0,8,0,0,0,0,2,0,0
0,6,0,22,0,0,0,0,1,0,0
0,5,1,105,0,0,0,0,0,1,1
1,6,0,10,0,0,0,2,1,0,0
0,6,0,90,0,0,0,0,2,0,0
0,6,0,17,0,0,0,0,0,0,0
1,6,0,21,0,0,0,0,0,0,1
0,6,0,187,0,0,0,0,2,0,0
1,4,0,40,0,0,0,1,0,0,0
0,6,0,86,0,0,0,0,1,1,0
0,6,0,186,0,0,0,0,1,0,1
0,3,0,2,0,0,0,2,1,0,0
0,6,0,98,0,0,0,0,0,0,1
1,6,0,5,0,0,0,0,0,1,0
1,6,0,270,0,0,0,0,2,0,0
0,6,0,32,0,0,0,0,1,1,0
0,5,0,279,0,0,0,0,1,0,0
1,4,0,181,0,0,0,0,0,1,1
1,6,0,68,0,0,0,1,1,0,0
1,4,1,49,0,0,0,1,0,1,1
0,5,0,9,0,0,0,0,0,0,0
1,5,0,40,0,0,0,0,0,0,0
0,6,0,27,0,0,0,0,3,0,0
0,6,0,118,0,0,0,0,0,1,1
0,6,0,131,0,0,0,3,1,0,0
1,6,0,4,0,0,0,0,0,0,0
0,6,0,0,0,0,0,0,1,0,0
1,3,0,27,0,0,0,0,2,1,0
1,6,0,122,0,0,0,4,3,1,0
1,6,0,0,0,0,0,0,1,0,0
1,2,0,6,1,1,0,0,0,0,0
0,5,0,166,0,0,0,0,1,0,0
0,4,1,28,0,0,0,0,0,1,1
0,6,0,4,0,0,0,0,1,0,0
0,6,0,25,0,0,0,0,0,0,0
0,2,0,1,0,0,0,0,0,0,0
0,2,0,149,0,0,0,0,0,0,0
0,6,0,15,0,0,0,0,2,0,0
0,4,1,464,0,0,391,0,0,1,1
0,6,0,202,0,0,0,1,2,0,1
0,6,0,25,0,0,0,0,1,0,0
0,6,0,122,0,0,0,0,0,1,0
1,6,0,67,0,0,0,0,2,0,0
0,6,0,49,0,0,0,0,0,1,1
0,6,0,147,0,0,0,0,0,0,1
0,4,1,342,1,0,0,0,0,1,1
1,4,0,383,0,0,0,1,0,0,0
1,6,0,194,0,0,0,1,2,0,0
0,1,0,46,0,0,0,0,0,0,0
1,6,0,23,0,0,0,0,0,1,1
1,6,0,13,0,0,0,0,1,0,0
0,6,0,3,0,0,0,0,0,1,0
0,6,0,112,0,0,0,0,1,0,0
0,4,0,56,0,0,0,0,0,0,1
1,5,0,114,0,0,0,0,3,0,0
0,3,0,0,0,0,0,1,0,0,0
0,6,0,204,0,0,0,0,1,0,0
0,4,1,265,0,0,0,0,0,1,1
0,6,0,39,0,0,0,0,0,0,1
0,6,0,83,0,0,0,0,0,1,1
0,6,0,63,0,0,0,0,1,0,0
0,6,0,48,0,0,0,0,1,0,0
0,6,0,36,1,0,0,0,0,1,1
0,5,0,143,0,0,0,0,0,0,0
0,6,0,138,0,0,0,2,1,0,0
0,2,0,1,0,0,0,1,1,0,0
0,6,0,50,0,0,0,0,1,0,0
0,6,0,67,0,0,0,0,0,0,1
0,6,0,37,0,0,0,1,1,0,0
1,4,0,221,0,0,0,0,0,1,1
1,2,0,7,0,0,0,0,0,0,0
1,6,0,29,0,0,0,0,2,0,0
0,6,0,166,0,0,0,0,1,0,0
0,6,0,6,0,0,0,0,1,0,0
0,5,1,160,0,0,71,0,0,1,1
0,5,0,6,0,0,0,0,0,0,0
0,6,0,67,0,0,0,0,1,0,0
1,1,0,58,0,0,0,1,1,0,0
0,4,1,468,0,0,0,0,0,1,1
1,3,0,2,0,0,0,0,2,0,0
1,6,0,77,0,0,0,0,1,1,0
0,6,0,100,0,0,0,0,1,0,0
0,4,1,5,0,0,0,0,0,1,1
0,3,0,103,0,0,0,0,1,0,0
0,5,0,57,0,0,0,0,1,0,0
0,6,0,72,0,0,0,0,0,1,1
1,6,0,0,0,0,0,0,1,0,0
0,6,0,143,0,0,0,1,2,0,0
0,5,0,395,0,0,0,0,1,0,0
0,5,0,395,0,0,0,0,0,0,1
0,5,1,464,0,0,0,0,0,1,1
0,6,0,12,0,0,0,0,0,1,1
0,6,0,21,0,0,0,0,1,0,0
0,5,0,423,0,0,0,0,1,0,0
1,6,0,266,0,0,0,0,1,0,0
1,4,0,83,0,0,0,1,0,0,0
1,4,0,312,0,0,0,1,0,1,0
0,6,0,99,0,0,0,0,1,0,0
1,5,0,173,0,0,0,0,0,0,0
1,3,0,1,0,0,0,0,0,0,0
0,6,0,141,0,0,0,0,2,0,0
0,1,0,0,1,7,0,0,2,0,0
0,4,1,55,0,0,0,0,0,1,1
0,6,0,27,0,0,0,0,0,0,1
0,6,0,3,0,0,0,0,1,0,0
0,4,1,341,1,0,0,0,0,1,1
0,5,0,164,0,0,0,0,0,0,0
0,5,0,301,0,0,0,0,0,1,1
0,5,0,153,0,0,0,0,0,0,0
1,5,0,159,0,0,0,0,0,0,0
0,5,0,41,0,0,0,0,0,0,0
1,5,0,152,0,0,0,0,0,0,0
0,5,0,39,0,0,0,0,0,0,1
1,3,0,0,0,1,0,1,0,0,0
1,5,0,7,0,0,0,0,0,0,0
0,6,0,107,0,0,0,0,1,0,0
1,4,0,23,0,0,0,0,1,0,0
0,6,0,93,0,0,0,2,1,0,1
0,5,0,14,0,0,0,0,0,0,0
0,6,0,53,0,0,0,0,1,0,0
1,3,0,0,0,0,0,0,0,0,0
1,6,0,218,0,0,0,0,1,0,0
0,6,0,185,0,0,0,0,0,1,1
0,5,0,41,0,0,0,0,0,0,0
1,2,0,2,0,0,0,0,0,0,0
1,4,0,112,0,0,0,0,0,1,0
0,6,0,5,0,0,0,0,0,0,0
0,5,0,88,0,0,0,0,2,0,0
0,2,0,1,0,3,0,0,1,0,0
1,6,0,34,0,0,0,0,1,1,0
1,6,0,0,0,0,0,0,1,0,0
0,6,0,193,0,0,0,1,1,1,0
1,2,0,5,0,0,0,0,0,1,0
0,6,0,117,0,0,0,0,1,0,0
1,6,0,40,0,0,0,0,1,1,0
0,2,0,12,0,7,0,0,1,0,0
0,6,0,107,0,0,0,0,0,1,0
1,6,0,2,0,0,0,0,0,0,0
0,4,1,274,0,0,0,0,0,1,1
1,6,0,0,0,0,0,0,0,0,0
0,6,0,4,0,0,0,0,2,0,0
1,6,0,119,0,0,0,0,0,1,1
0,6,0,48,0,0,0,0,0,1,0
0,6,0,104,0,0,0,0,0,1,1
0,3,0,6,0,0,0,0,0,0,0
1,4,2,4,0,0,0,0,0,0,0
0,4,1,363,1,0,0,0,0,1,1
0,6,0,1,0,0,0,0,0,0,0
0,6,0,13,0,0,0,0,1,0,0
0,6,0,92,0,0,0,0,2,1,0
0,6,0,63,0,0,0,0,0,0,1
0,3,0,343,0,0,0,1,2,0,0
0,5,1,34,1,0,0,0,0,1,1
1,6,0,47,0,2,0,0,1,0,0
0,2,0,33,0,0,0,3,1,0,0
1,6,0,101,0,0,0,0,3,0,0
0,6,0,1,0,0,0,1,0,0,0
1,5,0,252,0,0,0,0,1,0,0
1,6,0,12,0,0,0,0,0,0,0
0,4,0,213,0,0,0,1,0,0,0
0,6,0,85,0,0,0,0,1,0,0
0,4,1,426,0,0,0,0,0,1,1
0,6,0,10,0,0,0,0,0,1,1
0,3,0,87,0,0,0,0,1,0,0
0,6,0,262,0,0,0,0,2,0,1
1,6,0,1,0,0,0,0,1,0,0
0,6,0,77,0,0,0,0,1,1,0
0,5,0,79,0,0,0,0,1,0,0
1,6,0,3,0,0,0,0,2,0,0
0,6,0,50,0,0,0,0,2,0,0
0,5,1,313,0,0,0,0,0,1,1
1,5,0,142,0,0,0,0,0,0,0
0,4,1,137,1,0,45,0,0,1,1
1,6,0,0,0,0,0,0,2,0,0
1,3,0,15,2,0,0,0,3,1,1
0,4,0,264,0,0,0,0,0,0,0
0,5,0,34,0,0,0,0,0,0,0
1,6,0,26,0,0,0,0,1,0,0
1,6,0,82,0,0,0,0,2,0,0
0,4,0,69,0,0,0,0,0,0,0
0,5,0,75,0,0,0,0,0,0,0
0,6,0,166,0,0,0,0,2,0,0
0,6,0,117,0,0,0,0,1,0,0
0,3,0,0,0,0,0,0,0,0,0
1,6,0,168,0,0,0,0,2,0,0
0,6,0,124,0,0,0,0,1,0,0
1,6,0,53,0,0,0,0,1,0,0
1,6,0,3,0,0,0,0,1,0,0
0,4,0,351,1,0,0,0,0,1,1
0,5,0,256,1,0,0,1,0,1,1
0,6,0,205,0,0,0,0,0,1,1
0,5,1,19,1,0,0,0,0,1,1
0,5,1,304,0,0,0,0,0,1,1
1,6,0,16,0,0,0,0,1,0,0
0,6,0,64,0,0,0,0,1,0,0
0,6,0,254,0,0,0,0,1,0,0
0,2,0,0,0,5,0,0,0,0,0
0,4,1,104,0,0,0,0,0,1,1
0,4,1,510,0,0,0,0,0,1,1
1,3,0,5,0,0,0,0,0,1,0
0,4,1,201,0,0,0,0,0,1,1
0,5,0,122,0,1,56,1,0,0,0
1,6,0,5,0,0,0,0,0,0,0
0,6,0,14,0,0,0,0,0,1,1
1,3,0,0,0,0,0,0,0,0,0
0,3,0,12,0,0,0,0,1,0,0
0,6,0,215,0,0,0,0,1,0,0
0,5,0,349,0,0,162,0,0,0,1
0,5,0,46,0,0,0,0,0,1,0
1,5,0,207,1,0,0,0,0,1,1
0,6,0,8,0,0,0,0,0,1,0
0,3,0,168,0,0,0,1,0,0,0
0,5,0,37,0,0,0,0,0,1,1
0,4,1,360,1,0,0,0,0,1,1
1,5,0,88,0,0,0,0,1,0,1
0,6,0,89,0,0,0,3,1,0,0
1,2,0,3,0,4,0,0,1,0,0
0,3,0,141,0,0,0,0,1,0,0
1,4,0,181,0,0,0,0,0,1,1
0,6,0,21,0,0,0,0,1,1,0
0,6,0,183,0,0,0,0,1,0,0
1,3,0,3,0,0,0,0,1,0,0
0,4,0,316,0,0,0,0,0,0,0
0,5,0,4,0,0,0,0,0,0,0
0,4,1,151,0,0,0,0,0,1,1
1,5,0,59,0,0,0,0,0,1,0
0,6,0,226,0,0,0,0,2,1,0
1,4,1,92,1,0,0,0,0,1,1
0,5,0,3,0,0,0,0,0,0,0
0,6,0,33,0,0,0,0,0,1,1
0,6,0,1,0,0,0,0,1,0,0
0,4,1,461,0,0,0,0,0,1,1
0,6,0,38,0,0,0,0,1,0,0
0,6,0,29,0,0,0,0,1,1,0
1,6,0,151,0,0,0,0,0,1,1
0,5,1,15,0,0,0,0,0,1,1
0,6,0,22,0,0,0,0,0,0,1
1,6,0,71,0,0,0,0,1,0,0
0,6,0,5,0,0,0,0,0,0,0
0,5,1,105,0,0,0,0,0,1,1
0,6,0,93,0,0,0,0,1,1,0
1,5,0,28,0,0,0,0,0,0,0
0,2,0,2,3,37,0,1,0,0,0
0,4,1,181,0,0,0,0,0,1,1
0,6,0,20,0,0,0,0,0,1,1
1,2,0,6,0,12,0,0,0,0,0
1,6,0,105,0,0,0,0,1,0,0
1,6,0,242,0,0,0,0,2,0,0
0,6,0,60,0,0,0,0,1,0,0
0,4,1,104,0,0,0,0,0,1,1
1,3,0,79,0,0,0,1,1,0,0
0,5,0,49,0,0,0,0,0,1,0
0,3,0,35,0,0,0,0,2,1,0
0,4,1,162,0,0,0,0,0,1,1
1,6,0,141,0,0,0,0,0,0,1
0,6,0,260,0,0,0,0,0,1,1
1,4,1,238,0,0,0,0,0,1,1
1,3,0,23,0,0,0,0,0,0,0
0,6,0,78,0,0,0,0,1,0,0
1,6,1,0,0,0,0,0,0,1,1
0,4,1,266,0,0,0,0,0,1,1
0,6,0,153,0,0,0,1,1,0,0
0,5,1,180,0,0,0,0,0,1,1
1,3,0,0,0,0,0,0,0,0,0
0,6,0,37,0,0,0,0,1,0,0
0,6,0,4,0,0,0,0,2,0,0
0,6,0,29,0,0,0,0,0,1,1
0,6,0,29,0,0,0,0,0,1,1
1,3,0,2,0,0,0,0,1,0,0
1,4,0,16,0,0,0,0,0,0,1
0,3,0,101,0,0,0,0,2,1,1
1,4,0,8,0,0,0,5,0,1,0
1,6,0,17,0,0,0,0,1,0,0
0,6,0,108,0,0,0,0,3,0,0
0,6,0,132,0,0,0,0,1,0,0
1,4,0,102,0,0,0,0,0,1,1
1,6,0,65,0,0,0,0,0,1,1
0,5,1,140,0,0,0,0,0,1,1
1,6,0,256,0,0,0,0,1,0,1
0,6,0,12,0,0,0,0,1,0,0
1,5,0,10,0,0,0,0,0,0,0
1,4,1,93,0,0,0,0,0,1,1
0,6,0,94,0,0,0,0,0,1,1
1,5,0,158,0,0,0,1,0,0,0
1,6,0,192,0,0,0,0,0,1,0
0,5,1,150,0,0,0,0,0,1,1
1,4,1,78,0,0,0,0,0,1,1
0,6,0,81,0,0,0,0,1,0,0
0,4,1,89,0,0,0,0,0,1,1
0,5,0,8,0,0,0,0,0,0,0
0,4,0,316,0,0,0,0,0,0,0
0,5,0,40,0,0,0,1,0,0,0
0,4,1,489,0,0,0,0,0,1,1
0,6,0,9,0,1,0,0,1,0,0
0,4,0,84,0,0,0,1,0,0,0
0,6,0,5,0,0,0,1,0,0,0
1,6,0,50,0,0,0,1,1,0,0
0,5,1,239,0,0,80,0,0,1,1
1,5,0,246,1,0,0,0,0,1,1
0,4,1,379,1,0,0,0,0,1,1
1,6,0,14,0,0,0,0,1,0,0
0,4,1,68,1,0,0,0,0,1,1
0,3,0,7,0,0,0,0,1,0,0
0,6,0,25,1,0,0,0,1,1,1
0,5,0,201,0,0,0,0,0,0,0
0,4,0,316,0,0,0,0,0,0,0
1,6,0,5,0,0,0,0,2,0,0
1,5,0,62,0,0,0,0,0,0,0
0,2,0,37,0,2,0,0,0,0,0
1,6,0,200,0,0,0,0,1,0,1
0,6,0,77,0,0,0,2,0,0,0
0,6,0,6,0,0,0,0,2,0,0
1,6,0,5,0,0,0,0,0,0,0
0,5,0,116,0,0,0,0,0,1,1
0,5,1,150,0,0,91,0,0,1,1
1,3,0,38,0,0,0,0,0,0,0
0,6,0,34,0,0,0,0,0,1,1
0,5,1,25,1,0,0,0,0,1,1
0,6,0,0,0,0,0,0,2,0,0
0,6,0,12,0,1,0,0,0,0,0
0,6,0,33,0,0,0,0,0,0,1
0,5,0,191,0,0,0,0,0,0,0
1,2,0,60,0,3,0,0,0,0,0
0,6,0,157,0,0,0,0,1,0,0
0,5,0,102,0,0,0,0,0,0,0
0,4,1,97,0,0,0,0,0,1,1
0,6,0,7,0,0,0,0,3,0,1
0,4,1,349,1,0,0,0,0,1,1
1,6,0,161,0,0,0,0,0,1,1
0,6,0,38,0,0,0,0,1,0,0
1,5,0,20,0,0,0,0,1,0,0
1,4,0,342,0,1,125,2,0,0,0
1,5,0,95,0,0,0,0,0,0,0
0,6,0,114,0,0,0,0,1,0,0
1,6,0,16,0,0,0,0,0,1,1
0,6,0,1,0,0,0,0,0,1,0
0,3,0,315,2,4,0,0,1,1,1
1,6,0,0,0,0,0,0,1,0,0
0,6,0,251,0,0,0,0,1,0,0
0,6,0,5,0,0,0,0,1,0,0
0,6,0,123,0,0,0,0,1,1,1
0,6,0,53,0,0,0,0,1,0,0
0,6,0,41,0,0,0,0,2,0,0
1,6,0,51,0,0,0,0,1,1,0
1,4,1,277,1,0,0,0,0,1,1
0,4,0,65,0,0,0,0,0,1,0
0,5,1,433,0,0,0,0,0,1,1
0,2,0,14,0,0,0,1,0,1,0
0,5,0,31,0,0,0,0,0,0,0
0,4,0,6,0,0,0,0,0,0,0
0,5,0,120,0,0,0,0,0,0,0
0,6,0,37,0,0,0,0,1,0,0
0,4,1,393,0,0,0,0,0,1,1
0,6,0,150,0,0,0,0,1,0,0
0,4,0,63,0,0,0,0,1,0,0
1,5,1,77,0,0,0,0,0,1,1
0,4,1,240,0,0,0,0,0,1,1
1,5,0,39,0,0,0,0,0,0,0
0,4,0,132,0,0,0,0,0,0,0
0,5,0,256,0,0,0,0,1,0,0
0,4,1,337,0,0,0,0,0,1,1
1,4,0,34,0,0,0,0,0,1,0
1,5,0,164,0,0,0,0,0,0,0
0,6,0,2,0,0,0,0,1,0,0
0,5,1,261,1,0,0,0,0,1,1
0,6,0,159,0,0,0,0,0,0,1
0,4,1,61,0,0,0,0,0,1,1
0,6,0,122,0,0,0,0,2,0,0
0,5,0,320,0,0,0,1,0,0,0
0,6,0,229,0,0,0,0,1,1,0
0,6,0,28,0,0,0,0,0,1,1
1,3,0,5,0,0,0,0,0,0,0
0,6,0,179,0,0,0,0,1,1,0
0,6,0,42,0,0,0,0,0,1,1
1,6,0,6,0,0,0,1,2,1,0
0,5,0,73,0,0,0,0,0,0,0
0,6,0,28,0,0,0,0,0,1,1
1,6,0,43,0,0,0,0,0,1,1
1,6,0,190,0,0,0,0,1,1,1
0,6,0,12,0,0,0,0,0,1,1
0,3,0,171,0,0,0,0,0,0,0
1,6,0,224,0,0,0,1,0,0,0
0,3,0,18,0,0,0,0,0,0,1
1,4,1,171,0,0,0,0,0,0,0
1,6,0,29,0,0,0,0,2,0,0
0,3,0,27,0,0,0,0,0,0,0
1,2,0,15,1,3,0,2,1,0,0
0,5,0,35,0,0,0,0,0,1,0
1,6,0,7,0,0,0,0,1,0,0
1,3,0,0,0,0,0,0,0,0,0
1,6,0,69,0,0,0,1,1,0,0
0,6,0,0,0,0,0,0,0,0,0
0,6,0,107,0,0,0,0,0,1,0
0,6,0,33,0,0,0,0,0,1,1
1,4,0,3,0,0,0,0,0,0,0
0,6,0,192,0,0,0,0,2,0,0
1,6,0,14,0,0,0,0,1,1,0
0,6,0,158,0,0,0,1,2,0,0
0,4,1,92,0,0,0,0,0,1,1
0,6,0,182,0,0,0,0,1,1,0
0,6,0,354,0,0,0,0,0,1,1
1,2,0,0,0,0,0,0,0,0,0
0,6,0,14,0,0,0,0,2,0,0
1,5,0,225,0,0,0,0,1,0,0
1,4,0,236,0,0,0,0,0,0,1
0,6,0,141,0,0,0,2,3,1,0
0,5,0,122,0,0,56,0,0,0,0
1,5,0,213,0,0,0,0,1,1,1
0,6,0,27,0,0,0,0,1,0,0
1,6,0,333,0,0,0,0,4,1,0
0,4,1,323,0,0,0,0,0,1,1
0,6,0,23,0,0,0,0,1,0,0
1,6,0,38,0,0,0,0,1,1,0
0,6,0,249,0,0,0,0,0,1,1
0,5,1,102,0,0,0,0,0,1,1
0,6,0,111,0,0,0,0,1,1,0
0,6,0,184,0,0,0,0,0,1,1
1,6,0,25,0,0,0,0,0,0,0
0,4,1,129,0,0,0,0,0,1,1
0,6,0,331,0,0,0,2,0,1,1
0,6,0,127,0,0,0,0,1,1,0
0,6,0,8,0,0,0,0,0,0,0
1,4,0,7,0,0,0,1,0,0,0
1,6,0,64,0,0,0,2,2,0,1
0,6,0,19,0,0,0,0,2,0,0
0,5,0,151,0,0,63,2,0,0,0
0,5,0,36,0,0,0,0,0,0,0
0,3,0,32,0,0,0,0,1,0,0
0,6,0,102,0,0,0,0,0,1,1
0,5,0,396,0,0,0,2,1,0,0
1,5,0,160,0,0,0,0,2,0,0
0,3,0,0,0,0,0,1,0,0,0
1,2,0,18,0,0,0,1,0,1,0
1,4,0,244,24,0,0,0,0,1,1
0,6,0,255,0,0,0,0,0,1,1
0,6,0,315,0,0,0,0,0,1,1
1,6,0,54,0,0,0,0,0,1,1
0,4,1,92,0,0,0,0,0,1,1
0,5,0,156,0,0,0,1,0,0,0
1,6,0,94,0,0,0,0,0,1,0
0,6,0,24,0,0,0,0,0,0,1
0,6,0,175,0,0,0,0,0,1,1
1,5,0,138,0,0,0,1,0,0,0
0,6,0,169,0,0,0,0,1,0,0
1,2,0,54,0,0,0,0,0,1,1
1,2,0,24,0,0,0,3,0,0,0
1,4,1,121,0,0,0,0,0,1,1
1,6,0,61,0,0,0,0,0,0,1
0,4,0,97,0,0,0,0,0,0,0
0,4,1,267,0,0,0,0,0,1,1
1,3,0,97,0,0,0,0,0,1,0
1,2,0,3,0,2,0,0,0,0,0
1,6,0,20,0,0,0,0,2,0,0
1,5,0,195,0,0,0,0,0,0,0
0,6,0,346,0,0,0,0,1,1,1
1,6,0,83,0,0,0,1,0,0,0
0,5,0,122,0,0,0,1,0,0,0
0,6,0,19,0,0,0,0,2,0,0
0,3,0,96,0,0,0,0,0,0,0
1,6,0,61,0,0,0,0,1,0,0
0,4,0,44,0,0,0,2,0,0,0
1,6,0,16,0,0,0,0,1,0,0
0,4,0,134,0,0,0,0,0,1,0
1,6,0,98,0,0,0,1,0,0,0
0,6,0,15,0,0,0,0,2,0,0
0,6,0,116,0,0,0,0,3,1,0
0,6,0,40,0,0,0,1,1,0,0
1,6,0,13,0,0,0,0,2,0,0
0,5,1,139,0,0,0,0,0,1,1
1,6,0,28,0,0,0,0,0,0,0
1,2,0,38,0,0,0,3,0,1,1
1,5,0,28,0,0,0,0,0,0,0
1,6,0,306,0,0,0,0,1,0,1
0,6,0,163,0,0,0,1,2,0,1
0,5,1,178,1,0,46,0,0,1,1
0,3,0,4,0,0,0,1,0,0,0
0,4,1,307,1,0,0,0,0,1,1
1,6,0,80,0,0,0,0,2,0,1
0,6,0,79,0,0,0,0,0,1,1
0,2,0,3,0,1,0,0,1,0,0
0,6,0,141,0,0,0,0,1,0,0
1,4,0,287,0,0,0,1,0,0,0
1,5,0,0,0,0,0,0,0,0,0
1,6,0,2,0,1,0,0,2,0,0
1,6,0,66,0,0,0,0,1,0,0
0,4,1,68,1,0,0,0,0,1,1
0,4,0,208,0,0,0,0,0,0,0
0,6,0,172,0,0,0,0,1,0,0
0,6,0,115,0,0,0,0,1,0,0
0,2,0,4,0,2,0,1,1,0,0
0,2,1,69,0,0,0,0,0,1,1
0,6,0,19,0,0,0,1,1,0,0
0,6,0,4,0,0,0,0,1,0,0
0,6,0,0,0,0,0,0,1,0,0
0,4,0,2,0,0,0,0,0,0,0
0,6,0,11,0,0,0,0,1,0,0
0,5,0,112,0,0,0,0,0,1,0
0,5,0,6,2,17,0,1,3,0,0
1,5,0,72,0,0,0,0,0,0,0
1,6,0,1,0,0,0,0,1,0,0
0,6,0,38,0,0,0,0,1,1,0
1,5,0,34,0,0,0,0,0,0,0
0,6,0,119,0,0,0,3,0,1,1
0,4,0,267,0,0,0,0,0,1,0
0,6,0,35,0,0,0,0,0,0,1
0,2,0,12,0,1,0,0,0,0,0
0,4,0,213,0,0,0,1,0,0,0
0,6,0,2,0,0,0,0,1,0,0
1,3,0,195,0,0,0,1,0,0,0
1,6,0,126,0,0,0,0,0,1,1
0,6,0,280,0,0,0,0,0,1,1
1,5,0,46,0,0,0,0,0,0,0
0,5,1,105,0,0,0,0,0,1,1
1,6,0,86,0,0,0,0,0,0,1
1,6,0,0,0,0,0,0,1,0,0
0,4,1,104,0,0,0,0,0,1,1
1,6,0,61,0,3,0,0,0,0,0
0,6,0,116,0,0,0,0,0,0,1
0,5,1,112,0,0,0,0,0,1,1
1,6,0,15,0,0,0,1,0,0,0
0,5,1,275,0,0,0,0,0,1,1
0,5,0,102,0,0,0,1,0,0,0
0,5,0,138,0,0,0,0,0,1,0
0,4,0,12,0,0,0,0,0,0,0
1,6,0,125,0,0,0,0,1,0,0
1,5,0,6,0,0,0,0,0,0,0
0,6,0,17,0,0,0,0,2,0,0
1,2,0,1,2,9,0,0,0,0,0
1,3,0,0,0,0,0,0,0,0,0
0,5,0,292,0,0,0,1,0,0,0
0,4,1,443,0,0,391,0,0,1,1
0,6,0,0,0,0,0,0,1,0,0
0,6,0,120,0,0,0,0,3,1,0
0,4,0,30,0,0,0,0,0,1,1
0,3,0,17,0,0,0,0,2,0,1
0,4,0,451,0,0,0,0,1,0,0
0,4,1,82,0,0,0,0,0,1,1
0,6,0,113,0,0,0,0,1,0,0
0,6,0,156,0,0,0,0,1,0,0
0,6,0,129,0,0,0,0,0,1,1
1,6,0,0,0,0,0,0,1,1,0
0,6,0,1,0,0,0,0,0,0,0
0,4,1,215,0,0,0,0,0,1,1
0,6,0,91,0,0,0,0,0,0,1
0,5,1,34,1,0,0,0,0,1,1
1,5,0,9,0,0,0,0,0,0,0
0,6,0,240,0,0,0,1,3,0,0
0,6,0,222,0,0,0,0,0,1,1
1,6,0,2,0,0,0,0,0,0,0
0,6,0,6,0,0,0,0,0,0,0
0,6,0,14,0,0,0,1,1,0,0
0,6,0,300,0,0,0,1,2,0,0
0,6,0,109,0,0,0,0,1,1,0
1,6,0,49,0,0,0,0,1,0,0
0,2,1,153,0,0,0,0,0,1,1
0,6,0,148,0,0,0,1,1,0,1
1,6,0,99,0,0,0,1,0,0,0
1,6,0,82,0,0,0,1,2,1,0
0,6,0,103,0,0,0,0,1,0,0
0,4,1,77,0,0,0,0,0,1,1
1,6,0,48,0,0,0,0,1,0,0
1,6,0,22,0,0,0,0,2,1,0
1,5,0,3,0,0,0,0,0,0,0
0,3,0,0,0,0,0,0,0,0,0
0,4,1,422,0,0,0,0,0,1,1
0,5,0,0,0,0,0,0,0,0,0
0,5,0,4,0,0,0,0,0,0,0
0,6,0,16,0,0,0,0,0,0,1
0,6,0,50,0,0,0,0,0,1,1
0,6,0,141,0,0,0,2,1,0,0
0,5,0,86,0,0,0,0,0,0,0
0,5,0,58,0,0,0,1,0,0,0
0,5,0,78,0,0,0,1,1,1,0
0,4,0,59,0,0,0,0,0,0,0
1,5,0,2,0,6,0,1,1,0,0
0,6,0,90,0,0,0,0,1,0,0
1,4,1,106,0,0,0,0,0,1,1
1,6,0,0,0,0,0,0,0,0,0
0,5,0,98,0,0,0,0,1,0,0
1,5,0,165,0,0,0,0,2,0,0
0,6,0,240,0,0,0,0,0,0,1
1,6,0,326,0,0,0,0,1,0,1
0,6,0,288,0,0,0,0,1,1,1
0,6,0,11,0,0,0,0,2,0,0
0,6,0,88,0,0,0,0,1,1,0
1,3,0,1,0,2,0,0,0,0,0
0,4,1,420,0,0,0,0,0,1,1
0,5,1,113,1,0,44,0,0,1,1
0,6,0,125,0,0,0,0,1,0,0
0,4,1,447,0,0,0,0,0,1,1
1,5,0,4,0,0,0,0,1,0,0
1,6,0,46,0,0,0,2,0,0,0
0,6,0,18,0,0,0,0,2,0,0
0,6,0,1,0,0,0,0,0,0,0
1,6,0,284,0,0,0,0,1,1,1
1,6,0,186,0,0,0,0,2,1,0
0,6,0,92,0,0,0,0,0,1,1
0,4,1,61,0,0,0,0,0,1,1
0,3,0,63,0,0,0,0,0,1,0
0,2,0,15,0,0,0,2,0,0,0
1,5,0,164,0,0,0,0,0,0,0
0,5,0,71,0,0,0,0,0,1,0
1,6,0,81,0,0,0,0,2,1,1
1,6,0,115,0,0,0,0,1,0,0
0,5,0,42,0,0,0,0,0,0,0
0,6,0,55,0,0,0,1,2,0,1
1,6,0,128,0,0,0,0,2,1,0
0,3,0,169,0,0,0,0,1,0,0
1,6,0,9,0,0,0,0,1,0,0
0,6,0,47,0,0,0,0,1,0,0
1,6,0,218,0,0,0,0,2,0,0
0,4,1,143,0,0,0,0,0,1,1
0,3,0,86,0,0,0,0,3,0,0
1,2,0,48,0,0,0,0,0,1,1
0,2,0,16,0,0,0,0,0,0,0
1,6,0,0,0,0,0,0,0,0,0
0,6,0,29,0,0,0,0,0,1,1
1,6,0,20,0,0,0,0,1,0,0
0,2,0,4,0,0,0,0,0,1,0
0,5,1,291,0,0,0,0,0,1,1
0,5,1,19,0,0,0,0,0,1,1
1,6,0,19,0,0,0,0,3,0,0
0,6,0,77,0,0,0,0,0,0,1
0,6,0,20,0,0,0,0,2,1,0
1,4,0,47,0,0,0,0,0,0,0
1,3,0,125,0,0,0,0,1,0,0
0,6,0,161,0,0,0,0,0,1,1
0,1,0,0,0,1,0,1,1,0,0
0,2,1,38,0,0,0,0,0,1,1
0,5,0,151,0,0,63,2,0,0,0
0,6,0,129,0,0,0,0,1,1,0
1,3,0,0,0,0,0,0,0,0,0
0,6,0,29,0,0,0,0,2,0,0
1,6,0,319,0,0,0,0,2,0,1
1,3,0,5,0,0,0,0,0,0,0
0,6,0,8,0,0,0,0,0,1,0
1,4,0,7,0,0,0,0,0,0,0
0,2,0,12,0,0,0,0,0,0,0
1,4,0,287,0,0,0,1,0,0,0
1,3,0,131,0,0,0,0,0,0,0
1,6,0,310,0,0,0,0,2,0,0
1,6,0,15,0,0,0,0,1,0,0
0,6,0,28,0,0,0,0,0,1,1
0,6,0,84,0,0,0,1,0,0,0
0,6,0,26,0,0,0,0,1,1,0
1,2,0,23,0,2,0,0,0,0,0
1,3,0,0,0,0,0,0,1,0,0
1,6,0,1,0,0,0,0,2,0,0
0,5,1,80,0,0,0,0,0,1,1
0,5,1,308,0,0,0,0,0,1,1
0,6,0,165,0,0,0,0,0,1,1
1,6,0,37,0,0,0,0,1,1,0
0,3,0,162,0,0,0,1,1,0,0
0,4,0,409,0,0,0,0,1,0,0
0,5,0,226,0,0,0,0,0,1,0
0,6,0,34,0,0,0,0,2,0,0
0,4,0,213,0,0,0,1,0,0,0
0,4,0,174,0,0,0,0,1,0,0
0,5,0,296,0,0,0,0,1,0,0
0,6,0,281,0,0,0,0,0,1,1
0,6,0,1,0,0,0,0,0,0,0
1,6,0,80,0,0,0,0,1,0,1
0,5,0,192,0,0,0,1,0,0,0
1,6,0,25,0,0,0,0,0,1,0
1,6,0,99,0,0,0,0,0,1,0
0,5,0,52,0,0,0,0,0,0,0
1,6,0,132,0,0,0,0,1,1,0
1,6,0,80,0,0,0,0,1,0,1
1,6,0,27,0,0,0,0,1,1,0
0,5,0,1,0,0,0,0,0,0,0
0,6,0,220,0,0,0,0,0,0,1
0,5,0,73,0,0,0,0,0,0,0
0,4,0,116,0,0,0,0,0,0,0
1,6,0,175,0,0,0,0,1,1,1
0,6,0,192,0,0,0,0,0,1,1
1,2,0,0,0,0,0,0,0,0,0
1,3,0,27,0,0,0,0,0,0,0
0,6,0,34,0,0,0,0,1,0,0
0,6,0,146,0,0,0,0,0,1,1
0,6,0,13,0,0,0,0,1,0,0
0,6,0,231,0,0,0,0,1,0,0
0,5,0,147,0,0,0,0,0,0,0
0,2,0,2,0,0,0,0,0,0,0
1,6,0,3,0,0,0,0,2,0,0
1,6,0,17,0,0,0,0,2,0,0
0,3,0,42,0,0,0,1,0,0,0
0,5,0,93,0,0,0,0,0,1,0
1,6,0,279,0,0,0,0,1,0,1
1,3,0,1,0,0,0,0,1,0,0
0,6,0,16,0,0,0,0,1,0,0
0,6,0,11,0,0,0,0,1,0,0
0,4,1,464,0,0,391,0,0,1,1
1,3,0,2,0,0,0,1,1,0,0
0,4,1,283,0,0,0,0,0,1,1
0,5,0,20,0,0,0,0,1,1,0
1,6,0,172,0,0,0,1,0,1,1
0,4,1,142,0,0,0,0,0,1,1
1,4,1,340,0,0,0,0,0,1,1
0,4,0,83,0,0,0,0,0,0,0
0,4,0,55,0,0,0,0,0,0,0
0,6,0,105,0,0,0,0,0,1,1
0,6,0,49,0,0,0,0,1,1,0
0,6,0,0,0,0,0,0,0,0,0
0,5,1,117,1,0,44,0,0,1,1
1,5,0,36,0,0,0,1,1,0,0
1,2,0,59,0,1,0,3,1,0,0
1,2,0,20,0,6,0,1,0,0,0
0,6,0,1,0,0,0,0,1,0,0
0,3,0,159,0,0,0,0,1,0,0
1,3,0,35,0,0,0,1,0,0,0
0,4,0,147,1,0,0,0,0,1,1
0,5,0,73,0,0,0,0,0,0,0
1,3,0,10,0,0,0,0,0,0,0
1,6,0,0,0,0,0,1,3,0,0
1,4,1,245,1,0,0,0,0,1,1
0,4,1,341,1,0,0,0,0,1,1
0,6,0,88,0,0,0,0,0,1,1
0,6,0,100,0,0,0,0,1,0,0
0,5,0,0,0,0,0,0,0,1,0
1,5,0,182,0,0,0,0,0,0,0
1,6,0,117,0,0,0,0,2,1,0
0,6,0,6,0,0,0,0,1,0,0
0,3,0,0,0,0,0,1,0,0,0
1,5,0,251,0,0,0,0,1,0,0
1,6,0,94,0,0,0,3,0,0,1
1,6,0,21,0,0,0,0,2,0,0
0,3,0,35,0,0,0,0,0,0,0
1,5,0,223,0,0,0,0,1,0,0
0,6,0,25,0,0,0,0,1,0,0
1,6,0,74,0,0,0,0,0,1,1
0,6,0,3,0,0,0,2,2,0,0
1,5,0,112,0,0,0,0,0,0,0
1,5,0,29,0,0,0,0,0,0,0
0,5,1,221,1,0,15,0,0,1,1
1,3,0,22,0,0,0,0,0,0,1
1,6,0,32,0,0,0,1,0,0,0
1,6,0,15,0,0,0,0,1,1,0
1,6,0,174,0,0,0,0,1,1,1
0,6,0,76,0,0,0,0,2,0,0
0,5,0,7,0,0,0,0,0,0,0
0,6,0,62,0,0,0,0,2,0,0
0,3,0,19,0,0,0,1,0,0,0
1,4,0,287,0,0,0,1,0,0,0
0,6,0,44,0,0,0,0,0,0,1
1,5,0,60,0,0,0,0,0,0,0
0,5,0,102,0,0,0,0,0,0,0
1,6,0,4,0,0,0,0,0,0,0
0,6,0,55,0,0,0,0,0,0,1
0,3,0,94,0,0,0,0,0,0,1
1,6,0,31,0,0,0,0,1,0,0
0,6,0,133,0,0,0,0,0,1,1
0,6,0,128,0,0,0,0,1,0,0
1,3,0,0,0,0,0,0,0,0,0
1,2,0,6,0,0,0,1,0,0,0
1,3,0,0,0,0,0,1,0,0,0
0,4,0,258,1,0,0,0,0,1,1
0,5,0,21,0,0,0,0,0,0,0
1,3,0,92,0,0,0,0,0,0,1
0,3,0,31,0,0,0,0,0,0,0
1,4,0,44,0,0,0,0,0,1,1
0,5,0,191,0,0,0,0,0,0,0
1,5,0,133,0,0,0,0,0,1,0
0,5,1,168,0,0,77,0,0,1,1
0,2,0,0,1,5,0,0,1,0,0
1,5,0,353,0,0,0,0,1,0,0
0,6,0,13,0,0,0,0,1,0,0
1,6,0,165,0,0,0,0,2,1,1
0,6,0,32,0,0,0,0,0,1,1
0,6,0,292,0,0,0,2,0,1,0
1,6,0,150,0,0,0,1,0,0,0
0,1,0,11,0,0,0,0,2,0,0
0,5,1,169,0,0,0,0,0,1,1
0,4,1,65,0,0,0,0,0,1,1
0,5,0,113,0,0,0,0,0,0,0
0,6,0,168,0,0,0,0,0,1,1
1,5,0,47,0,0,0,0,0,0,0
1,3,0,10,0,0,0,1,0,1,0
0,6,0,16,0,0,0,2,0,1,1
0,6,0,132,0,0,0,0,1,0,0
1,4,0,14,0,0,0,0,0,0,0
1,2,0,0,0,0,0,0,0,0,0
1,6,0,40,0,0,0,1,0,0,0
0,5,0,116,0,0,0,1,0,1,0
0,6,0,54,0,0,0,0,2,0,0
1,5,0,198,0,0,0,0,0,0,0
1,6,0,17,0,0,0,0,0,0,1
0,0,0,9,0,1,0,0,0,0,0
0,5,0,55,0,0,0,0,1,0,0
0,4,0,43,0,0,0,0,0,1,1
0,1,0,11,1,1,0,2,0,0,0
0,6,0,256,0,0,0,0,0,0,0
1,6,0,16,0,0,0,0,2,0,0
1,6,0,131,0,0,0,0,0,1,1
1,6,0,109,0,0,0,0,0,1,1
1,4,1,143,0,0,0,0,0,1,1
0,6,0,20,0,0,0,0,1,0,0
1,2,0,73,0,0,0,0,0,0,0
1,6,0,233,0,0,0,0,2,1,0
0,6,0,195,0,0,0,0,1,0,1
0,6,0,43,0,0,0,0,0,0,1
0,2,1,5,1,0,0,0,0,1,1
0,3,0,77,0,0,0,0,1,0,0
1,3,0,184,0,0,0,2,2,0,0
0,6,0,38,0,0,0,0,0,1,1
0,3,0,0,0,0,0,0,0,0,0
0,6,0,41,0,0,0,1,3,0,1
0,6,0,26,0,0,0,0,1,0,0
0,6,0,97,0,0,0,0,0,0,1
0,5,0,292,0,0,0,1,0,0,0
0,6,0,93,0,0,0,0,0,0,1
0,3,0,106,0,0,0,2,0,0,0
1,5,0,111,0,0,0,0,0,0,0
0,2,0,16,0,5,0,0,3,0,0
0,4,1,88,0,0,0,0,0,1,1
0,6,0,25,0,0,0,0,0,1,0
0,6,0,99,0,0,0,0,0,1,1
0,5,1,34,1,0,0,0,0,1,1
0,1,0,0,0,3,0,0,1,0,0
0,5,1,314,0,0,68,0,0,1,1
0,6,0,105,0,0,0,0,3,0,1
0,6,0,20,0,0,0,0,1,0,0
0,6,0,112,0,0,0,0,1,0,0
1,3,0,1,0,0,0,0,0,0,0
0,5,1,192,1,0,42,0,0,1,1
0,4,1,59,0,0,0,0,0,1,1
0,6,0,150,0,0,0,0,3,0,0
1,6,0,57,0,0,0,0,1,0,0
1,6,0,4,0,0,0,1,2,0,0
0,4,0,295,1,0,0,0,0,1,1
0,5,0,35,0,0,0,0,1,0,0
1,5,0,1,0,0,0,0,0,0,0
1,3,0,140,0,0,0,2,1,0,0
0,6,0,166,0,0,0,0,1,0,0
1,6,0,0,0,0,0,0,1,0,0
0,4,1,265,0,0,0,0,0,1,1
0,5,0,103,0,0,0,0,0,0,0
1,6,0,235,0,0,0,0,2,0,0
1,5,0,53,0,0,0,1,0,1,0
0,6,0,3,0,0,0,1,0,0,0
1,3,0,187,0,0,0,0,2,0,0
0,6,0,183,0,0,0,0,1,0,0
0,6,0,205,0,0,0,0,2,0,0
0,6,0,50,0,0,0,0,0,0,1
0,4,1,299,1,0,0,0,0,1,1
1,6,0,37,0,0,0,0,1,0,0
0,2,0,20,1,4,0,1,1,0,0
0,5,0,115,0,0,0,0,0,0,0
1,6,0,308,0,0,0,1,0,1,0
1,6,0,25,0,0,0,0,1,0,0
0,4,0,215,0,0,0,2,0,0,0
0,5,0,396,0,0,0,1,1,0,0
0,5,0,95,0,0,0,2,0,0,0
0,6,0,5,0,0,0,0,1,0,0
0,4,0,282,0,0,48,0,1,0,0
1,5,0,157,0,0,0,1,1,0,0
0,6,0,69,0,0,0,0,1,0,0
0,6,0,81,0,0,0,0,1,1,0
0,6,0,0,0,0,0,2,1,0,0
0,6,0,10,0,0,0,0,2,0,0
0,3,0,148,0,0,0,0,0,0,0
1,6,0,146,0,0,0,0,0,1,1
0,4,0,79,0,0,0,0,0,0,0
1,3,0,27,0,0,0,0,2,0,0
1,3,0,77,0,0,0,0,0,1,0
0,5,0,58,1,0,0,0,0,1,1
1,4,0,339,0,0,0,0,0,1,0
1,4,0,185,0,0,154,3,0,0,0
0,5,0,377,0,0,0,0,1,0,0
0,5,1,69,0,0,0,0,0,1,1
0,6,0,21,1,0,0,0,0,1,1
0,6,0,6,0,0,0,0,1,1,0
0,3,0,0,0,0,0,3,0,0,0
0,4,0,16,0,0,0,0,0,0,0
1,5,0,55,0,0,0,0,0,0,0
0,6,0,127,0,0,0,0,2,0,0
0,6,0,158,0,0,0,0,0,0,1
1,6,0,6,0,0,0,0,0,0,0
0,6,0,56,0,0,0,0,2,0,0
0,5,0,7,0,0,0,1,0,0,1
0,6,0,37,0,0,0,0,0,1,1
0,5,0,133,0,0,0,3,0,0,0
0,5,1,250,0,0,0,0,0,1,1
0,6,0,0,0,0,0,0,2,0,0
0,6,0,63,0,0,0,1,2,0,0
1,5,0,127,0,0,0,0,1,0,0
0,4,1,62,0,0,0,0,0,1,1
1,6,0,33,0,0,0,1,1,0,0
1,6,0,300,0,0,0,0,1,1,0
1,5,0,255,0,0,0,0,0,0,0
1,5,0,80,0,0,0,0,0,0,0
0,5,1,490,0,0,0,0,0,1,1
0,3,0,73,0,0,0,1,1,0,0
1,6,0,10,0,0,0,0,0,0,0
1,6,0,33,0,0,0,0,0,0,1
1,5,0,161,0,0,0,0,1,0,0
0,6,0,132,0,0,0,0,1,0,0
0,6,0,88,1,0,0,0,2,1,1
0,6,0,148,0,0,0,0,1,0,0
1,5,0,95,0,0,0,2,0,0,0
0,4,1,299,1,0,0,0,0,1,1
0,5,0,423,0,0,0,0,0,1,1
0,5,1,250,0,0,0,0,0,1,1
0,5,0,27,0,0,0,0,0,0,0
0,3,0,9,0,0,0,1,1,0,0
1,4,1,92,1,0,0,0,0,1,1
0,5,1,33,1,0,0,0,0,1,1
0,5,0,1,0,0,0,0,0,0,0
0,6,0,9,0,0,0,3,0,1,0
0,6,0,20,0,0,0,0,1,0,0
1,6,0,15,0,0,0,0,0,0,0
0,4,0,189,0,0,0,0,0,0,0
0,6,0,4,0,0,0,0,2,0,0
1,3,0,1,0,0,0,0,0,0,0
1,6,0,0,0,0,0,0,2,0,0
1,6,0,107,0,0,0,1,2,0,0
1,6,0,11,0,0,0,0,1,0,0
1,5,0,74,0,0,0,1,2,0,0
1,3,0,7,0,0,0,0,2,0,0
1,6,0,273,0,0,0,0,0,1,1
0,6,0,44,0,0,0,0,0,1,1
0,5,1,121,0,0,0,1,0,1,1
1,6,0,8,0,0,0,0,1,0,0
1,4,0,32,0,0,0,0,0,0,0
0,6,0,73,0,0,0,0,0,1,1
0,6,0,52,0,0,0,0,1,1,0
1,2,0,28,0,0,0,0,0,0,0
0,6,0,194,0,0,0,0,2,0,0
0,5,0,60,0,0,0,0,1,0,0
1,4,0,49,0,0,0,2,0,0,0
0,4,1,279,0,0,0,0,0,1,1
1,6,0,2,0,0,0,0,1,0,0
0,6,0,221,0,0,0,0,0,0,1
1,6,0,6,0,0,0,0,2,0,0
0,4,1,61,0,0,0,0,0,1,1
1,2,0,0,0,0,0,1,0,0,0
0,6,0,15,0,0,0,0,1,0,0
1,6,0,89,0,0,0,0,2,1,0
1,6,0,136,0,0,0,0,1,0,0
1,6,0,0,0,0,0,0,0,0,0
0,6,0,109,0,0,0,0,1,0,0
0,3,0,80,0,0,0,0,0,1,0
1,6,0,1,0,0,0,0,0,0,0
0,6,0,74,0,0,0,0,3,0,0
0,4,1,437,0,0,0,0,0,1,1
0,5,0,479,0,0,0,0,1,0,0
0,6,0,194,0,0,0,1,1,0,0
0,6,0,34,0,0,0,0,1,0,0
0,6,0,110,0,0,0,0,0,1,1
0,6,0,0,0,0,0,0,2,0,0
0,6,0,85,0,0,0,0,0,1,1
0,5,0,71,0,0,0,0,0,1,0
0,6,0,121,0,0,0,0,0,0,1
0,4,1,321,1,0,0,0,0,1,1
0,6,0,19,0,0,0,0,1,0,0
1,5,0,2,0,0,0,0,0,0,0
0,4,0,241,0,0,0,0,0,0,0
0,6,0,48,0,0,0,1,0,0,1
1,6,0,328,0,0,0,0,0,1,1
0,4,1,386,0,0,0,0,0,1,1
0,6,0,11,0,0,0,0,2,0,0
1,2,0,1,0,1,0,0,0,0,0
1,5,0,55,0,0,0,0,3,0,0
1,4,0,190,0,0,0,0,0,0,0
1,6,0,230,0,0,0,0,1,0,0
0,5,0,298,0,0,207,0,0,1,0
0,6,0,6,0,0,0,0,2,0,0
0,5,1,329,1,0,0,0,0,1,1
0,6,0,181,0,0,0,0,2,1,0
0,6,0,162,0,0,0,0,1,0,0
0,6,0,18,0,0,0,0,0,0,1
0,5,0,163,0,0,0,2,0,0,0
0,6,0,27,0,0,0,0,1,0,0
0,6,0,72,0,0,0,0,0,1,1
1,6,0,167,0,0,0,0,2,1,0
0,5,0,61,0,0,0,0,1,0,0
1,3,0,156,0,0,0,1,2,0,0
0,5,0,28,0,0,0,0,0,0,0
0,6,0,167,0,0,0,1,0,0,0
0,6,0,61,0,0,0,0,0,0,1
0,3,0,6,0,0,0,0,1,0,0
1,6,0,13,0,0,0,0,1,0,0
1,5,0,20,0,0,0,0,1,1,0
0,4,0,98,0,0,0,0,0,0,0
0,6,0,81,0,0,0,0,0,1,1
0,5,0,156,0,0,0,0,1,0,0
0,6,0,73,0,0,0,0,1,1,0
0,6,0,61,0,0,0,0,0,1,1
1,6,0,87,0,0,0,0,0,1,1
1,4,0,364,0,0,0,3,2,0,0
0,4,0,84,0,0,0,1,0,0,0
0,6,0,106,0,0,0,0,0,1,1
0,5,1,364,1,0,0,0,0,1,1
0,6,0,61,0,0,0,0,0,1,1
1,6,0,280,0,0,0,0,1,0,0
1,3,0,6,0,0,0,0,0,0,0
0,5,0,133,0,0,0,0,1,0,0
0,6,0,155,0,0,0,0,0,1,1
0,6,0,38,0,0,0,0,1,0,0
0,6,0,251,0,0,0,0,4,0,0
1,6,0,183,0,0,0,0,2,0,0
0,5,1,304,0,0,0,0,0,1,1
0,5,1,301,0,0,0,0,0,1,1
1,6,0,0,0,0,0,0,0,0,0
1,4,0,30,0,0,0,1,0,0,0
0,4,1,137,1,0,45,0,0,1,1
1,5,0,38,0,0,0,0,0,0,0
0,6,0,22,0,0,0,0,2,0,0
0,5,0,133,0,0,0,0,0,0,0
1,6,0,40,0,0,0,0,1,1,0
0,4,0,119,0,0,0,0,0,0,0
0,3,0,8,0,0,0,0,2,0,0
1,5,0,58,0,0,0,0,1,0,0
1,3,0,36,0,0,0,0,3,0,0
0,6,0,52,0,0,0,0,1,0,0
0,3,0,8,0,0,0,0,1,0,0
0,6,0,191,0,0,0,9,1,0,1
0,6,0,10,0,0,0,0,1,0,0
0,4,0,20,0,0,0,0,0,1,0
0,6,0,156,0,0,0,0,1,0,0
0,6,0,63,0,0,0,0,2,1,0
0,4,0,68,0,0,0,1,0,1,0
0,5,0,32,0,0,0,1,0,0,0
1,6,0,156,0,0,0,0,1,1,0
0,4,0,518,0,0,0,0,1,0,0
1,6,0,62,0,0,0,0,1,0,0
0,5,0,66,0,0,0,0,0,1,0
0,5,0,270,0,0,187,0,0,0,1
0,6,0,16,0,0,0,0,2,1,0
0,6,0,47,0,0,0,1,1,0,0
1,4,0,49,0,0,0,0,0,1,1
0,4,1,283,0,0,0,0,0,1,1
1,6,0,90,0,0,0,0,1,0,0
1,6,0,32,0,0,0,0,1,0,0
0,6,0,37,0,0,0,0,1,0,0
0,6,0,0,0,0,0,0,0,0,0
0,4,1,87,0,0,0,0,0,1,1
0,6,0,117,0,0,0,1,2,0,0
0,3,0,215,0,0,0,1,2,0,0
0,4,0,34,0,0,0,0,0,1,0
0,6,0,18,0,0,0,0,1,0,0
1,6,0,148,0,0,0,0,3,0,0
1,5,0,6,0,0,0,0,0,0,0
0,6,0,126,0,0,0,0,1,1,0
0,5,0,59,0,0,0,3,1,0,1
0,6,0,0,0,0,0,0,1,1,0
1,6,0,30,0,0,0,0,2,0,0
1,4,0,112,0,0,0,0,0,1,0
0,6,0,11,0,0,0,0,1,0,0
0,3,0,138,0,0,0,0,1,0,0
1,6,0,140,0,0,0,0,1,1,0
0,6,0,72,0,0,0,0,2,0,0
1,3,0,1,0,0,0,1,1,0,0
0,5,0,68,0,0,0,0,0,1,0
0,6,0,15,0,0,0,0,0,1,1
0,5,0,14,0,0,0,0,0,0,0
0,6,0,167,0,0,0,0,0,1,1
1,2,0,4,0,0,0,2,0,0,0
0,3,0,0,0,0,0,0,0,0,0
0,6,0,38,0,0,0,0,1,1,0
0,5,0,9,0,0,0,0,0,0,0
1,6,0,3,0,0,0,0,4,0,0
0,4,0,116,0,0,0,0,0,0,0
0,6,0,18,0,0,0,0,1,1,0
0,6,0,1,0,0,0,0,0,0,0
1,3,0,0,0,1,0,0,0,0,0
1,6,0,21,0,0,0,0,0,0,1
0,6,0,184,0,0,0,0,3,1,0
0,6,0,125,0,0,0,0,2,1,0
0,6,0,37,0,0,0,0,1,0,0
0,5,0,30,0,0,0,0,0,0,0
0,6,0,57,0,0,0,0,2,0,0
0,3,0,15,0,0,0,1,0,0,0
0,6,0,77,0,0,0,0,0,0,1
0,4,0,286,1,0,0,0,0,1,1
1,5,0,3,0,0,0,0,0,0,0
1,5,0,143,0,0,0,2,3,0,0
0,4,1,311,1,0,0,0,0,1,1
0,6,0,26,0,0,0,0,3,0,0
0,4,0,69,0,0,58,0,0,0,0
0,0,0,6,0,0,0,0,0,0,0
0,4,0,315,0,0,38,0,0,1,1
1,6,0,131,0,0,0,1,0,0,0
1,6,0,7,0,1,0,0,2,0,0
0,6,0,242,0,0,0,0,2,1,0
1,6,0,138,0,0,0,0,1,0,0
1,6,0,182,1,0,0,0,1,1,1
0,4,0,55,0,0,0,0,0,0,0
0,4,0,59,0,0,0,0,0,0,0
0,5,0,68,0,0,0,0,0,0,0
0,4,0,20,0,0,0,0,0,0,0
0,6,0,0,0,0,0,0,0,0,0
1,6,0,122,0,0,0,0,1,0,1
0,5,0,282,1,0,0,0,0,1,1
1,4,0,292,0,0,0,0,1,0,0
0,5,1,174,0,0,0,0,0,1,1
0,4,0,429,0,0,330,0,0,0,0
0,5,0,150,0,0,0,0,0,0,0
0,6,0,168,0,0,0,0,1,1,0
1,5,0,133,0,0,0,0,0,0,0
1,6,0,67,0,0,0,1,1,0,0
0,6,0,186,0,0,0,0,1,0,1
1,6,0,47,0,0,0,3,2,0,0
0,5,0,100,0,0,0,1,0,0,0
0,5,0,0,0,0,0,0,0,1,0
0,4,0,264,0,0,0,0,0,0,0
0,6,0,48,0,0,0,0,1,0,0
1,6,0,210,0,0,0,0,2,1,1
1,6,0,1,0,0,0,0,1,0,0
1,4,2,9,0,0,0,0,0,0,0
0,6,0,219,0,0,0,0,2,0,0
0,5,0,103,0,0,0,0,0,1,0
1,6,0,0,0,0,0,0,0,0,0
0,4,1,355,1,0,0,0,0,1,1
0,6,0,42,0,0,0,0,0,0,1
0,6,0,44,0,0,0,2,0,1,1
1,6,0,64,0,0,0,0,1,0,0
0,5,0,104,0,0,0,0,0,0,0
1,6,0,108,0,0,0,0,2,0,0
0,6,0,3,0,0,0,0,2,0,0
0,3,0,150,0,0,0,0,0,0,0
1,6,0,174,0,0,0,0,2,1,0
1,6,0,50,0,0,0,0,0,1,0
0,3,0,144,0,0,0,0,2,1,1
1,2,0,12,0,0,0,0,0,1,0
0,4,1,164,1,0,0,0,0,1,1
0,6,0,142,0,0,0,0,0,0,1
1,6,0,1,0,0,0,0,0,0,0
0,5,1,364,1,0,0,0,0,1,1
0,3,0,6,0,0,0,1,1,0,0
1,4,1,222,25,0,0,0,0,1,1
0,6,0,95,0,0,0,0,2,1,0
0,6,0,60,0,0,0,0,1,0,0
0,5,0,150,0,0,0,0,0,1,0
1,6,0,36,0,0,0,0,1,0,0
0,5,0,74,0,0,0,0,0,0,0
0,4,1,156,0,0,0,0,0,1,1
1,6,0,116,0,0,0,0,0,0,1
0,4,1,73,0,0,0,0,0,1,1
0,5,0,103,0,0,0,0,0,1,0
0,6,0,255,0,0,0,0,0,1,1
0,2,0,2,1,6,0,0,1,0,0
0,6,0,62,0,0,0,0,3,0,0
0,2,0,12,0,1,0,0,1,0,0
0,6,0,50,0,0,0,0,2,0,0
1,4,0,211,0,0,0,0,0,0,0
0,4,1,327,1,0,0,0,0,1,1
0,6,0,122,0,0,0,0,2,0,0
1,6,0,114,0,0,0,0,0,1,1
1,6,0,175,0,0,0,0,0,1,1
0,4,0,76,0,0,0,0,0,0,0
0,6,0,1,0,0,0,1,1,0,0
0,4,1,53,0,0,0,0,0,1,1
1,2,0,35,0,4,0,0,0,0,0
0,6,0,211,0,0,0,1,0,1,0
1,1,0,1,0,1,0,1,2,0,0
0,6,0,165,0,0,0,0,1,0,0
1,6,0,59,0,0,0,0,0,1,1
0,5,0,32,0,0,0,0,0,0,0
0,5,0,386,0,0,0,0,1,0,0
0,6,0,185,0,0,0,0,0,1,1
0,5,0,405,0,0,0,0,0,1,0
1,6,0,2,0,0,0,0,0,0,0
1,6,0,80,0,0,0,0,1,1,1
0,3,0,141,0,0,0,2,2,0,0
1,2,0,5,0,0,0,0,1,0,0
1,6,0,192,0,0,0,2,2,0,0
0,5,0,88,0,0,0,0,1,0,0
0,4,0,309,1,0,0,0,0,1,1
1,6,0,256,0,0,0,0,2,0,0
0,6,0,20,0,0,0,0,1,0,0
1,4,0,197,0,0,0,1,0,0,0
0,5,0,45,0,0,0,0,0,0,0
1,6,0,1,0,0,0,0,0,0,0
0,6,0,35,0,0,0,0,0,1,1
0,6,0,178,0,0,0,0,0,1,1
0,5,0,0,0,0,0,0,0,0,0
0,4,0,135,0,0,0,0,0,0,0
0,4,0,189,0,0,0,0,1,0,0
0,6,0,100,1,0,0,0,3,1,1
1,3,0,12,0,0,0,0,0,0,0
1,3,0,5,0,0,0,0,1,0,0
0,6,0,84,0,0,0,1,0,0,0
0,4,0,258,1,0,0,0,0,1,1
0,6,0,124,0,0,0,0,1,0,0
0,3,0,35,0,0,0,1,0,0,0
0,6,0,217,0,0,0,0,1,0,0
0,6,0,87,0,0,0,0,1,1,0
1,6,0,0,0,0,0,0,0,0,0
0,6,0,7,0,0,0,0,2,0,0
0,6,0,31,0,0,0,0,2,1,0
0,6,0,125,0,0,0,0,2,0,0
1,5,0,125,0,0,0,0,0,0,0
1,6,0,116,0,0,0,0,0,1,1
0,6,0,38,0,0,0,0,0,1,1
1,3,0,4,0,0,0,1,2,0,0
0,5,1,45,1,0,0,0,0,1,1
0,5,0,418,0,0,223,0,0,0,0
0,4,1,367,1,0,0,0,0,1,1
0,2,0,16,0,0,0,0,0,0,0
0,6,0,0,0,0,0,0,1,0,0
0,4,1,162,0,0,0,0,0,1,1
0,5,0,230,0,0,0,0,0,0,1
0,6,0,181,0,0,0,0,0,0,1
0,3,0,12,0,0,0,1,0,0,0
0,6,0,40,0,0,0,0,0,0,1
0,5,0,81,0,0,0,3,0,0,0
0,6,0,8,0,0,0,0,1,0,0
0,4,1,87,0,0,0,0,0,1,1
1,5,0,117,0,0,0,0,0,0,0
0,6,0,52,0,0,0,0,1,1,0
0,3,0,0,0,0,0,0,0,0,0
1,2,0,8,0,6,0,0,0,0,0
0,4,1,342,1,0,0,0,0,1,1
0,2,0,13,0,0,0,1,2,0,0
0,4,0,44,0,0,0,0,1,0,0
1,6,0,37,0,0,0,0,0,1,0
0,6,0,86,0,0,0,0,1,0,0
0,6,0,55,0,0,0,0,1,1,0
0,5,0,39,0,0,0,0,0,0,1
1,5,0,152,0,0,0,0,2,0,0
0,4,0,102,0,1,0,0,1,0,0
1,5,0,214,1,0,0,0,0,1,1
0,6,0,68,0,0,0,0,1,1,0
0,6,0,115,0,0,0,0,0,1,1
0,6,0,209,0,0,0,0,1,0,0
1,6,0,6,0,0,0,1,1,0,0
0,6,0,69,0,0,0,0,1,0,0
1,5,0,105,0,0,65,0,0,0,0
1,5,0,21,0,0,0,3,2,0,0
1,6,0,101,0,0,0,0,0,0,0
0,3,0,128,0,0,0,0,1,0,0
0,3,0,53,0,0,0,0,0,0,0
0,4,0,265,1,0,0,0,0,1,1
0,6,0,25,0,0,0,0,1,0,0
0,6,0,65,0,0,0,0,2,1,0
1,3,0,0,0,0,0,0,0,0,0
1,6,0,43,1,0,0,0,2,1,1
1,5,0,5,0,0,0,0,0,0,0
1,4,0,181,0,0,0,0,0,1,1
0,5,1,304,0,0,0,0,0,1,1
0,4,0,18,0,0,0,0,0,1,0
0,6,0,76,0,0,0,0,1,0,0
0,4,1,311,1,0,0,0,0,1,1
0,5,1,336,1,0,0,0,0,1,1
0,2,0,5,0,0,0,0,0,0,0
1,5,0,115,0,0,0,0,0,0,0
0,6,0,0,0,0,0,0,1,0,0
1,6,0,195,0,0,0,0,1,0,0
1,6,0,24,0,0,0,0,1,0,0
0,4,1,68,1,0,0,0,0,1,1
1,6,0,14,0,0,0,0,2,1,0
0,4,1,135,0,0,0,0,0,1,1
1,6,0,45,0,0,0,0,1,1,0
0,6,0,96,0,0,0,0,1,1,0
1,6,0,245,0,0,0,2,2,1,0
1,3,0,42,0,0,0,3,0,0,0
1,5,0,150,0,0,0,0,1,0,0
0,6,0,40,0,0,0,0,2,1,0
0,6,0,19,0,0,0,0,0,1,1
1,2,0,2,0,0,0,0,0,0,0
1,4,0,386,0,0,0,1,0,0,0
1,6,0,1,0,0,0,0,2,0,0
0,6,0,72,0,0,0,0,0,1,1
0,6,0,217,0,0,0,2,3,0,0
0,6,0,15,0,0,0,0,2,0,0
1,6,0,14,0,0,0,0,0,1,0
0,4,0,134,0,0,0,0,0,1,0
0,6,0,11,0,0,0,0,1,0,0
0,0,0,11,0,0,0,1,0,0,0
0,6,0,20,0,0,0,0,2,0,0
0,6,0,145,0,0,0,0,0,1,0
0,6,0,42,0,0,0,0,1,0,0
0,6,0,44,0,0,0,0,2,0,0
0,6,0,8,0,0,0,0,0,0,0
0,6,0,80,0,0,0,0,0,0,1
1,6,0,80,0,0,0,0,0,0,1
0,6,0,41,0,0,0,0,1,0,0
0,6,0,175,0,0,0,0,0,1,1
0,4,0,1,0,0,0,2,1,0,0
1,3,0,0,0,0,0,0,0,0,0
0,6,0,23,0,0,0,0,0,1,1
0,5,0,26,0,0,0,1,0,0,0
0,4,0,189,3,4,31,0,0,1,1
0,4,0,272,1,0,0,0,0,1,1
0,6,0,219,0,0,0,0,1,1,0
1,5,0,191,0,1,0,1,0,0,0
0,4,1,277,0,0,0,0,0,1,1
1,5,0,13,0,0,0,0,0,0,0
0,6,0,31,0,0,0,1,1,0,0
0,5,0,23,0,0,0,0,0,0,0
0,4,0,78,0,0,0,0,0,1,0
0,6,0,49,0,0,0,0,1,0,0
1,5,0,20,0,0,0,0,1,0,0
0,4,1,279,0,0,0,0,0,1,1
0,6,0,89,0,0,0,0,0,1,1
0,5,0,28,0,0,0,0,1,0,0
0,4,0,35,0,0,0,0,0,0,1
0,6,0,16,0,0,0,0,1,1,0
0,6,0,125,0,0,0,0,1,0,0
0,6,0,237,0,0,0,0,1,0,1
1,3,0,1,0,0,0,0,0,0,0
0,6,0,34,0,0,0,0,1,0,0
0,6,0,46,0,0,0,0,1,0,0
0,6,0,162,0,0,0,0,0,1,1
0,5,0,219,0,0,0,3,0,0,0
0,3,0,101,0,0,0,1,0,0,1
0,5,1,373,0,0,0,0,0,1,1
1,3,0,26,0,0,0,2,1,0,0
1,6,0,47,0,0,0,0,1,0,0
0,5,0,110,0,0,0,0,0,1,1
1,5,0,55,0,0,0,0,0,0,0
1,6,0,37,0,0,0,0,2,0,0
0,5,0,17,0,0,17,0,0,0,0
0,6,0,40,0,0,0,1,1,0,0
1,6,0,25,0,0,0,0,1,0,0
0,6,0,81,0,0,0,0,1,0,0
1,5,0,0,0,0,0,0,0,0,0
0,2,0,6,0,0,0,0,0,0,0
0,3,0,18,0,0,0,0,0,0,1
1,6,0,3,0,0,0,0,0,0,0
1,5,0,107,0,0,0,0,0,0,0
0,6,0,95,0,0,0,0,0,1,1
0,6,0,40,0,0,0,0,2,0,0
0,6,0,111,0,0,0,3,0,1,0
0,4,0,98,0,0,0,0,1,0,0
0,6,0,181,0,0,0,0,1,1,0
0,5,0,96,0,0,0,0,0,0,0
1,5,0,102,0,0,0,0,0,0,0
0,4,0,151,0,0,0,0,0,0,0
1,5,0,57,0,0,0,0,1,0,1
0,6,0,277,0,0,0,0,0,1,1
0,6,0,214,0,0,0,0,2,1,0
1,5,0,3,0,0,0,0,1,0,0
1,6,0,23,0,0,0,0,1,1,0
0,5,0,133,0,0,0,0,0,0,0
1,6,0,28,0,0,0,0,0,1,0
1,6,0,67,0,0,0,0,2,0,0
0,6,0,18,0,0,0,0,0,1,1
1,3,0,78,0,0,0,0,1,0,1
0,5,0,151,0,0,63,0,0,1,1
0,6,0,188,0,0,0,1,1,0,0
0,4,0,83,0,0,0,0,0,1,0
0,1,0,7,0,0,0,0,0,0,0
1,4,0,313,0,0,0,0,0,1,1
0,6,0,60,0,0,0,0,1,0,0
0,5,1,52,0,0,0,0,0,1,1
0,6,0,8,0,0,0,0,3,0,0
0,6,0,133,0,0,0,2,0,0,1
1,6,0,5,0,0,0,0,1,0,0
1,5,0,67,0,0,0,0,0,0,0
0,3,0,89,0,0,0,1,1,0,0
0,5,0,107,0,0,0,0,1,1,0
1,3,0,0,0,0,0,1,0,0,0
1,6,0,108,0,0,0,1,1,0,0
0,6,0,3,0,0,0,0,2,0,0
0,6,0,15,0,0,0,0,0,1,1
0,2,0,0,0,0,0,2,0,0,0
0,4,1,143,0,0,0,0,0,1,1
0,6,0,12,0,0,0,0,0,1,1
1,6,0,3,0,0,0,0,2,0,0
0,6,0,37,0,0,0,0,0,1,1
0,6,0,8,0,0,0,0,1,0,0
1,6,0,51,0,0,0,3,1,0,0
1,6,0,0,0,0,0,0,0,0,0
0,4,0,3,0,0,0,0,1,0,0
0,6,0,246,0,0,0,0,2,0,1
0,4,1,330,0,0,0,0,0,1,1
0,6,0,90,0,0,0,0,1,0,0
0,4,1,350,0,0,0,0,0,1,1
0,4,0,140,0,0,87,1,0,0,0
1,5,0,318,0,0,0,0,0,0,0
0,6,0,27,0,0,0,0,1,1,0
0,6,0,0,0,0,0,0,2,0,0
0,6,0,215,0,0,0,0,3,0,0
0,3,0,6,0,0,0,0,1,1,0
0,5,0,423,0,0,0,1,0,0,0
0,6,0,4,0,0,0,0,0,0,0
0,5,0,192,0,0,0,0,0,0,0
0,5,0,0,0,0,0,0,0,0,0
0,6,0,125,0,0,0,0,0,1,1
0,6,0,123,0,0,0,0,1,0,1
0,6,0,83,0,0,0,2,1,0,0
1,6,0,61,0,0,0,0,0,0,1
1,4,0,81,0,0,0,1,0,0,0
0,5,0,112,0,0,0,0,1,0,0
0,5,0,8,0,0,0,0,0,0,0
1,6,0,222,0,0,0,0,1,0,0
1,6,0,50,0,0,0,0,1,0,0
0,5,0,65,0,0,0,1,0,0,0
0,6,0,63,0,0,0,0,1,1,0
0,3,0,10,0,1,0,1,0,0,0
0,4,1,384,0,0,0,0,0,1,1
0,5,1,317,0,0,0,0,0,1,1
0,6,0,16,0,0,0,0,1,0,0
0,5,0,64,0,0,0,0,0,0,0
1,3,0,0,0,0,0,0,0,0,0
1,5,0,54,0,0,0,1,0,0,0
0,6,0,204,0,0,0,1,0,0,0
0,6,0,185,0,0,0,0,0,1,1
0,4,1,78,0,0,0,0,0,1,1
1,6,0,4,0,0,0,0,1,0,0
0,4,1,104,0,0,0,0,0,1,1
0,6,0,106,0,0,0,0,0,1,1
0,4,0,198,0,0,98,1,0,1,1
0,6,0,175,0,0,0,2,2,1,0
1,3,0,17,0,0,0,1,1,0,0
1,4,1,103,0,0,0,0,0,1,1
0,6,0,176,0,0,0,0,2,1,0
1,5,0,335,0,0,0,0,0,0,0
0,5,1,280,0,0,35,0,0,1,1
0,6,0,111,0,0,0,0,0,1,1
0,4,1,101,0,0,0,0,0,1,1
0,0,0,4,0,0,0,0,0,1,0
0,6,0,100,0,0,0,0,0,0,1
1,6,0,58,0,0,0,0,1,1,0
0,5,0,141,0,0,0,0,0,0,0
0,5,1,178,1,0,46,0,0,1,1
0,6,0,44,0,0,0,0,1,0,0
0,6,0,16,0,0,0,0,1,0,0
1,3,0,9,0,0,0,0,0,1,0
1,6,0,1,0,0,0,0,1,0,0
0,6,0,70,0,0,0,1,2,1,1
1,6,0,7,0,0,0,0,0,0,0
0,6,0,38,0,0,0,0,0,1,1
1,6,0,235,0,0,0,0,0,1,1
1,4,0,49,0,0,0,0,0,1,1
1,4,1,350,0,0,0,0,0,1,1
0,6,0,1,0,0,0,2,0,0,0
0,2,0,99,0,0,0,0,0,0,0
0,4,1,68,1,0,0,0,0,1,1
0,5,0,150,0,0,0,0,0,0,0
1,4,0,152,0,0,0,2,0,0,0
1,3,0,0,0,0,0,0,0,0,0
1,3,0,10,0,0,0,0,0,0,0
0,6,0,15,0,0,0,0,1,0,0
0,6,0,89,0,0,0,0,2,1,0
0,3,0,12,0,0,0,0,2,1,0
0,6,0,2,0,0,0,0,2,0,0
1,2,0,13,0,0,0,0,0,0,0
0,5,1,166,0,0,0,0,0,1,1
0,4,0,206,0,0,0,0,0,1,0
0,4,0,40,0,0,0,2,0,0,0
1,4,2,169,0,0,0,0,0,0,0
1,5,0,72,0,0,0,0,0,0,0
1,6,0,113,0,0,0,0,0,1,1
0,6,0,2,0,0,0,0,2,0,0
1,3,0,70,0,0,0,1,0,0,0
0,5,1,94,1,0,28,0,0,1,1
1,5,0,19,0,0,0,1,0,0,0
0,6,0,117,0,0,0,0,1,0,0
0,6,0,270,0,0,0,0,1,1,1
1,1,0,12,0,0,0,1,0,1,1
0,6,0,5,0,0,0,0,1,0,0
0,6,0,7,0,0,0,0,2,1,0
1,6,0,88,0,0,0,0,1,0,0
1,6,0,5,0,0,0,0,1,0,0
0,3,0,3,0,0,0,1,1,0,0
1,2,0,2,0,0,0,1,1,0,0
0,6,0,88,0,0,0,0,1,0,0
1,5,0,234,0,0,0,0,0,0,0
1,6,0,21,0,0,0,0,1,0,0
1,6,0,65,0,0,0,0,1,0,0
0,6,0,37,0,0,0,1,0,0,0
0,4,0,3,0,0,0,3,2,0,0
0,4,1,323,1,0,0,0,0,1,1
0,5,0,1,0,0,0,0,0,1,0
0,6,0,49,0,0,0,0,1,1,0
1,6,0,149,0,0,0,1,1,0,0
1,3,0,192,0,0,0,0,2,0,0
1,4,0,258,0,0,0,1,1,0,0
0,6,0,253,0,0,0,1,0,1,1
0,4,1,68,1,0,0,0,0,1,1
1,6,0,54,0,0,0,0,1,1,0
0,5,0,457,0,0,0,2,1,0,0
1,3,0,16,0,0,0,1,0,0,0
0,6,0,75,0,0,0,0,3,0,0
0,6,0,2,0,0,0,0,1,0,0
1,3,0,139,0,0,0,1,0,0,0
1,4,0,194,0,0,50,0,0,1,1
0,2,0,5,1,9,0,0,1,0,0
0,4,1,186,0,0,0,0,0,1,1
0,6,0,67,0,0,0,1,3,0,0
0,5,0,53,0,0,0,0,0,0,0
0,5,0,104,0,0,0,0,1,0,0
1,6,0,139,0,0,0,0,1,0,1
0,6,0,58,0,0,0,0,1,0,0
1,6,0,21,0,0,0,0,0,0,1
0,3,0,151,0,0,0,0,0,0,0
0,4,0,158,0,0,0,0,1,0,0
1,6,0,68,0,0,0,0,0,1,1
0,6,0,49,0,0,0,0,0,1,1
0,4,1,461,0,0,0,0,0,1,1
1,3,0,16,0,0,0,1,0,0,0
0,6,0,2,0,0,0,0,0,0,0
0,5,0,174,0,0,0,0,0,0,0
1,5,0,0,0,0,0,0,0,0,0
1,6,0,12,0,0,0,0,0,1,0
0,6,0,6,0,0,0,0,0,0,0
0,3,0,44,0,0,0,0,0,0,0
1,6,0,3,0,0,0,0,1,0,0
0,5,0,9,0,0,0,0,0,1,0
1,6,0,3,0,0,0,0,1,0,0
0,4,1,447,0,0,0,0,0,1,1
1,6,0,41,0,0,0,0,1,0,0
1,6,0,35,0,0,0,0,0,0,1
1,6,0,33,0,0,0,0,0,1,1
0,6,0,33,0,0,0,0,1,0,0
0,6,0,18,0,0,0,0,1,1,0
1,2,0,0,0,0,0,1,0,0,0
1,3,0,3,0,0,0,0,1,0,0
1,3,0,3,0,6,0,0,1,0,0
0,3,0,182,0,0,0,0,0,1,1
1,4,0,81,0,0,0,1,0,1,0
0,6,0,127,0,0,0,0,0,1,1
0,6,0,9,0,0,0,0,1,0,0
1,3,0,70,0,0,0,0,0,0,0
1,6,0,172,0,0,0,1,0,1,1
0,5,0,220,0,0,0,1,1,0,0
0,4,1,297,1,0,0,0,0,1,1
0,5,0,115,0,0,0,1,0,0,0
0,5,1,198,0,0,0,0,0,1,1
0,6,0,182,0,0,0,2,0,1,0
0,3,0,20,0,0,0,0,0,0,0
1,4,0,253,0,0,0,0,0,0,0
0,5,0,139,0,0,0,0,0,1,1
0,6,0,218,0,0,0,0,1,1,0
0,5,1,60,0,0,0,0,0,1,1
0,6,0,15,0,0,0,0,0,1,1
0,6,0,62,0,0,0,0,1,0,0
1,6,0,65,0,0,0,0,2,0,0
0,6,0,1,0,0,0,0,1,0,0
0,3,0,2,0,0,0,0,0,0,0
1,3,0,194,0,0,0,0,1,0,0
0,4,1,318,1,0,0,0,0,1,1
0,2,0,4,0,0,0,0,0,0,0
1,6,0,49,0,0,0,1,1,0,1
0,4,0,297,0,0,236,1,0,0,0
0,4,0,115,0,0,34,2,1,0,0
0,4,1,158,0,0,31,0,0,1,1
0,5,0,44,0,0,0,0,0,0,0
1,3,0,0,0,0,0,0,0,0,0
1,6,0,215,0,0,0,0,0,1,1
0,4,0,12,0,0,0,0,0,0,0
0,6,0,118,0,0,0,0,1,1,0
0,6,0,196,0,0,0,0,0,1,1
0,6,0,24,0,0,0,0,1,0,0
0,5,0,73,0,0,0,0,0,1,0
1,6,0,198,0,0,0,2,0,1,1
1,6,0,9,0,0,0,0,2,0,0
0,4,0,278,1,0,0,0,0,1,1
0,6,0,265,0,0,0,0,2,0,0
0,4,1,524,0,0,0,0,0,1,1
1,3,0,195,0,0,0,1,0,0,0
0,6,0,71,0,0,0,0,0,1,1
1,3,0,0,0,0,0,0,0,0,0
0,2,0,4,0,4,0,0,1,0,0
0,5,0,33,0,0,0,0,1,0,0
0,6,0,55,0,0,0,3,2,1,1
0,6,0,95,0,0,0,1,1,0,1
0,3,0,100,0,0,0,0,0,0,0
0,5,1,304,0,0,0,0,0,1,1
1,5,0,207,0,0,0,1,0,0,0
0,5,0,60,0,0,0,0,0,0,0
0,5,1,103,0,0,0,0,0,1,1
0,4,1,344,0,0,0,0,0,1,1
0,1,0,2,0,0,0,0,1,1,0
1,6,0,9,0,0,0,1,0,0,0
0,2,0,19,0,0,0,0,0,0,0
0,5,1,19,1,0,0,0,0,1,1
0,6,0,54,1,0,0,0,2,1,1
0,3,0,8,0,0,0,0,0,0,0
1,5,0,115,0,0,0,0,0,0,0
0,4,0,241,0,0,0,1,0,0,0
0,6,0,97,0,0,0,0,0,0,1
1,6,0,159,0,0,0,0,1,0,0
0,5,0,43,0,0,0,0,1,0,0
0,5,1,25,1,0,0,0,0,1,1
0,4,1,294,1,0,0,0,0,1,1
0,2,0,99,0,0,0,0,0,0,0
0,5,0,210,0,0,0,0,0,0,0
0,4,1,337,0,0,0,0,0,1,1
1,6,0,14,0,0,0,6,1,0,0
1,4,0,383,0,0,0,1,0,0,0
0,6,0,65,0,0,0,0,1,0,0
0,4,0,19,0,0,0,0,0,1,0
0,6,0,14,1,0,0,0,1,1,1
0,6,0,83,0,0,0,0,2,0,0
0,4,0,16,0,0,0,0,0,0,0
1,3,0,0,0,0,0,0,0,0,0
1,4,0,283,0,0,0,0,0,0,0
0,5,0,2,0,0,0,0,0,0,0
1,6,0,139,0,0,0,0,0,1,1
0,4,0,43,0,0,0,0,0,0,1
0,5,0,34,0,0,0,0,0,0,0
0,6,0,102,0,0,0,1,1,0,0
1,3,0,58,0,1,0,0,2,0,0
0,3,0,0,0,0,0,0,0,0,0
0,6,0,45,0,0,0,0,0,0,1
0,6,0,137,0,0,0,0,0,0,1
0,3,0,120,0,0,0,3,2,0,0
0,6,0,12,0,0,0,0,0,0,1
0,3,0,0,0,0,0,1,0,0,0
0,5,0,175,0,0,0,0,0,0,0
0,6,0,25,0,0,0,0,0,0,0
0,3,0,107,0,0,0,0,0,0,1
1,6,0,31,0,0,0,0,1,0,0
0,4,0,451,0,0,0,0,1,0,0
1,5,0,25,0,0,0,0,0,1,0
0,6,0,15,0,0,0,0,1,0,0
0,6,0,28,0,0,0,0,1,0,0
0,6,0,1,0,0,0,0,1,0,0
1,3,0,190,0,0,0,0,0,0,0
1,4,0,211,0,0,0,0,0,0,0
1,3,0,1,0,0,0,0,0,0,0
0,5,0,147,0,0,0,0,0,0,0
0,4,1,573,0,0,0,0,0,1,1
0,3,0,1,0,0,0,0,0,1,0
0,4,0,11,0,0,0,0,0,0,0
0,6,0,0,0,0,0,0,0,0,0
0,6,0,9,0,0,0,0,1,1,0
1,6,0,40,0,0,0,0,2,1,0
0,6,0,7,0,0,0,0,1,0,0
0,6,0,37,0,0,0,0,0,1,1
0,6,0,17,0,0,0,0,0,1,0
1,6,0,33,0,0,0,0,1,0,0
0,2,0,3,0,0,0,1,0,0,0
0,6,0,151,0,0,0,0,0,1,1
0,5,0,182,0,0,0,0,0,0,0
1,3,0,97,0,0,0,0,0,0,0
1,6,0,8,0,0,0,0,0,0,0
0,4,1,197,0,0,46,0,0,1,1
0,6,0,133,0,0,0,0,0,1,1
1,6,0,22,0,0,0,1,1,0,0
0,3,0,136,0,0,0,0,0,0,0
0,6,0,33,0,0,0,0,0,1,1
0,5,1,180,1,0,38,0,0,1,1
0,6,0,77,0,0,0,0,0,1,1
0,6,0,0,0,0,0,0,0,0,0
0,4,0,337,1,0,0,0,0,1,1
0,6,0,7,0,0,0,0,1,0,0
1,6,0,22,0,0,0,0,1,0,0
0,5,0,39,0,0,0,0,0,0,1
0,6,0,226,1,0,0,0,1,1,1
1,6,0,0,0,0,0,0,1,0,0
1,6,0,57,0,0,0,0,1,1,0
0,2,1,150,0,0,0,2,0,0,1
1,5,0,50,0,0,0,1,0,0,0
1,5,0,192,0,0,0,0,2,0,0
0,1,0,44,0,0,0,0,1,0,0
0,5,1,168,0,0,34,0,0,1,1
0,6,0,32,0,0,0,0,1,0,0
0,6,0,123,0,0,0,1,0,0,0
0,6,0,30,0,0,0,0,0,1,1
0,5,0,6,0,0,0,0,1,0,0
0,6,0,238,0,0,0,0,1,1,1
0,5,1,304,0,0,0,0,0,1,1
1,3,0,303,0,2,0,0,1,0,0
1,5,0,376,0,0,0,0,0,0,0
0,5,0,423,0,0,0,0,0,1,1
0,3,0,8,0,0,0,0,0,1,0
0,5,0,76,0,0,0,0,0,1,1
0,5,0,25,0,0,0,1,0,0,0
1,3,0,0,0,0,0,1,0,0,0
1,6,0,27,0,0,0,0,1,0,0
1,4,1,106,0,0,0,0,0,1,1
1,6,0,197,0,0,0,0,2,1,1
1,4,0,251,0,0,0,0,0,0,0
1,4,1,93,0,0,0,0,0,1,1
1,3,0,0,0,0,0,1,0,0,0
1,4,0,287,0,0,0,1,0,0,0
1,5,0,341,0,0,0,2,1,0,0
1,3,0,32,0,0,0,1,0,0,0
0,4,0,68,0,0,0,0,1,0,0
1,6,0,79,0,0,0,0,2,0,0
0,5,0,86,0,0,0,1,0,0,0
0,6,0,94,0,0,0,0,2,0,0
0,6,0,1,0,0,0,0,2,0,0
0,6,0,94,0,0,0,0,0,0,1
1,6,0,4,0,0,0,0,1,0,0
0,6,0,23,0,0,0,0,2,1,0
1,5,0,128,0,0,0,0,0,0,0
1,5,0,218,0,0,0,0,0,0,1
0,5,0,39,0,0,0,0,0,1,1
0,5,0,15,0,0,0,0,0,0,0
0,6,0,59,0,0,0,1,2,0,0
1,6,0,15,0,0,0,0,1,0,0
1,3,0,0,0,0,0,3,0,0,0
0,6,0,4,0,0,0,0,1,0,0
0,6,0,4,0,0,0,0,1,0,0
1,5,0,221,1,0,0,0,0,1,1
0,6,0,14,0,0,0,1,0,0,0
0,6,0,57,0,0,0,0,0,0,1
0,5,0,18,0,0,0,0,0,0,0
1,4,0,383,0,0,0,1,0,0,0
0,5,0,181,0,0,0,0,0,0,0
1,6,0,117,0,0,0,0,3,0,0
0,6,0,130,0,0,0,0,1,0,0
0,6,0,44,0,0,0,0,1,1,0
0,6,0,55,0,0,0,0,2,1,0
0,6,0,82,0,0,0,0,1,0,0
0,6,0,78,0,0,0,0,0,1,1
1,3,0,0,0,0,0,0,0,1,0
1,3,0,61,0,0,0,0,2,0,0
0,4,1,461,0,0,0,0,0,1,1
1,3,0,0,0,0,0,0,0,0,0
1,3,0,36,0,0,0,0,2,0,0
0,6,0,151,0,0,0,0,2,0,0
0,2,0,9,0,0,0,0,1,0,0
0,4,0,66,0,0,0,0,1,0,0
1,6,0,2,0,0,0,0,2,0,0
0,6,0,161,0,0,0,0,1,1,0
0,6,0,95,0,0,0,0,2,1,0
1,3,0,0,0,0,0,0,0,1,0
1,6,0,41,0,0,0,0,2,1,0
1,3,0,219,0,0,0,3,0,0,0
1,6,0,144,0,0,0,0,0,1,1
0,4,1,151,0,0,0,0,0,1,1
0,6,0,177,0,0,0,0,1,0,0
0,6,0,230,0,0,0,0,1,0,0
0,5,1,54,0,0,0,0,0,1,1
1,5,0,49,0,0,0,0,0,0,0
1,5,0,235,0,0,0,0,0,0,0
1,5,0,2,0,0,0,0,1,0,0
0,4,1,419,0,0,0,0,0,1,1
1,5,0,65,0,0,0,0,0,0,0
0,3,0,53,0,0,0,0,0,0,0
0,6,0,0,0,0,0,0,0,0,0
0,4,0,233,0,0,0,0,1,0,0
0,4,1,164,1,0,0,0,0,1,1
0,3,0,23,0,0,0,0,0,0,0
0,6,0,151,0,0,0,1,0,1,0
0,6,0,8,0,0,0,0,2,0,0
1,4,0,14,0,0,0,0,0,0,0
0,6,0,45,0,0,0,0,1,0,0
0,5,0,118,0,0,0,0,0,0,0
0,1,0,3,0,0,0,0,0,0,0
0,4,1,391,0,0,0,0,0,1,1
0,6,0,151,0,0,0,2,0,1,1
0,6,0,106,0,0,0,0,1,0,0
0,3,0,25,0,0,0,0,0,1,0
0,6,0,40,0,0,0,0,1,0,0
0,6,0,74,0,0,0,2,0,1,1
0,4,1,68,1,0,0,0,0,1,1
1,3,0,155,0,0,0,2,1,0,0
0,6,0,57,0,0,0,0,1,0,0
0,6,0,120,0,0,0,2,0,1,1
0,5,0,68,0,0,0,0,0,0,0
1,6,0,132,0,0,0,0,2,0,1
0,3,0,6,1,0,0,0,1,1,1
0,5,0,56,0,0,0,1,0,0,0
0,6,0,103,0,0,0,1,1,0,0
0,4,0,0,0,0,0,0,0,0,0
0,3,0,0,0,0,0,1,0,0,0
0,6,0,125,0,0,0,0,0,0,1
1,6,0,13,0,0,0,0,1,1,0
1,6,0,123,0,0,0,0,1,0,0
1,6,0,149,0,0,0,0,0,1,1
1,4,0,275,0,0,0,4,0,0,0
1,5,0,82,0,0,0,0,0,0,0
0,5,1,322,0,0,120,0,0,1,1
0,6,0,8,0,0,0,0,0,1,0
0,5,1,188,0,0,39,0,0,1,1
0,5,0,247,0,0,0,0,0,0,0
1,6,0,295,0,0,0,0,1,1,0
1,4,0,236,0,0,0,1,0,0,0
1,6,0,274,0,0,0,2,1,0,0
0,6,0,126,0,0,0,0,0,1,1
1,5,0,272,0,0,0,0,0,0,0
1,5,0,266,0,0,0,0,1,0,0
1,5,0,81,0,0,0,0,0,0,0
0,6,0,184,0,0,0,1,0,1,1
0,4,0,295,1,0,0,0,0,1,1
0,5,0,423,0,0,0,0,1,0,0
0,3,0,141,0,0,0,0,2,0,0
0,5,0,395,0,0,0,1,0,0,0
0,6,0,118,0,0,0,0,0,1,1
0,3,0,78,0,0,0,0,1,0,0
1,6,0,51,0,0,0,0,2,0,0
0,6,0,40,0,0,0,0,0,1,1
1,6,0,65,0,0,0,0,1,0,0
0,6,0,135,0,0,0,0,0,1,1
0,6,0,86,0,0,0,0,0,1,1
1,5,0,11,0,0,0,0,0,0,0
1,5,0,17,0,0,0,0,1,0,0
0,4,0,47,0,0,0,1,0,0,0
1,6,0,15,0,0,0,0,2,0,0
0,6,0,138,0,0,0,0,3,0,0
0,6,0,76,0,0,0,0,1,0,0
0,5,0,29,0,0,0,0,0,0,0
0,5,0,4,0,0,0,0,0,1,0
0,5,0,28,1,0,0,0,0,1,1
1,6,0,18,0,0,0,0,0,1,1
0,6,0,121,0,0,0,0,2,0,0
0,5,1,34,1,0,0,0,0,1,1
0,3,0,26,0,0,0,0,0,0,0
0,5,0,10,0,0,0,0,0,0,0
1,5,1,77,0,0,0,0,0,1,1
0,5,1,33,1,0,0,0,0,1,1
1,3,0,0,0,0,0,1,0,0,0
0,4,0,116,0,0,0,1,1,0,0
0,6,0,25,0,0,0,0,1,0,0
0,6,0,12,0,0,0,0,1,0,0
0,6,0,17,0,0,0,1,1,0,0
1,3,0,0,0,0,0,0,0,0,0
0,5,0,9,0,0,0,0,1,0,0
0,4,0,12,0,0,0,0,0,0,0
1,4,0,202,0,0,0,0,0,1,1
0,2,0,21,0,0,0,0,1,0,0
1,3,0,84,0,0,0,0,3,0,0
0,6,0,113,0,0,0,0,0,1,1
0,5,1,464,0,0,0,0,0,1,1
0,5,0,83,0,0,0,0,0,0,0
0,6,0,31,0,0,0,0,0,1,1
0,6,0,188,0,0,0,0,1,0,0
0,5,1,193,0,0,0,0,0,1,1
0,6,0,70,0,0,0,0,2,0,0
0,5,1,333,1,0,19,0,0,1,1
0,0,0,2,0,0,0,0,0,0,0
0,4,0,518,0,0,0,0,1,0,0
0,6,0,125,0,0,0,0,0,1,1
0,6,0,20,0,0,0,0,1,0,0
0,3,0,0,0,0,0,0,0,0,0
0,6,0,151,0,0,0,0,0,1,1
1,5,0,95,0,0,0,0,0,0,0
1,3,0,179,0,0,0,1,2,0,0
0,5,0,59,0,0,0,0,1,0,0
0,6,0,11,0,0,0,0,0,0,0
0,4,1,85,0,0,60,0,0,1,1
0,2,0,64,0,0,0,1,0,1,0
0,5,0,186,0,0,0,1,0,0,0
0,6,0,65,0,0,0,0,1,0,0
1,6,0,44,0,0,0,0,0,1,1
0,6,0,9,0,0,0,0,2,0,0
1,3,0,0,0,5,0,0,1,0,0
1,6,0,2,0,3,0,0,1,0,0
1,6,0,18,0,0,0,0,1,1,0
0,6,0,40,0,0,0,0,0,1,1
0,6,0,232,0,0,0,0,0,1,1
1,2,0,88,0,0,20,2,0,0,0
1,4,1,265,14,0,0,0,0,1,1
0,6,0,10,0,0,0,0,0,0,1
1,6,0,31,0,0,0,0,0,1,1
0,4,1,86,1,0,35,0,0,1,1
0,2,0,3,0,0,0,0,0,0,0
0,3,0,91,0,0,0,0,0,0,0
0,4,1,278,1,0,0,0,0,1,1
0,4,0,41,0,0,0,0,0,0,1
1,5,0,2,0,0,0,0,1,1,0
1,3,0,0,0,0,0,2,0,0,0
1,6,0,0,0,0,0,1,1,0,0
1,6,0,192,0,0,0,2,2,0,0
1,6,0,4,0,0,0,0,2,0,0
0,6,0,3,0,0,0,0,2,0,0
0,6,0,57,0,0,0,0,1,1,0
0,6,0,240,0,0,0,0,2,0,0
0,6,0,183,0,0,0,0,2,1,1
0,4,1,405,0,0,0,0,0,1,1
0,6,0,68,0,0,0,0,0,0,1
0,3,0,6,0,1,0,0,0,0,0
0,6,0,0,0,0,0,0,0,0,0
0,6,0,165,0,0,0,0,1,0,0
0,5,0,74,0,0,0,0,0,0,0
0,6,0,30,0,0,0,0,0,1,1
0,3,0,0,0,1,0,1,0,0,0
0,6,0,89,0,0,0,0,0,1,1
0,6,0,7,0,0,0,0,0,0,0
0,6,0,77,0,0,0,0,0,1,1
0,6,0,190,0,0,0,3,1,0,0
0,6,0,193,0,0,0,0,2,0,0
0,2,0,2,0,0,0,0,0,0,0
0,4,1,164,0,0,0,0,0,1,1
0,2,0,5,0,0,0,0,0,0,0
1,3,0,5,0,0,0,0,2,0,0
0,6,0,9,0,0,0,0,1,0,0
1,6,0,8,0,0,0,0,2,0,0
1,4,0,57,0,0,0,1,0,0,0
1,6,0,42,0,0,0,0,0,0,1
0,6,0,16,0,0,0,0,3,0,0
1,4,0,197,0,0,0,0,0,0,0
0,4,1,68,1,0,0,0,0,1,1
0,4,0,312,1,0,0,0,0,1,1
0,5,0,289,0,0,0,0,0,0,0
0,4,0,168,0,0,0,1,0,0,0
1,2,0,2,0,3,0,1,0,0,0
1,3,0,4,0,0,0,0,1,0,0
0,4,1,379,0,0,0,0,0,1,1
0,5,0,309,0,0,0,2,0,0,1
0,6,0,77,0,0,0,0,0,1,1
0,3,0,1,0,0,0,0,0,0,0
1,3,0,31,0,0,0,0,0,0,0
0,6,0,71,0,0,0,0,1,1,0
1,5,0,47,0,0,0,0,0,0,0
0,6,0,124,0,0,0,0,1,0,0
0,4,1,261,0,0,183,0,0,1,1
0,6,0,0,0,0,0,0,2,0,0
0,3,0,188,0,0,0,0,2,1,0
0,5,0,1,0,0,0,0,0,0,0
0,6,0,84,0,0,0,0,0,1,1
0,6,0,148,0,0,0,0,3,0,0
0,6,0,35,0,0,0,0,0,1,1
0,6,0,16,0,0,0,0,1,1,0
0,4,0,215,0,0,0,1,0,0,0
1,3,0,77,0,0,0,0,1,0,0
0,5,0,171,0,0,0,0,1,0,0
0,6,0,31,0,0,0,0,2,0,0
0,6,0,1,0,0,0,0,2,0,0
0,4,0,314,1,0,0,0,0,1,1
0,6,0,93,0,0,0,0,2,0,1
1,5,0,358,0,0,0,0,1,0,0
0,6,0,262,0,0,0,0,2,1,1
0,6,0,294,0,0,0,0,1,0,1
0,5,0,110,0,0,69,0,0,0,0
1,3,0,1,0,0,0,0,2,0,0
1,5,0,256,0,0,0,0,0,0,0
1,4,0,199,0,0,0,0,0,0,0
1,6,0,59,0,0,0,0,0,1,1
0,5,1,275,0,0,69,0,0,1,1
1,6,0,24,0,0,0,0,2,0,0
0,6,0,35,0,0,0,0,2,0,0
1,4,0,286,0,0,0,1,0,0,0
1,4,0,285,0,0,0,1,1,0,0
0,4,0,134,0,0,0,0,0,0,0
1,4,1,259,1,0,0,0,0,1,1
0,5,0,19,0,0,0,0,1,0,0
0,2,0,3,0,0,0,0,0,0,0
1,4,1,78,0,0,0,0,0,1,1
1,5,0,190,0,0,0,0,0,0,0
0,4,1,254,0,0,0,0,0,1,1
0,6,0,147,0,0,0,0,0,0,1
1,4,1,149,0,0,0,0,0,1,1
0,4,0,50,0,0,49,0,0,0,0
0,6,0,187,0,0,0,1,0,1,0
0,6,0,135,0,0,0,0,0,1,1
0,3,0,223,0,0,0,0,0,1,0
0,6,0,15,0,0,0,0,1,0,0
1,5,0,258,0,0,0,0,2,0,0
0,6,0,2,0,0,0,0,0,0,0
1,6,0,22,0,0,0,0,0,0,1
0,4,1,342,1,0,0,0,0,1,1
0,3,0,160,0,0,0,0,0,0,1
0,5,1,161,0,0,101,0,0,1,1
1,6,0,92,0,0,0,1,2,0,0
0,6,0,33,0,0,0,0,2,0,0
0,6,0,30,0,0,0,0,1,0,0
0,5,0,177,0,0,0,0,0,0,1
0,5,0,29,0,0,0,0,0,0,0
0,6,0,22,0,0,0,0,0,0,1
0,6,0,47,0,0,0,0,2,0,0
0,6,0,49,0,0,0,0,1,1,0
1,6,0,186,0,0,0,0,1,0,0
0,5,1,259,0,0,60,0,0,1,1
0,6,0,34,0,0,0,0,1,0,0
1,6,0,1,0,0,0,0,1,0,0
0,6,0,161,0,0,0,0,0,1,1
0,4,0,213,0,0,0,0,0,1,1
1,6,0,23,0,0,0,0,1,0,0
0,4,1,305,1,0,17,0,0,1,1
1,4,0,21,0,0,0,0,0,0,0
0,6,0,29,0,0,0,0,2,0,0
0,6,0,52,0,0,0,0,0,1,1
1,6,0,4,0,1,0,0,1,0,0
0,6,0,4,0,0,0,0,2,0,0
1,3,0,0,0,0,0,1,0,0,0
1,6,0,112,0,0,0,0,0,0,1
1,5,0,93,0,0,0,0,0,0,0
1,5,0,106,0,0,0,0,0,0,0
1,4,1,222,25,0,0,0,0,1,1
1,3,0,3,0,0,0,0,0,0,0
0,5,1,139,0,0,0,0,0,1,1
0,6,0,29,0,0,0,0,0,1,1
0,6,0,21,0,0,0,0,1,0,0
0,5,0,104,0,0,0,0,1,0,0
0,6,0,278,0,0,0,1,1,1,1
0,6,0,49,1,0,0,0,1,1,1
0,6,0,57,0,0,0,0,1,0,0
1,5,0,368,0,0,0,0,0,1,0
0,5,0,0,2,6,0,2,0,0,0
0,5,0,61,0,0,0,0,1,1,0
0,6,0,121,0,0,0,0,2,0,0
1,6,0,0,0,0,0,1,1,0,0
0,6,0,235,0,0,0,0,1,1,1
0,3,0,154,0,0,0,0,1,0,0
1,4,0,6,0,0,0,0,0,0,0
0,5,0,27,0,0,0,0,0,0,0
1,3,0,15,0,0,0,2,1,0,0
1,6,0,95,0,0,0,0,1,0,1
0,6,0,192,0,0,0,0,2,0,0
0,5,0,121,0,0,0,1,1,0,0
0,3,0,31,0,0,0,2,2,0,0
1,5,0,331,0,0,0,0,0,0,0
1,6,0,267,0,0,0,0,0,1,1
1,3,0,4,0,2,0,0,0,0,0
1,6,0,5,0,0,0,0,1,0,0
0,5,0,102,0,0,0,0,0,0,0
0,6,0,12,0,0,0,0,1,0,0
1,5,0,207,1,0,0,0,0,1,1
0,4,1,161,0,0,0,0,0,1,1
0,5,1,233,0,0,0,0,0,1,1
0,6,0,16,0,0,0,0,2,1,0
0,3,0,32,0,0,0,0,0,1,1
0,4,1,341,1,0,0,0,0,1,1
0,6,0,1,0,0,0,0,1,0,0
0,6,0,59,0,0,0,0,0,0,1
1,3,0,11,0,0,0,2,1,0,0
0,4,0,86,0,0,0,0,0,1,1
0,2,0,10,0,0,0,4,0,0,0
0,6,0,101,0,0,0,0,0,1,1
0,6,0,122,0,0,0,0,2,0,0
0,3,0,0,0,0,0,1,0,0,0
0,6,0,58,0,0,0,0,1,0,0
1,6,0,119,0,0,0,0,0,1,1
0,3,0,168,0,0,0,0,0,0,0
0,6,0,1,0,0,0,0,1,0,0
0,6,0,4,0,0,0,0,0,0,0
0,3,0,9,0,0,0,0,1,0,0
0,6,0,6,0,0,0,0,0,1,0
1,5,0,23,0,1,0,0,0,0,0
0,6,0,128,0,0,0,0,0,1,1
0,3,0,147,0,0,0,0,0,0,0
1,6,0,205,0,0,0,0,1,0,1
0,3,0,1,0,0,0,0,0,0,0
0,6,0,57,0,0,0,0,0,1,1
0,5,0,33,0,0,0,0,0,0,0
1,6,0,192,0,0,0,0,0,0,0
0,6,0,342,0,0,0,0,0,1,1
0,6,0,8,0,0,0,0,1,0,0
1,6,0,214,0,0,0,0,1,1,0
0,6,0,285,0,0,0,0,1,1,1
0,4,0,16,0,0,0,0,1,0,0
0,4,0,116,0,0,0,1,0,0,0
1,6,0,250,0,0,0,0,2,1,1
1,3,0,23,0,0,0,0,1,0,0
0,5,0,26,0,0,0,0,0,0,0
1,6,0,76,0,0,0,0,0,1,1
0,6,0,30,0,0,0,0,1,0,0
0,3,0,14,0,0,0,1,3,0,0
0,6,0,189,0,0,0,0,2,0,0
0,4,1,156,0,0,0,0,0,1,1
0,3,0,219,0,0,0,1,0,1,0
1,6,0,51,0,0,0,0,1,1,0
1,4,0,94,0,0,0,0,0,0,0
0,3,0,18,0,0,0,0,0,0,1
0,6,0,93,0,0,0,0,2,0,1
1,6,0,155,0,0,0,0,2,1,1
1,6,0,28,0,0,0,0,0,1,0
1,6,0,89,0,0,0,0,0,1,1
0,6,0,1,0,0,0,0,0,0,0
0,5,0,46,0,0,0,0,0,0,0
0,4,0,138,0,0,0,0,0,0,0
0,5,0,204,0,0,0,0,0,0,0
0,5,1,109,1,0,44,0,0,1,1
0,6,0,81,0,0,0,0,0,1,1
0,3,0,70,0,0,0,0,0,0,0
1,6,0,115,0,0,0,0,1,1,0
0,5,0,178,1,0,46,0,0,1,1
0,4,0,16,0,0,0,0,0,0,0
1,5,0,0,0,0,0,0,1,0,0
1,6,0,10,0,0,0,0,2,0,0
0,6,0,19,0,0,0,0,1,1,0
1,4,0,155,0,0,0,0,0,0,0
1,5,0,58,0,0,0,0,0,0,0
0,6,0,52,0,0,0,0,0,1,1
1,4,1,222,25,0,0,0,0,1,1
1,5,0,191,0,0,0,2,0,1,0
0,6,0,164,0,0,0,1,2,0,0
0,5,0,88,0,0,0,0,0,0,0
0,5,0,1,0,0,0,0,0,1,0
0,3,0,16,0,0,0,0,1,0,0
0,6,0,16,0,0,0,0,0,1,1
1,5,0,207,1,0,0,0,0,1,1
1,3,0,205,0,0,0,1,0,0,0
0,5,1,305,0,0,0,0,0,1,1
0,4,0,518,0,0,0,0,1,0,0
1,6,0,3,0,0,0,0,1,0,0
1,3,0,0,0,0,0,0,0,0,0
0,5,0,27,0,0,0,0,0,0,0
1,6,0,50,0,0,0,1,0,0,0
0,3,0,0,0,0,0,1,0,0,0
0,6,0,129,0,0,0,0,1,1,0
0,6,0,85,0,0,0,0,1,1,0
0,2,0,17,0,0,0,0,0,0,0
1,6,0,2,0,0,0,0,1,0,0
0,6,0,5,0,0,0,0,1,1,0
0,6,0,144,0,0,0,0,2,0,0
1,6,0,37,0,0,0,0,1,1,0
0,2,0,28,0,0,0,0,2,0,1
0,6,0,33,0,0,0,0,0,1,1
0,5,0,48,0,0,0,0,1,1,0
0,6,0,6,0,0,0,0,2,0,0
1,4,0,7,0,0,0,4,0,0,0
1,6,0,36,0,0,0,0,0,1,1
0,5,1,305,0,0,0,0,0,1,1
0,3,0,0,0,0,0,0,0,0,0
0,4,0,264,0,0,0,0,0,0,0
0,5,0,268,0,0,0,0,0,0,0
1,5,0,15,0,0,0,0,0,0,0
0,4,1,288,0,0,0,0,0,1,1
1,6,0,170,0,0,0,3,0,0,1
0,3,0,16,0,0,0,0,0,0,0
0,6,0,31,0,0,0,0,0,0,1
0,4,1,198,0,0,0,0,0,1,1
0,6,0,38,0,0,0,0,0,0,1
1,6,0,17,0,0,0,0,1,1,0
0,6,0,47,0,0,0,0,0,0,1
1,4,0,222,1,0,0,0,0,1,1
1,5,0,2,0,0,0,0,0,0,0
0,6,0,60,0,0,0,0,1,0,0
0,3,0,61,0,0,0,0,0,0,0
0,6,0,154,0,0,0,0,3,0,0
0,6,0,2,0,0,0,0,0,0,0
0,5,0,214,0,0,0,0,0,0,0
0,5,1,112,0,0,0,0,0,1,1
0,5,1,205,0,0,0,0,0,1,1
1,5,0,172,0,0,0,0,0,0,0
1,3,0,1,0,1,0,0,2,0,0
1,4,0,22,0,0,0,0,0,0,0
0,5,1,364,1,0,0,0,0,1,1
0,5,0,6,0,0,0,0,0,0,0
0,5,0,151,0,0,63,3,0,0,0
1,3,0,0,0,0,0,1,0,0,0
0,6,0,8,0,0,0,0,1,0,0
0,5,1,132,0,0,0,0,0,1,1
1,3,0,0,0,2,0,0,1,0,0
0,6,0,75,0,0,0,0,1,0,0
0,6,0,177,0,0,0,0,0,1,1
0,3,0,5,0,1,0,1,3,0,0
1,6,0,92,0,0,0,0,1,0,0
0,4,1,87,0,0,0,0,0,1,1
1,5,0,260,0,0,0,0,0,0,0
0,2,0,7,0,0,0,1,1,0,0
1,2,0,16,0,0,0,0,0,0,0
0,4,1,496,0,0,0,0,0,1,1
0,4,1,87,0,0,0,0,0,1,1
0,4,1,89,0,0,0,0,0,1,1
1,4,1,166,24,0,0,0,0,1,1
0,5,1,233,1,0,0,0,0,1,1
1,3,0,0,0,0,0,0,0,0,0
0,6,0,1,0,0,0,0,0,0,0
0,5,0,80,0,0,0,0,0,0,0
0,5,0,207,1,0,0,0,0,1,1
1,6,0,233,0,0,0,0,0,1,1
0,3,0,2,0,0,0,0,1,0,0
0,6,0,219,0,0,0,1,2,1,0
0,5,0,34,0,0,0,0,0,1,0
1,6,0,129,0,0,0,0,2,0,0
1,6,0,42,0,0,0,0,3,0,1
0,5,0,1,0,0,0,0,0,1,0
0,3,0,0,0,0,0,0,0,1,0
0,5,0,29,0,0,0,0,1,1,0
0,6,0,196,0,0,0,0,1,0,0
0,6,0,43,0,0,0,0,1,0,0
1,6,0,156,0,0,0,2,1,0,0
1,6,0,193,0,0,0,0,1,0,1
1,2,0,5,0,0,0,0,0,0,0
1,3,0,28,0,0,0,2,1,1,0
0,6,0,48,0,0,0,0,1,0,0
0,6,0,1,0,0,0,0,1,0,0
1,3,0,0,0,0,0,0,1,0,0
0,6,0,77,0,0,0,1,1,1,0
1,3,0,2,0,0,0,3,0,0,0
1,4,0,96,0,0,0,0,0,0,0
0,5,0,273,0,0,0,0,0,0,0
0,5,1,213,0,0,62,0,0,1,1
1,3,0,104,0,0,0,0,1,0,0
0,6,0,4,0,0,0,0,0,0,0
0,6,0,79,0,0,0,0,2,1,0
1,4,1,183,0,0,0,0,0,1,1
1,6,0,195,0,0,0,0,2,0,0
0,6,0,6,0,0,0,0,1,0,0
1,2,0,35,0,0,0,1,0,0,0
0,3,0,0,0,0,0,0,0,0,0
0,4,0,114,0,0,0,0,0,0,0
0,6,0,15,0,0,0,0,0,0,1
0,6,0,7,0,0,0,0,0,0,0
0,6,0,103,0,0,0,0,2,0,0
0,5,0,137,0,0,0,0,0,0,0
0,6,0,98,0,0,0,0,0,0,1
0,4,1,205,0,0,0,0,0,1,1
0,5,0,128,0,0,0,0,0,0,0
1,6,0,90,0,0,0,0,2,0,0
0,6,0,195,0,0,0,0,1,0,1
1,6,0,40,0,0,0,3,0,0,0
0,6,0,232,0,0,0,7,0,0,0
1,6,0,32,0,0,0,0,0,0,1
1,4,0,214,0,0,0,0,0,1,1
0,6,0,148,0,0,0,1,1,0,1
1,6,0,143,0,0,0,0,1,0,0
0,6,0,4,0,0,0,1,0,1,0
0,5,1,150,0,0,0,0,0,1,1
0,5,1,273,0,0,0,0,0,1,1
1,6,0,129,0,0,0,0,0,1,1
1,6,0,25,0,0,0,0,1,0,0
1,5,0,214,1,0,0,0,0,1,1
1,4,0,82,1,0,0,0,0,1,1
1,6,0,8,0,0,0,0,1,0,0
0,6,0,306,0,0,0,0,0,0,1
1,6,0,294,0,0,0,1,2,1,0
0,6,0,43,0,0,0,0,0,1,1
1,6,0,103,0,0,0,0,1,0,0
0,3,0,162,0,0,0,0,3,0,0
0,6,0,99,0,0,0,0,0,0,1
1,6,0,37,0,0,0,0,0,0,0
0,6,0,3,0,0,0,0,2,0,0
0,5,0,63,0,0,0,0,0,0,0
0,5,0,257,0,0,0,0,0,0,0
1,2,0,27,0,0,0,0,1,1,1
0,4,1,496,0,0,0,0,0,1,1
1,6,0,61,0,0,0,0,1,0,0
0,4,1,48,0,0,0,0,0,1,1
1,5,0,0,0,0,0,0,0,0,0
0,6,0,47,0,0,0,0,2,0,0
0,6,0,23,0,0,0,0,1,0,0
1,3,0,23,0,0,0,0,1,0,0
0,6,0,158,0,0,0,13,1,0,0
1,5,0,127,0,0,0,1,1,1,0
0,6,0,57,0,0,0,0,1,1,0
0,6,0,361,1,0,0,0,0,1,1
0,6,0,282,0,0,0,0,1,1,1
0,5,0,41,0,0,0,0,0,0,0
0,4,1,293,1,0,0,0,0,1,1
0,4,0,17,0,0,0,2,0,0,0
1,6,0,49,0,0,0,0,1,0,0
0,6,0,56,0,0,0,3,1,0,1
0,4,1,28,0,0,0,0,0,1,1
0,4,0,66,0,0,0,0,0,1,1
0,3,0,54,0,0,0,0,0,1,1
0,6,0,181,0,0,0,0,0,1,1
0,6,0,257,0,0,0,0,0,1,1
0,5,0,230,0,0,0,0,1,0,0
0,6,0,172,0,0,0,0,1,0,0
0,5,1,433,0,0,0,0,0,1,1
0,4,1,323,1,0,0,0,0,1,1
0,4,0,116,0,0,0,0,0,0,0
0,6,0,214,0,0,0,2,0,1,0
0,6,0,0,0,0,0,0,0,0,0
1,6,0,4,0,0,0,1,3,0,0
0,4,1,199,0,0,56,0,0,1,1
1,6,0,4,0,0,0,0,1,0,0
1,3,0,133,0,0,0,0,0,0,0
0,5,0,273,1,0,0,0,0,1,1
1,3,0,42,0,0,0,0,0,1,0
0,6,0,221,0,0,0,0,1,0,0
1,5,0,39,0,0,0,0,0,0,0
0,6,0,98,0,0,0,0,2,1,0
0,5,1,197,1,0,25,0,0,1,1
0,6,0,132,0,0,0,0,1,0,0
1,6,0,143,0,0,0,0,2,1,1
0,6,0,118,0,0,0,0,2,0,0
0,6,0,14,0,0,0,0,0,1,1
1,3,0,4,0,0,0,0,1,0,0
1,5,0,1,0,0,0,0,1,0,0
0,6,0,4,0,0,0,0,0,0,0
0,6,0,3,0,0,0,0,0,0,0
0,6,0,72,0,0,0,0,0,0,1
0,4,1,451,0,0,0,0,0,1,1
0,6,0,51,0,0,0,0,0,0,1
0,6,0,25,0,0,0,0,1,0,0
1,6,0,1,0,0,0,0,1,0,0
1,4,0,24,0,0,0,0,0,0,0
0,6,0,0,0,0,0,0,1,0,0
1,6,0,163,0,0,0,0,1,0,0
1,2,0,26,0,0,0,1,0,0,0
0,3,0,44,0,0,0,0,1,1,1
1,6,0,29,0,0,0,1,0,0,0
0,5,0,52,0,0,0,0,0,0,0
1,4,0,36,0,0,0,2,0,0,0
0,5,0,57,0,0,0,0,1,0,0
1,3,0,29,0,0,0,1,2,0,0
1,5,0,120,0,0,0,0,0,0,0
1,6,0,168,0,0,0,0,1,0,1
0,4,0,57,0,0,0,0,0,1,1
0,6,0,101,0,0,0,0,1,0,0
0,6,0,57,0,0,0,0,2,0,0
0,5,0,164,0,0,0,0,0,0,0
0,5,0,141,0,0,0,0,0,0,0
0,6,0,39,0,0,0,0,0,1,1
0,6,0,23,0,0,0,0,1,0,0
0,5,0,53,0,0,0,0,0,1,0
0,6,0,227,0,0,0,0,2,0,0
1,6,0,39,0,0,0,0,1,0,0
1,6,0,92,0,1,0,0,2,1,0
1,2,0,0,0,0,0,0,0,0,0
1,4,0,112,0,0,0,0,0,0,0
0,6,0,20,0,0,0,0,0,1,1
0,3,0,46,0,0,0,0,0,0,0
1,6,0,0,0,0,0,0,0,0,0
1,5,0,69,0,0,0,0,1,0,0
1,5,0,214,1,0,0,0,0,1,1
0,6,0,32,0,0,0,0,1,1,0
0,6,0,32,0,0,0,0,1,0,0
0,6,0,80,0,0,0,0,2,0,0
0,6,0,53,0,0,0,0,1,1,0
0,6,0,83,0,0,0,0,0,1,1
0,4,1,475,0,0,0,0,0,1,1
0,5,1,301,0,0,0,0,0,1,1
0,4,0,5,0,0,0,0,0,0,0
0,4,1,451,0,0,0,0,0,1,1
0,6,0,2,0,0,0,1,2,0,0
0,6,0,120,0,0,0,0,0,1,1
0,6,0,8,0,0,0,0,1,1,0
1,6,0,30,0,0,0,2,2,0,0
0,5,0,118,0,0,0,0,0,0,0
1,6,0,5,0,0,0,0,2,0,0
0,4,0,213,0,0,0,1,0,0,0
0,5,0,39,0,0,0,0,0,0,1
0,6,0,204,0,0,0,0,2,1,1
1,6,0,53,0,0,0,0,1,0,0
0,6,0,2,0,0,0,0,1,0,0
1,6,0,134,0,0,0,0,1,0,1
1,6,0,52,0,0,0,0,1,1,0
1,6,0,19,0,0,0,0,1,0,0
1,6,0,87,0,0,0,1,2,0,0
0,6,0,64,0,0,0,0,0,1,1
1,4,0,82,0,0,0,0,0,0,0
0,5,0,476,0,0,0,0,1,0,0
0,6,0,213,0,0,0,1,0,0,0
1,3,0,40,0,0,0,0,1,0,0
1,6,0,69,0,0,0,0,0,1,1
0,3,0,0,0,0,0,0,1,0,0
0,6,0,224,0,0,0,0,2,1,0
0,6,0,41,0,0,0,0,0,0,1
1,2,0,37,0,0,0,2,0,0,0
0,4,0,138,0,0,0,1,0,0,0
0,5,0,91,0,0,0,0,0,0,0
0,6,0,53,0,0,0,0,0,1,1
0,6,0,282,0,0,0,0,2,1,1
0,6,0,4,0,0,0,3,1,0,0
0,4,0,272,1,0,0,0,0,1,1
0,6,0,11,0,0,0,0,0,1,0
0,6,0,95,0,0,0,0,0,0,1
0,6,0,311,0,0,0,1,0,1,1
1,6,0,188,0,0,0,0,1,0,0
0,6,0,120,0,0,0,0,0,0,1
0,6,0,361,1,0,0,0,0,1,1
0,2,0,25,0,0,0,0,0,1,0
1,3,0,21,0,0,0,0,0,0,0
0,4,0,16,0,1,0,1,0,0,0
0,6,0,25,0,0,0,0,0,1,0
0,4,0,168,0,0,0,0,0,0,0
0,3,0,145,0,0,0,6,2,0,0
1,6,0,248,0,0,0,0,1,0,0
0,5,1,80,0,0,0,0,0,1,1
1,6,0,101,0,0,0,0,1,1,1
0,5,1,121,0,0,0,0,0,1,1
1,5,0,221,0,0,0,0,1,0,0
1,2,0,35,0,0,0,0,0,0,1
1,5,0,75,0,0,0,0,0,1,0
1,6,0,14,0,0,0,0,1,0,0
1,6,0,25,0,0,0,0,3,1,0
0,2,0,33,0,0,15,0,0,0,0
0,2,0,64,0,0,0,0,0,0,0
0,6,0,18,0,0,0,0,1,0,0
0,6,0,136,0,0,0,0,0,1,0
1,6,0,2,0,0,0,1,2,0,0
1,6,0,11,0,0,0,0,1,1,0
0,5,0,180,0,0,0,1,1,0,0
1,5,0,3,0,0,0,1,0,0,0
0,6,0,7,0,0,0,0,1,0,0
0,3,0,78,0,0,0,2,2,1,0
0,5,0,1,0,0,0,1,0,0,0
1,5,0,81,0,0,0,0,0,0,0
0,6,0,0,0,0,0,0,1,0,0
1,3,0,0,0,0,0,0,0,0,0
0,5,1,478,0,0,0,0,0,1,1
0,6,0,50,0,0,0,0,0,1,1
0,6,0,121,0,0,0,0,0,0,1
1,6,0,19,0,0,0,0,0,0,0
0,3,0,1,0,0,0,1,0,0,0
0,4,1,343,1,0,0,0,0,1,1
0,6,0,59,0,0,0,0,1,1,0
0,5,1,302,1,0,0,0,0,1,1
0,6,0,33,0,0,0,0,0,0,1
0,5,0,21,0,0,0,1,0,0,0
0,6,0,77,0,0,0,1,1,0,0
0,3,0,26,0,0,0,0,0,0,0
1,6,0,105,0,0,0,0,1,0,0
0,5,1,134,0,0,0,0,0,1,1
0,3,0,7,0,0,0,0,0,0,0
1,6,0,0,0,0,0,0,1,0,0
0,6,0,2,0,0,0,0,2,1,0
0,6,0,2,0,0,0,0,1,0,0
0,6,0,120,0,0,0,0,2,0,0
0,6,0,54,0,0,0,0,2,1,0
0,4,0,11,0,0,0,1,0,1,0
0,4,1,267,0,0,0,0,0,1,1
0,5,1,115,0,0,0,0,0,1,1
0,4,1,224,1,0,0,0,0,1,1
0,6,0,129,0,0,0,0,0,1,1
1,2,0,11,0,1,0,0,0,0,0
1,6,0,112,0,0,0,0,1,1,0
1,5,0,63,0,0,0,0,1,0,0
0,3,0,3,0,0,0,0,0,0,0
0,5,0,36,0,0,0,0,0,0,0
0,4,0,134,0,0,0,0,0,1,0
0,6,0,129,0,0,0,0,0,1,1
0,6,0,113,0,0,0,2,0,1,1
1,6,0,1,0,0,0,0,1,0,0
0,5,0,37,0,0,0,0,0,1,1
0,6,0,133,0,0,0,0,1,1,0
0,6,0,124,0,0,0,0,2,0,0
1,6,0,40,0,0,0,0,0,0,1
1,6,0,66,0,0,0,2,1,0,0
1,3,0,84,0,0,0,1,0,0,0
0,5,1,301,1,0,0,0,0,1,1
0,6,0,6,0,2,0,4,2,0,0
0,6,0,82,0,0,0,0,0,1,1
0,3,0,11,0,0,0,0,1,1,0
1,6,0,212,0,0,0,4,1,0,1
0,4,0,50,0,0,0,1,0,0,0
1,4,0,287,0,0,0,1,0,0,0
1,6,0,70,0,0,0,0,0,0,0
0,5,1,169,0,0,0,0,0,1,1
0,6,0,22,0,0,0,0,0,1,1
0,4,1,368,0,0,0,0,0,1,1
1,2,0,32,0,17,0,1,0,0,0
1,5,0,182,0,0,0,0,1,0,0
0,6,0,47,0,0,0,0,0,1,1
0,5,0,268,1,0,0,0,0,1,1
0,6,0,132,0,0,0,0,0,0,0
0,5,0,102,0,0,0,0,0,0,0
0,0,0,1,0,0,0,0,0,0,1
0,3,0,0,0,0,0,0,0,0,0
0,6,0,29,0,0,0,0,1,0,0
1,5,0,3,0,0,0,0,1,0,0
1,5,0,37,0,0,0,0,1,0,0
0,6,0,201,0,0,0,0,1,0,1
0,5,0,116,0,0,0,1,0,1,0
0,6,0,52,0,0,0,0,2,0,0
0,4,1,66,0,0,0,0,0,1,1
1,3,0,21,0,0,0,0,1,0,0
1,6,0,154,0,0,0,0,2,0,0
0,6,0,189,0,0,0,0,2,0,0
0,5,0,159,0,0,0,0,0,0,0
1,5,0,24,0,0,0,0,1,0,0
0,5,0,457,0,0,0,2,1,0,0
0,3,0,6,0,0,0,0,0,0,0
0,6,0,256,0,0,0,0,2,0,0
0,4,1,349,1,0,0,0,0,1,1
0,3,0,5,0,0,0,1,0,0,0
0,6,0,73,0,0,0,0,0,0,1
1,4,0,152,0,0,0,3,0,0,0
0,6,0,0,0,0,0,0,0,1,0
0,2,0,3,4,46,0,0,0,0,0
0,5,0,97,0,0,0,1,0,0,0
0,6,0,294,0,0,0,0,0,1,1
0,5,0,207,1,0,0,0,0,1,1
0,4,0,192,0,0,0,0,0,0,1
0,6,0,29,0,0,0,0,1,0,0
1,4,0,84,0,0,0,0,1,0,0
0,4,0,44,0,0,0,0,0,0,0
1,4,0,190,0,0,0,0,0,0,0
1,6,0,166,0,0,0,1,2,0,0
0,6,0,299,0,0,0,1,0,0,0
1,6,0,178,0,0,0,0,0,1,1
0,6,0,14,0,0,0,0,0,1,1
1,6,0,101,0,0,0,0,3,0,0
1,6,0,32,0,0,0,0,0,1,1
0,4,1,143,0,0,0,0,0,1,1
0,4,0,48,0,0,0,0,0,1,1
0,4,0,134,0,0,0,0,0,1,0
0,6,0,105,0,0,0,0,0,1,1
0,6,0,124,0,0,0,0,2,0,0
0,5,1,396,0,0,0,0,0,1,1
1,5,0,218,0,0,0,0,0,1,1
0,4,0,40,0,0,0,0,0,0,1
0,3,0,15,0,0,0,0,0,0,0
1,6,0,71,0,0,0,0,1,0,0
0,6,0,136,0,0,0,1,3,0,0
1,5,0,119,0,0,0,0,0,0,0
1,5,0,221,0,0,0,0,1,0,0
0,5,0,221,0,0,0,1,1,0,0
1,4,0,261,0,0,0,0,0,0,0
0,6,0,89,0,0,0,1,1,0,0
0,6,0,18,0,0,0,0,1,0,0
1,3,0,2,0,0,0,1,1,0,0
0,6,0,29,0,0,0,0,1,1,0
0,6,0,93,0,0,0,0,0,1,1
0,6,0,24,0,0,0,0,0,1,1
0,6,0,53,0,0,0,0,1,1,0
0,6,0,3,0,0,0,0,2,0,0
1,6,0,42,0,0,0,0,2,0,1
0,6,0,9,1,0,0,0,1,1,1
1,6,0,17,0,0,0,0,0,0,1
0,5,0,83,0,0,77,0,0,0,0
0,5,0,3,0,0,0,0,0,0,0
1,3,0,296,0,0,0,7,2,0,0
1,3,0,0,0,0,0,1,0,0,0
1,3,0,0,0,0,0,0,0,0,0
0,6,0,192,1,0,0,0,1,1,1
0,3,0,36,0,0,0,0,0,1,0
0,4,1,16,0,0,0,0,0,1,1
1,2,0,0,0,24,0,1,2,0,0
0,6,0,133,0,0,0,2,2,1,0
1,6,0,17,0,0,0,0,1,1,0
0,6,0,81,0,0,0,0,1,1,0
1,3,0,0,0,0,0,0,0,0,0
0,5,0,74,0,0,0,0,0,0,0
1,3,0,20,0,0,0,1,1,0,0
0,6,0,308,0,0,0,0,0,1,1
0,6,0,82,0,0,0,0,2,1,0
1,4,0,47,0,0,47,0,0,0,0
0,4,1,87,0,0,0,0,0,1,1
1,6,0,9,0,0,0,0,0,0,0
1,6,0,158,0,0,0,0,1,0,1
0,6,0,23,0,0,0,0,0,0,1
1,4,1,113,0,0,0,0,0,1,1
1,6,0,247,0,0,0,1,1,0,0
0,6,0,212,0,0,0,0,2,1,0
0,5,0,24,0,0,0,0,0,0,0
1,6,0,71,0,0,0,0,0,1,1
0,6,0,207,0,0,0,0,2,0,0
0,6,0,131,0,0,0,2,1,0,1
1,6,0,13,0,0,0,1,0,0,0
0,6,0,1,0,0,0,0,1,0,0
1,6,0,59,0,0,0,0,2,1,1
0,4,0,1,0,0,0,0,1,0,0
1,3,0,0,0,2,0,0,1,0,0
1,5,0,17,0,0,0,0,0,0,0
1,4,0,115,0,0,0,0,0,1,0
0,6,0,20,0,0,0,0,0,1,1
1,2,0,60,0,0,0,0,0,1,1
0,6,0,45,0,0,0,2,0,1,0
0,5,0,59,0,0,0,0,0,0,0
0,6,0,97,0,0,0,0,3,0,0
0,5,0,75,0,0,0,0,0,0,0
1,6,0,0,0,0,0,0,0,0,0
1,3,0,0,0,3,0,0,0,0,0
0,6,0,190,0,0,0,0,1,0,0
0,6,0,12,0,0,0,0,3,1,0
1,4,1,168,0,0,0,0,0,1,1
1,5,0,151,0,0,0,0,0,1,0
1,6,0,66,0,0,0,0,1,0,0
0,6,0,17,0,0,0,0,1,0,0
1,6,0,35,0,0,0,0,1,1,0
0,6,0,25,0,0,0,0,0,0,0
0,4,0,137,0,0,0,0,1,0,0
1,6,0,33,0,0,0,0,1,0,0
0,6,0,120,0,0,0,0,0,1,1
0,6,0,141,0,0,0,0,0,1,1
1,6,0,210,0,0,0,0,3,0,0
1,6,0,45,0,0,0,0,1,0,0
0,6,0,115,0,0,0,0,1,1,0
0,4,1,164,0,0,0,0,0,1,1
0,6,0,32,0,0,0,0,1,0,0
0,6,0,6,0,0,0,0,2,0,0
0,5,1,113,6,0,44,0,0,1,1
0,6,0,41,0,0,0,0,0,0,1
0,6,0,171,0,0,0,1,1,0,0
0,6,0,321,0,0,0,2,3,0,0
1,3,0,14,0,0,0,0,0,0,0
1,5,0,222,0,0,0,0,1,0,0
0,3,0,106,0,0,0,1,0,0,0
0,6,0,141,0,0,0,0,0,1,1
0,6,0,20,0,0,0,0,1,1,0
1,6,0,1,0,0,0,0,1,0,0
1,6,0,0,0,0,0,0,1,0,0
0,6,0,54,0,0,0,0,2,0,0
0,6,0,57,0,0,0,0,1,0,0
0,6,0,151,0,0,0,0,1,1,0
0,6,0,11,0,0,0,0,2,0,0
0,5,0,180,0,0,0,1,0,0,0
0,4,0,241,0,0,0,0,0,0,0
0,3,0,0,0,0,0,0,0,0,0
0,3,0,18,0,0,0,0,1,0,0
0,5,1,59,0,0,33,0,0,1,1
0,6,0,157,0,0,0,0,0,0,1
0,5,1,181,1,0,42,0,0,1,1
0,6,0,54,0,0,0,2,3,0,1
0,6,0,7,0,0,0,0,1,0,0
0,6,0,117,0,0,0,0,2,0,0
1,6,0,126,0,0,0,0,1,0,0
0,4,0,279,1,0,0,0,0,1,1
0,5,1,55,0,0,0,0,0,1,1
1,3,0,1,0,0,0,0,0,0,0
0,2,0,2,0,0,0,0,1,0,0
0,6,0,220,0,0,0,1,0,0,1
0,5,1,372,0,0,0,0,0,1,1
0,4,0,281,1,0,0,0,0,1,1
0,4,0,132,0,0,0,0,0,0,0
0,4,1,158,0,0,31,0,0,1,1
0,6,0,133,0,0,0,0,2,0,0
0,2,1,241,0,0,0,0,0,1,1
1,5,0,134,0,0,0,0,0,0,1
0,6,0,100,0,0,0,1,1,0,1
0,4,1,65,0,0,0,0,0,1,1
1,5,0,140,0,0,0,0,0,0,0
0,6,0,103,0,0,0,0,0,1,1
1,6,0,172,0,0,0,1,0,1,1
1,6,0,2,0,0,0,0,1,0,0
0,2,0,0,0,0,0,1,0,0,0
0,6,0,39,0,0,0,0,1,0,0
0,3,0,26,0,0,0,0,0,0,0
0,6,0,28,0,0,0,0,1,1,0
1,6,0,1,0,0,0,0,0,0,0
1,6,0,69,0,0,0,0,1,0,0
0,4,1,608,0,0,0,0,0,1,1
1,5,0,245,0,0,0,0,1,0,0
1,6,0,2,0,0,0,0,1,0,0
0,6,0,22,0,0,0,0,0,0,1
0,4,0,258,1,0,0,0,0,1,1
0,6,0,41,0,0,0,0,2,1,0
0,5,0,39,0,0,0,0,0,1,1
0,6,0,47,0,0,0,0,0,0,1
0,3,0,86,0,0,0,0,1,0,0
1,6,0,79,0,0,0,0,2,0,0
1,6,0,4,0,0,0,0,3,1,0
0,6,0,6,0,0,0,4,1,0,0
0,6,0,140,0,0,0,0,1,0,0
1,5,0,272,0,0,0,0,0,0,0
0,5,0,386,0,0,0,0,1,0,0
1,6,0,327,0,0,0,0,1,0,1
1,6,0,139,0,0,0,0,0,1,1
1,5,0,142,0,0,0,0,0,1,0
0,4,1,86,1,0,35,0,0,1,1
0,6,0,30,0,0,0,0,0,0,1
1,3,0,62,0,0,0,0,0,1,0
1,6,0,98,0,0,0,0,2,1,0
1,6,0,9,0,0,0,0,1,0,0
0,6,0,43,0,0,0,0,1,0,0
0,6,0,4,0,0,0,0,1,0,0
1,4,0,197,0,0,0,0,0,0,0
0,6,0,201,0,0,0,0,0,1,0
1,4,1,171,0,0,0,1,0,0,0
1,3,0,95,0,0,0,1,0,0,1
0,6,0,27,0,0,0,0,2,1,0
0,6,0,254,0,0,0,0,0,0,1
0,3,0,66,0,0,0,0,0,0,0
1,6,0,47,0,0,0,0,1,0,0
0,6,0,190,0,0,0,0,2,0,0
1,6,0,209,0,0,0,0,1,0,0
1,6,0,11,0,0,0,0,1,0,0
1,3,0,2,0,0,0,1,2,0,0
1,4,0,110,0,0,0,1,0,0,0
1,4,0,245,0,0,0,0,0,0,0
0,5,0,108,0,0,0,0,0,0,0
0,6,0,22,0,0,0,0,1,0,0
0,6,0,158,0,0,0,0,1,1,0
1,4,1,304,0,0,0,1,0,1,1
0,5,0,61,0,0,0,0,1,0,0
0,6,0,1,0,0,0,0,2,0,0
0,6,0,218,0,0,0,0,1,0,0
0,6,0,173,0,0,0,0,2,1,0
0,6,0,96,0,0,0,0,0,1,1
1,2,0,6,0,5,0,0,0,0,0
0,4,1,292,1,0,0,0,0,1,1
0,6,0,96,0,0,0,0,0,0,1
0,2,0,3,0,20,0,0,2,0,0
1,5,0,186,0,0,0,0,0,0,0
0,6,0,3,0,0,0,1,0,0,0
0,5,1,443,0,0,0,0,0,1,1
0,4,1,626,0,0,0,0,0,1,1
0,5,0,396,0,0,0,0,1,0,0
1,6,0,91,0,0,0,0,0,1,1
1,4,0,9,0,0,0,0,0,0,1
0,6,0,24,0,0,0,0,0,1,1
1,6,0,0,0,0,0,0,0,0,0
0,6,0,106,0,0,0,0,0,1,1
1,6,0,12,0,0,0,0,1,0,0
0,2,0,7,0,5,0,0,1,0,0
0,5,0,150,0,0,0,0,1,0,0
0,5,0,323,0,0,0,0,1,0,0
0,3,0,140,0,0,0,2,1,0,0
0,5,0,195,1,0,0,0,0,1,1
0,6,0,96,0,0,0,2,2,0,0
0,6,0,24,0,0,0,0,0,0,1
1,3,0,23,0,0,0,0,0,1,0
0,6,0,40,0,0,0,0,0,0,1
1,3,0,16,0,0,0,0,0,1,0
0,5,0,192,0,0,0,0,0,0,0
0,6,0,46,0,0,0,0,1,0,0
0,6,0,144,0,0,0,0,2,1,0
0,5,0,282,0,0,0,0,0,0,0
1,4,0,185,0,0,0,0,0,0,0
0,6,0,45,0,0,0,1,1,0,0
0,6,0,34,0,0,0,0,1,1,0
0,6,0,65,0,0,0,0,1,0,0
1,6,0,133,1,0,0,0,0,1,1
1,2,0,0,1,2,0,0,0,0,0
0,4,0,69,0,0,0,0,0,1,0
0,4,1,356,1,0,0,0,0,1,1
0,4,1,277,0,0,0,0,0,1,1
1,3,0,2,0,0,0,0,1,0,0
1,3,0,0,0,0,0,0,0,0,0
0,4,1,212,0,0,0,0,0,1,1
1,6,0,331,0,0,0,2,2,0,1
0,6,0,165,0,0,0,0,2,0,0
0,6,0,18,0,0,0,0,1,0,0
1,5,0,217,0,0,0,0,3,0,0
1,6,0,4,0,0,0,0,1,0,0
0,6,0,8,0,0,0,0,2,0,0
0,6,0,48,0,0,0,0,0,1,0
0,6,0,13,0,0,0,0,1,0,0
0,6,0,151,0,0,0,0,1,0,0
1,6,0,92,0,0,0,0,2,0,0
0,2,0,86,0,0,0,0,0,1,0
1,5,0,26,0,0,0,0,0,0,0
1,3,0,2,0,0,0,0,0,1,0
0,6,0,13,0,0,0,0,0,1,1
1,3,0,14,0,0,0,1,0,0,0
1,2,0,4,1,6,0,2,0,0,0
1,4,1,92,1,0,0,0,0,1,1
1,6,0,100,0,0,0,0,1,0,0
1,5,0,163,0,0,0,0,1,0,0
0,5,0,303,0,0,0,0,0,1,1
1,2,0,0,0,1,0,0,0,0,0
1,5,0,4,0,0,0,0,0,1,0
1,3,0,0,0,0,0,1,0,0,0
0,6,0,34,0,0,0,0,1,0,0
1,6,0,81,0,0,0,0,0,1,1
0,6,0,28,0,0,0,1,1,0,0
0,5,0,273,0,0,0,0,0,0,0
1,3,0,0,0,0,0,0,0,0,0
0,6,0,48,0,0,0,0,2,0,0
0,6,0,110,0,0,0,4,2,0,0
0,0,0,3,0,0,0,1,0,0,0
0,6,0,61,0,0,0,0,1,0,0
0,6,0,266,0,0,0,1,1,0,1
0,6,0,186,0,0,0,0,0,0,1
0,6,0,18,0,0,0,0,0,0,1
0,4,1,50,0,0,0,0,0,1,1
0,6,0,133,0,0,0,0,1,1,0
1,6,0,57,0,0,0,0,0,1,1
1,4,0,252,0,0,0,5,0,0,0
0,6,0,15,0,0,0,0,1,0,0
0,6,0,56,0,0,0,0,2,0,0
1,5,0,78,0,0,0,1,1,0,0
1,6,0,76,0,0,0,1,2,0,0
0,3,0,23,0,0,0,0,1,0,0
1,5,0,171,0,0,0,0,0,1,0
0,6,0,160,0,0,0,0,2,1,0
1,5,0,10,0,0,0,0,0,0,0
1,6,0,1,0,0,0,0,0,0,0
0,6,0,12,0,0,0,0,1,0,0
0,6,0,12,0,0,0,0,0,1,1
0,4,1,433,0,0,0,0,0,1,1
1,5,0,235,0,0,0,0,1,0,0
0,5,1,166,0,0,0,0,0,1,1
1,6,0,91,0,0,0,1,0,0,1
0,6,0,87,0,0,0,0,0,1,1
1,3,0,0,0,2,0,0,0,1,0
0,6,0,7,0,0,0,0,0,1,0
0,6,0,35,0,0,0,0,1,1,0
1,3,0,4,0,0,0,0,0,0,0
0,6,0,0,0,0,0,0,2,0,0
1,6,0,134,0,0,0,1,1,0,0
0,2,0,20,1,5,0,0,0,0,0
1,6,0,126,0,0,0,0,1,1,0
1,5,0,102,0,0,0,1,0,0,0
0,5,1,253,0,0,55,0,0,1,1
0,6,0,75,0,0,0,0,1,0,0
0,6,0,67,0,0,0,0,1,1,0
0,6,0,21,0,0,0,0,2,1,0
1,5,0,230,0,0,0,0,0,0,0
0,6,0,8,0,0,0,0,0,1,0
0,3,0,136,0,0,0,1,0,1,1
0,5,1,15,0,0,0,0,0,1,1
1,4,0,336,0,0,0,0,0,0,0
0,5,1,183,0,0,0,0,0,1,1
0,4,1,353,1,0,0,0,0,1,1
0,3,0,6,0,0,0,0,1,0,0
0,6,0,22,0,0,0,0,1,0,0
0,6,0,115,0,0,0,2,2,0,0
0,6,0,148,0,0,0,0,0,0,1
0,6,0,173,0,0,0,0,2,1,0
0,6,0,72,0,0,0,0,1,0,0
1,6,0,167,0,0,0,0,0,1,1
0,6,0,138,0,0,0,0,0,0,1
1,5,0,47,0,0,0,0,0,0,0
1,3,0,1,0,0,0,0,1,0,0
0,5,0,96,0,0,0,0,0,1,0
0,5,0,68,0,0,0,0,0,0,0
1,3,0,27,0,0,0,0,1,0,0
0,6,0,36,0,0,0,0,1,0,0
0,6,0,196,0,0,0,1,3,0,0
0,4,0,328,0,0,38,0,1,0,0
0,5,0,266,0,0,0,0,0,0,0
1,4,0,47,0,0,47,0,0,0,0
0,6,0,182,0,0,0,0,2,0,0
0,6,0,17,0,0,0,0,0,0,0
0,4,1,433,0,0,0,0,0,1,1
0,6,0,125,0,0,0,0,0,0,1
1,6,0,4,0,0,0,0,0,0,0
0,6,0,30,0,0,0,0,1,0,0
0,2,1,153,0,0,0,0,0,1,1
1,6,0,3,0,0,0,0,0,0,0
0,4,0,189,0,0,0,0,0,0,0
1,3,0,1,0,0,0,0,0,0,0
0,6,0,134,0,0,0,0,1,0,0
0,6,0,41,0,0,0,0,2,0,0
0,6,0,203,0,0,0,2,3,0,0
0,4,0,101,0,0,0,0,0,1,0
0,3,0,30,0,0,0,0,2,0,0
0,5,0,19,0,0,0,0,1,0,0
1,3,0,27,0,1,0,0,1,0,0
0,5,1,60,0,0,0,0,0,1,1
1,6,0,64,0,0,0,0,0,0,0
1,6,0,320,0,0,0,1,1,0,1
0,6,0,0,0,0,0,0,1,0,0
1,5,0,29,0,0,0,0,2,0,0
1,5,0,8,0,0,0,0,0,0,0
1,3,0,0,0,0,0,3,0,0,0
1,6,0,131,0,0,0,0,2,0,0
1,6,0,1,0,0,0,0,0,0,0
0,4,1,91,0,0,20,0,0,1,1
1,6,0,243,0,0,0,0,2,0,0
0,6,0,174,0,0,0,0,0,1,1
0,6,0,180,0,0,0,0,0,0,1
0,6,0,27,0,0,0,0,0,1,1
0,6,0,211,1,0,0,0,0,1,1
0,4,0,29,0,0,0,0,0,0,0
0,6,0,80,0,0,0,0,0,0,1
1,3,0,1,0,0,0,1,1,0,0
0,4,0,309,1,0,0,0,0,1,1
1,3,0,0,0,0,0,0,0,0,0
1,3,0,1,0,0,0,0,2,0,0
0,3,0,31,0,0,0,1,0,1,0
0,5,0,130,0,0,0,0,0,1,0
1,6,0,226,0,0,0,0,0,0,0
1,5,0,203,0,0,0,0,0,0,0
1,6,0,200,0,0,0,0,0,1,1
0,6,0,235,0,0,0,0,1,1,1
1,6,0,16,0,0,0,0,1,0,0
1,5,0,103,0,0,0,0,0,0,0
1,6,0,9,0,0,0,0,2,0,0
0,6,0,11,0,0,0,0,1,0,0
1,4,0,66,0,0,0,0,0,0,0
0,2,0,1,0,0,0,0,0,0,0
1,3,0,0,0,0,0,1,0,0,0
0,4,0,79,0,0,0,0,0,1,0
1,6,0,204,0,0,0,0,2,0,0
0,6,0,40,0,0,0,0,0,1,1
0,6,0,116,0,0,0,0,1,1,0
1,4,0,253,0,0,0,2,0,0,0
0,6,0,50,0,0,0,0,1,0,0
0,6,0,84,0,0,0,0,0,1,1
0,5,0,60,0,0,0,0,0,0,0
0,2,0,13,0,0,0,0,0,0,0
0,6,0,43,0,0,0,0,1,0,0
0,6,0,0,0,0,0,0,0,0,0
1,6,0,73,0,0,0,0,0,1,1
1,5,0,5,0,0,0,0,0,0,0
0,4,0,101,0,0,0,0,0,1,0
1,5,0,128,0,0,0,0,0,0,0
1,3,0,49,0,0,0,0,0,0,0
0,3,0,13,0,0,0,0,0,0,0
0,6,0,17,0,0,0,0,0,1,0
0,4,1,28,0,0,0,0,0,1,1
1,6,0,18,0,0,0,0,2,0,0
1,5,0,261,0,0,0,0,1,0,0
0,6,0,32,0,0,0,0,0,1,1
1,6,0,102,0,0,0,0,0,1,1
0,6,0,212,0,0,0,0,0,1,1
0,6,0,243,0,0,0,2,2,0,1
0,5,1,317,0,0,0,0,0,1,1
1,2,0,13,0,0,0,0,0,0,0
0,6,0,115,0,0,0,0,0,1,1
1,6,0,188,0,0,0,0,0,1,1
1,6,0,33,0,0,0,0,1,1,0
1,4,0,17,0,0,0,0,0,0,0
1,6,0,75,0,0,0,1,0,1,0
0,6,0,29,0,0,0,0,2,1,0
0,6,0,120,0,0,0,0,0,0,1
0,2,0,2,0,0,0,0,0,0,0
0,6,0,176,0,0,0,0,0,1,1
1,6,0,91,0,0,0,1,1,1,1
0,4,1,213,0,0,0,0,0,1,1
0,6,0,0,0,0,0,0,0,0,0
0,6,0,23,0,0,0,0,1,1,0
0,6,0,19,0,0,0,1,2,0,0
0,6,0,60,0,0,0,0,1,0,0
1,6,0,39,0,0,0,0,0,1,0
0,2,0,1,0,0,0,0,0,0,0
1,5,0,2,0,0,0,0,0,0,0
0,4,0,8,0,0,0,0,0,0,0
1,5,0,38,0,0,0,0,0,0,0
1,5,1,219,0,0,0,0,0,1,1
0,3,0,3,0,0,0,0,0,1,0
1,3,0,17,1,0,0,3,1,0,1
1,4,2,169,0,0,0,2,0,0,0
0,3,0,32,0,0,0,0,0,1,1
1,3,0,0,0,0,0,0,0,0,0
0,6,0,15,0,0,0,0,0,0,1
0,6,0,71,0,0,0,0,0,1,1
0,4,0,47,0,0,0,0,0,0,0
1,5,0,58,0,0,0,0,1,0,0
0,6,0,97,0,0,0,0,0,0,1
1,6,0,129,0,0,0,1,2,1,0
0,2,0,1,0,0,0,0,0,0,0
0,6,0,35,0,0,0,0,0,0,1
0,6,0,85,0,0,0,0,2,1,0
0,4,0,212,0,0,0,2,0,0,0
1,6,0,38,0,0,0,0,0,1,1
0,4,0,12,0,0,0,0,0,1,0
0,4,1,87,0,0,0,0,0,1,1
1,4,0,213,0,0,0,0,0,1,0
0,6,0,22,0,0,0,0,0,0,1
1,6,0,58,0,0,0,0,0,1,1
0,5,0,169,0,0,48,0,0,1,1
0,6,0,45,0,0,0,0,0,1,1
1,4,0,225,0,0,0,0,0,1,0
1,4,0,287,0,0,0,1,0,0,0
0,6,0,142,0,0,0,0,0,1,1
0,5,1,192,1,0,42,0,0,1,1
1,3,0,27,0,0,0,2,1,0,0
1,3,0,153,0,0,0,1,3,0,0
0,5,0,154,0,0,0,0,1,0,0
0,6,0,63,0,0,0,0,0,0,1
0,5,0,7,0,0,0,0,0,0,0
1,6,0,63,0,0,0,0,1,0,0
0,6,0,98,0,0,0,0,2,0,0
0,6,0,102,0,0,0,0,1,1,0
0,6,0,204,0,0,0,0,3,0,0
1,6,0,2,0,0,0,0,1,0,0
0,6,0,67,0,0,0,0,1,0,0
0,5,0,151,0,0,0,0,1,1,0
0,5,1,91,0,0,0,0,0,1,1
1,3,0,32,0,0,0,0,0,0,0
0,6,0,150,0,0,0,0,0,1,1
1,5,0,67,0,0,0,0,0,0,0
0,6,0,41,0,0,0,1,0,0,0
1,2,0,0,0,5,0,0,1,0,0
0,6,0,91,0,0,0,0,0,0,1
1,4,0,7,0,0,0,4,0,0,0
0,5,0,405,0,0,0,1,0,0,0
1,6,0,83,0,0,0,5,0,0,0
0,6,0,14,0,0,0,0,0,0,1
1,5,1,244,19,0,0,0,0,1,1
0,6,0,111,0,0,0,0,2,0,0
0,3,0,315,0,0,0,1,0,0,0
0,3,0,6,0,0,0,0,0,0,0
0,2,0,1,0,0,0,0,0,0,0
1,3,0,0,0,0,0,0,0,0,0
1,3,0,1,0,0,0,1,1,0,0
0,6,0,184,0,0,0,0,2,0,0
0,6,0,64,0,0,0,0,0,0,1
0,5,1,78,0,0,0,0,0,1,1
0,6,0,37,0,0,0,0,0,1,1
0,6,0,103,0,0,0,0,0,1,1
1,4,0,131,0,0,0,1,0,1,1
1,5,0,3,0,0,0,0,0,0,0
0,4,0,43,0,0,0,1,0,0,0
0,3,0,159,0,0,0,0,0,1,0
1,4,1,86,0,0,0,0,0,1,1
1,4,1,93,0,0,0,0,0,1,1
0,6,0,61,0,0,0,0,2,0,0
0,5,0,35,0,0,0,0,0,0,0
0,6,0,182,0,0,0,0,0,1,1
1,6,0,0,0,0,0,0,1,0,0
0,6,0,54,0,0,0,0,1,0,0
0,6,0,42,0,0,0,0,1,1,0
0,4,1,626,0,0,0,0,0,1,1
0,6,0,49,0,0,0,0,0,1,1
1,4,0,165,0,0,122,0,0,0,0
0,6,0,7,0,0,0,0,0,0,0
0,4,0,429,0,0,330,0,0,0,0
1,6,0,49,0,0,0,0,0,0,1
1,6,0,0,0,1,0,0,0,0,0
0,6,0,35,0,0,0,1,2,0,0
0,6,0,45,0,0,0,0,0,0,1
0,6,0,140,0,0,0,0,0,0,1
1,6,0,192,0,0,0,0,0,0,0
1,5,0,89,0,0,0,0,1,0,0
1,3,0,90,0,0,0,0,0,0,0
0,4,0,16,0,0,0,0,0,1,0
0,5,1,210,0,0,0,0,0,1,1
1,6,0,40,0,0,0,0,0,1,1
0,3,0,60,0,0,0,0,0,0,1
0,6,0,179,0,0,0,0,1,1,0
0,6,0,43,0,0,0,4,1,0,0
0,4,0,116,0,0,0,0,1,0,0
0,6,0,124,0,0,0,0,1,0,0
0,6,0,270,0,0,0,0,1,1,1
0,6,0,42,0,0,0,0,0,1,1
1,6,0,65,0,0,0,0,1,0,0
1,3,0,45,0,0,0,0,0,1,0
0,6,0,21,0,0,0,0,2,1,0
1,6,0,24,0,0,0,0,1,1,0
0,5,1,166,0,0,0,0,0,1,1
0,6,0,66,0,0,0,0,1,0,0
1,6,0,146,0,0,0,0,0,0,1
0,6,0,50,0,0,0,0,2,0,0
0,5,0,46,0,0,0,0,2,0,0
0,6,0,7,0,0,0,0,2,1,0
0,4,1,18,1,0,0,0,0,1,1
1,6,0,190,0,0,0,0,0,0,1
0,3,0,0,0,0,0,0,0,0,0
0,6,0,6,0,0,0,0,1,0,0
0,3,0,145,0,0,0,0,0,0,0
1,6,0,100,0,0,0,0,2,0,1
0,1,0,24,0,0,0,0,0,1,0
0,6,0,159,0,0,0,0,0,1,1
0,2,0,57,1,8,0,0,0,0,0
1,6,0,74,0,0,0,0,3,1,1
1,4,0,22,0,0,0,0,0,0,0
0,5,0,118,0,0,0,0,0,0,0
1,4,1,393,0,0,0,0,0,1,1
1,5,0,127,1,0,0,0,0,1,1
1,5,0,47,0,0,0,0,0,0,0
1,3,0,46,0,0,0,1,0,0,0
0,6,0,82,0,0,0,0,1,0,0
0,4,0,149,0,0,0,0,0,1,1
0,3,0,0,0,0,0,0,0,0,0
1,1,0,3,0,0,0,0,0,1,0
1,6,0,0,0,0,0,0,0,0,0
0,6,0,122,0,0,0,0,0,0,0
0,4,1,398,0,0,0,0,0,1,1
1,6,0,240,1,0,0,0,1,1,1
0,6,0,61,0,0,0,1,0,1,0
0,6,0,206,0,0,0,0,3,1,1
0,5,0,61,0,0,0,1,0,0,0
1,3,0,29,0,0,0,1,0,0,1
0,4,0,134,0,0,0,0,0,1,0
0,6,0,2,0,0,0,0,1,0,0
0,3,0,13,0,0,0,0,1,0,0
0,5,1,44,0,0,3,0,0,1,1
0,6,0,52,0,0,0,0,1,1,0
0,6,0,1,0,0,0,0,1,0,0
0,6,0,4,0,0,0,0,0,0,0
0,6,0,135,0,0,0,0,1,1,0
0,5,0,85,0,0,0,0,1,0,0
0,6,0,249,0,0,0,0,1,1,0
1,6,0,1,0,0,0,0,0,0,0
1,6,0,20,0,0,0,0,0,0,1
0,6,0,49,0,0,0,0,0,1,1
1,6,0,293,0,0,0,0,0,1,1
0,4,0,263,0,0,0,0,1,0,0
0,5,0,6,0,0,0,0,0,0,0
0,5,0,58,0,0,0,0,1,0,0
0,4,1,360,1,0,0,0,0,1,1
0,6,0,246,0,0,0,2,1,1,0
0,6,0,14,0,0,0,0,1,0,0
0,5,1,102,0,0,0,0,0,1,1
0,4,0,266,0,0,74,1,0,0,0
1,6,0,30,0,0,0,0,1,0,0
1,2,0,33,0,9,0,0,0,0,0
1,6,0,50,0,0,0,0,1,0,0
1,5,0,166,0,0,0,0,1,0,0
0,3,0,1,0,0,0,0,0,1,0
1,6,0,37,0,0,0,0,0,1,0
0,6,0,89,0,0,0,0,0,1,1
0,5,0,34,0,0,0,0,0,0,0
1,6,0,287,0,0,0,1,2,0,0
0,4,0,75,0,0,0,0,0,0,1
0,5,0,65,0,0,0,0,1,0,0
1,6,0,247,0,0,0,1,2,0,0
0,6,0,31,0,0,0,0,0,1,1
0,3,0,29,0,0,0,1,0,0,0
0,4,1,266,0,0,32,0,0,1,1
1,5,0,134,0,0,0,0,0,0,1
1,3,0,9,0,0,0,0,0,0,0
0,6,0,63,0,0,0,0,0,1,1
0,6,0,105,0,0,0,0,1,1,0
0,4,0,69,0,0,58,0,0,0,0
1,6,0,7,0,0,0,0,0,1,0
0,6,0,16,0,0,0,0,1,0,0
0,5,0,28,0,12,0,0,2,0,0
0,6,0,114,0,0,0,2,1,0,0
1,2,0,29,0,0,0,3,1,0,0
0,5,0,405,0,0,0,0,0,0,0
0,3,0,0,0,0,0,0,0,0,0
1,3,0,273,0,0,0,0,1,0,0
0,6,0,14,0,0,0,1,0,0,0
1,3,0,12,0,0,0,0,0,0,0
1,4,0,57,0,0,0,0,0,0,0
0,6,0,21,0,0,0,0,0,1,1
1,6,0,75,0,0,0,1,2,0,0
0,6,0,28,0,0,0,0,0,1,1
0,6,0,168,0,0,0,0,0,0,1
0,6,0,24,0,0,0,0,1,0,0
0,5,0,282,0,0,0,0,0,0,0
1,3,0,28,0,0,0,1,0,0,0
1,6,0,6,0,1,0,0,1,0,0
0,6,0,1,0,0,0,0,1,0,0
0,1,0,14,0,0,0,0,0,0,0
0,4,0,414,0,0,0,0,1,0,0
0,6,0,35,0,0,0,0,2,0,0
1,6,0,32,0,0,0,0,1,0,0
1,4,0,31,0,0,0,1,0,0,0
0,5,0,53,0,0,0,0,1,1,0
1,3,0,7,0,1,0,1,0,0,0
0,2,0,16,0,0,0,0,0,0,0
1,6,0,67,0,0,0,0,0,1,1
0,5,0,71,0,0,0,0,0,0,0
0,6,0,133,0,0,0,0,1,0,0
0,4,1,412,0,0,0,0,0,1,1
1,3,0,6,0,0,0,0,2,0,0
1,5,0,159,0,0,0,0,1,1,0
0,5,0,2,0,0,0,0,0,0,0
0,5,0,28,0,0,0,1,0,0,0
1,6,0,250,0,0,0,0,2,0,1
0,2,1,113,0,0,0,0,0,1,1
0,3,0,0,0,0,0,0,0,0,0
0,6,0,192,0,0,0,0,3,0,0
1,4,0,26,0,0,0,0,0,0,0
0,5,1,78,0,0,0,0,0,1,1
1,6,0,48,0,0,0,0,0,1,1
1,3,0,98,0,0,0,0,0,0,1
0,4,0,323,1,0,0,0,0,1,1
1,4,0,45,0,0,0,0,0,1,1
0,6,0,256,0,0,0,2,2,1,1
0,6,0,160,0,0,0,1,0,1,1
0,6,0,87,0,0,0,0,1,0,0
0,6,0,40,0,0,0,0,1,0,0
0,3,0,18,0,2,0,0,1,0,0
0,6,0,191,0,0,0,0,1,0,0
1,5,0,266,0,0,0,0,0,0,0
0,5,1,465,0,0,0,0,0,1,1
0,6,0,349,0,0,0,0,0,1,1
0,0,0,13,0,0,0,0,0,0,0
1,5,0,34,0,0,0,0,0,0,0
0,3,0,0,0,1,0,0,1,0,0
0,5,1,286,0,0,0,0,0,1,1
0,4,1,158,0,0,31,0,0,1,1
0,6,0,161,0,0,0,3,1,0,0
0,6,0,142,0,0,0,0,1,0,0
0,5,0,55,0,0,0,0,1,0,0
0,6,0,54,0,0,0,2,3,0,1
1,2,0,5,0,0,0,0,0,0,0
0,6,0,278,0,0,0,0,0,1,0
1,6,0,59,0,0,0,0,1,1,0
1,6,0,100,0,0,0,0,1,0,0
1,5,0,136,0,0,0,0,0,0,0
0,6,0,59,0,0,0,0,1,0,0
0,5,1,160,0,0,71,0,0,1,1
0,5,0,322,0,0,0,0,0,1,0
0,6,0,50,0,0,0,0,0,1,1
1,5,0,157,0,0,0,1,1,0,0
0,2,0,4,0,0,0,0,0,0,0
0,5,1,204,0,0,96,0,0,1,1
1,6,0,88,0,0,0,0,2,0,0
0,6,0,44,0,0,0,0,0,1,1
1,3,0,1,0,0,0,1,0,0,0
0,6,0,35,0,0,0,0,2,0,0
1,5,0,25,0,0,0,0,1,0,0
0,5,0,175,0,0,0,0,2,0,0
1,6,0,145,0,0,0,0,1,0,0
0,5,1,111,0,0,0,0,0,1,1
0,5,1,113,0,0,0,0,0,1,1
0,6,0,107,0,0,0,0,1,0,0
0,6,0,22,0,0,0,0,2,1,0
0,6,0,1,0,0,0,0,1,1,0
0,5,0,164,0,0,0,0,0,0,0
0,6,0,21,0,0,0,0,1,0,0
1,5,0,70,0,0,0,0,0,1,0
1,5,0,43,0,0,0,0,2,0,0
1,6,0,10,0,0,0,0,1,0,0
0,6,0,21,0,0,0,0,1,0,0
0,6,0,31,0,0,0,0,2,0,0
1,3,0,144,0,0,0,0,2,0,0
0,5,1,250,0,0,0,0,0,1,1
0,3,0,91,0,0,0,0,0,1,0
0,6,0,167,0,0,0,1,1,0,0
1,4,0,168,0,0,0,1,1,0,0
1,5,0,0,0,0,0,0,1,0,0
1,6,0,2,0,0,0,0,0,0,0
0,4,0,448,0,0,0,0,3,0,0
0,6,0,27,0,0,0,0,0,1,1
1,4,0,197,0,0,0,1,0,0,0
0,4,1,161,0,0,0,0,0,1,1
0,4,0,69,0,0,0,0,0,0,0
0,6,0,98,0,0,0,0,3,0,0
1,2,0,26,1,6,0,0,0,0,0
0,2,0,1,0,2,0,0,0,0,0
0,5,1,74,0,0,0,0,0,1,1
0,3,0,1,0,0,0,2,0,0,0
0,6,0,179,0,0,0,0,1,0,0
0,6,0,13,0,0,0,1,1,0,0
1,6,0,32,0,0,0,0,1,1,0
0,6,0,82,0,0,0,0,0,1,1
0,6,0,243,0,0,0,0,1,0,0
1,6,0,10,0,0,0,0,1,0,0
0,5,0,386,0,0,0,0,1,0,0
0,6,0,109,0,0,0,0,0,0,1
0,6,0,130,0,0,0,0,0,1,1
0,6,0,22,0,0,0,0,1,1,0
0,4,0,98,0,0,0,1,0,0,0
0,6,0,2,0,0,0,0,1,0,0
0,6,0,74,0,0,0,0,1,0,0
0,6,0,1,0,0,0,0,1,1,0
0,6,0,180,0,0,0,0,2,0,0
0,5,0,53,0,0,0,0,1,0,0
1,2,0,1,0,0,0,1,0,0,0
0,3,0,91,0,0,0,0,0,0,0
1,6,0,81,0,0,0,0,3,0,1
0,6,0,208,0,0,0,2,2,0,0
0,6,0,142,0,0,0,0,0,1,1
0,6,0,11,0,0,0,0,1,0,0
0,4,0,50,0,0,0,0,1,0,0
0,6,0,158,0,0,0,0,2,1,0
0,4,1,405,0,0,0,0,0,1,1
0,5,0,396,0,0,0,0,1,0,0
0,6,0,27,0,0,0,0,1,1,0
0,6,0,57,0,0,0,0,0,0,1
0,6,0,32,0,0,0,0,1,0,0
0,6,0,148,0,0,0,3,2,0,0
0,2,0,12,0,0,0,1,0,0,0
0,5,0,23,0,0,0,0,0,0,0
0,5,1,333,1,0,19,0,0,1,1
0,5,0,95,0,0,0,0,0,0,0
1,3,0,2,0,0,0,0,0,0,0
1,5,0,0,0,0,0,0,1,0,0
0,0,0,2,0,0,0,0,0,0,0
1,6,0,19,0,0,0,0,0,1,0
0,6,0,8,0,0,0,0,0,0,0
0,6,0,95,0,0,0,0,0,0,1
1,4,0,88,0,1,0,2,0,0,0
1,3,0,8,0,1,0,0,0,0,0
1,3,0,13,0,0,0,1,2,0,0
0,6,0,10,0,0,0,1,1,0,0
0,3,0,168,0,0,0,0,1,0,0
1,6,0,50,0,0,0,0,1,1,0
0,6,0,273,0,0,0,0,0,1,1
0,6,0,69,0,0,0,0,3,0,0
1,6,0,0,0,1,0,0,1,0,0
0,2,0,26,0,0,0,0,0,0,1
1,6,0,1,0,0,0,0,0,0,0
0,4,1,32,0,0,0,0,0,1,1
1,3,0,0,0,0,0,0,0,0,0
1,3,0,20,0,0,0,0,1,1,0
0,2,0,31,0,0,0,0,1,0,0
0,2,1,38,0,0,0,0,0,1,1
0,6,0,173,0,0,0,0,1,1,0
0,6,0,127,0,0,0,0,0,0,1
1,2,0,3,0,0,0,1,0,0,0
1,2,0,17,0,0,0,0,0,0,0
0,6,0,0,0,0,0,0,1,0,0
0,6,0,72,0,0,0,0,1,0,0
0,6,0,270,0,0,0,0,1,1,1
0,6,0,97,0,0,0,0,0,0,1
1,3,0,77,0,0,0,0,0,1,0
0,6,0,103,0,0,0,0,1,0,0
1,6,0,206,0,0,0,0,1,1,1
0,6,0,91,0,0,0,0,0,1,1
0,6,0,18,0,0,0,0,0,0,1
1,2,0,17,0,0,0,0,0,0,0
0,2,0,18,0,0,0,0,0,0,0
0,5,0,56,0,0,0,0,1,0,0
1,5,0,165,0,0,0,0,0,0,0
0,6,0,224,0,0,0,0,0,1,1
1,6,0,0,0,1,0,1,0,0,0
0,6,0,4,0,0,0,0,2,0,0
1,3,0,2,0,0,0,0,0,0,0
1,6,0,28,0,0,0,0,0,0,0
1,5,0,42,0,0,0,0,0,0,0
1,3,0,37,0,0,0,0,1,0,0
1,6,0,98,0,0,0,0,0,1,1
0,6,0,37,0,0,0,0,1,1,0
0,6,0,82,0,0,0,0,1,0,0
0,5,0,169,0,0,25,0,0,0,1
0,6,0,55,0,0,0,0,0,1,1
0,5,0,335,0,0,0,0,0,0,0
0,6,0,22,0,0,0,0,0,0,1
0,6,0,189,0,0,0,0,0,1,1
0,6,0,94,0,0,0,0,1,0,0
0,4,0,1,0,0,0,0,0,0,0
0,4,0,61,0,0,0,0,0,1,1
1,3,0,2,0,0,0,4,0,0,0
0,6,0,139,0,0,0,0,0,1,1
0,6,0,19,0,0,0,1,2,0,0
0,2,0,22,0,0,0,0,0,0,0
0,5,0,85,0,0,80,0,0,0,0
0,2,0,8,0,1,0,1,2,0,0
1,4,0,51,0,0,0,0,0,0,0
0,4,1,68,1,0,0,0,0,1,1
0,6,0,3,0,0,0,0,0,0,0
0,6,0,95,0,0,0,0,1,0,0
0,6,0,73,0,0,0,0,2,0,0
1,4,0,258,0,0,0,3,0,0,0
0,5,0,256,0,0,0,0,1,0,0
0,6,0,117,0,0,0,1,1,0,0
0,5,0,418,0,0,223,0,0,1,0
0,2,1,113,0,0,0,0,0,1,1
0,6,0,191,0,0,0,1,0,0,0
1,3,0,65,0,0,0,0,0,1,1
1,4,0,279,1,0,0,0,0,1,1
0,6,0,21,0,0,0,0,1,0,0
1,6,0,288,1,0,0,1,0,1,1
0,6,0,29,0,0,0,0,1,0,0
1,3,0,7,0,0,0,0,0,0,0
1,6,0,112,0,0,0,0,0,1,1
1,4,0,12,0,0,0,1,0,1,0
1,5,0,87,0,0,0,0,1,0,0
0,4,1,489,0,0,0,0,0,1,1
0,5,0,405,0,0,0,0,0,0,0
0,5,1,178,1,0,46,0,0,1,1
0,6,0,9,0,0,0,0,0,1,1
0,6,0,13,0,0,0,0,1,1,0
1,3,0,0,0,1,0,0,1,0,0
1,6,0,10,0,0,0,0,2,0,0
0,3,0,156,0,0,0,0,0,1,0
0,4,0,451,0,0,0,0,0,1,1
1,4,0,72,0,0,0,0,0,1,1
1,6,0,92,0,0,0,0,0,1,1
1,6,0,56,0,0,0,0,1,0,0
0,6,0,1,0,0,0,1,2,0,0
0,3,0,1,0,0,0,0,1,0,0
1,6,0,28,0,0,0,1,2,0,0
0,5,0,320,0,0,0,0,1,0,0
0,4,1,283,1,0,0,0,0,1,1
0,5,0,30,0,0,0,0,0,0,0
0,6,0,185,0,0,0,0,2,0,0
1,6,0,115,0,0,0,0,0,1,1
0,6,0,48,0,0,0,0,2,0,0
0,4,1,66,0,0,0,0,0,1,1
0,6,0,231,0,0,0,0,1,0,0
0,6,0,110,0,0,0,0,0,1,1
0,5,0,296,0,0,0,0,1,0,0
1,6,0,130,0,0,0,0,1,0,0
0,5,0,95,0,0,0,0,1,0,1
0,6,0,32,0,0,0,0,0,1,1
0,5,0,221,0,0,147,0,0,1,0
1,5,0,133,0,0,0,0,1,0,0
1,6,0,12,0,0,0,0,1,0,0
0,6,0,84,0,0,0,0,0,1,1
1,6,0,1,0,0,0,0,2,0,0
0,6,0,88,0,0,0,0,0,1,1
0,4,1,358,1,0,0,0,0,1,1
0,6,0,23,0,0,0,0,0,0,1
0,4,1,18,1,0,0,0,0,1,1
0,4,0,290,1,0,0,0,0,1,1
0,4,0,44,0,0,0,0,0,0,0
1,3,0,0,0,0,0,0,0,0,0
1,4,0,40,0,0,0,4,0,0,0
0,6,0,34,0,0,0,0,1,1,0
1,3,0,22,0,0,0,1,1,0,0
0,4,1,104,0,0,0,0,0,1,1
0,6,0,21,0,0,0,0,0,1,1
1,4,1,215,0,0,0,0,0,1,1
0,6,0,68,0,0,0,0,1,1,0
0,5,0,116,0,0,0,0,0,0,1
0,5,1,373,0,0,0,0,0,1,1
1,6,0,119,0,0,0,1,0,0,0
1,4,1,168,0,0,0,0,0,1,1
0,6,0,28,0,0,0,0,2,0,0
0,5,1,239,0,0,80,0,0,1,1
0,3,0,66,0,0,0,0,0,0,0
0,3,0,16,0,0,0,2,0,0,0
0,5,1,275,0,0,0,0,0,1,1
0,6,0,273,0,0,0,1,2,1,0
0,6,0,130,0,0,0,0,1,0,0
0,2,0,51,0,3,0,0,0,0,0
0,6,0,27,0,0,0,0,1,0,0
1,3,0,45,0,0,0,0,1,0,0
1,6,0,5,0,0,0,0,1,0,0
0,5,0,24,0,0,0,0,1,0,0
1,4,1,92,1,0,0,0,0,1,1
0,4,1,457,0,0,391,0,0,1,1
0,5,0,33,0,0,0,0,0,0,0
0,6,0,12,0,0,0,0,0,0,1
0,4,0,111,0,0,0,0,1,0,0
1,3,0,72,0,0,0,0,1,0,0
0,3,0,46,0,0,0,0,0,1,0
1,4,0,253,0,0,0,2,0,0,0
0,6,0,195,0,0,0,0,0,1,1
0,6,0,91,0,0,0,0,0,0,1
1,6,0,180,0,0,0,0,1,1,0
0,6,0,127,0,0,0,0,0,1,1
0,4,1,265,0,0,0,0,0,1,1
1,5,0,30,0,0,0,0,2,0,0
1,5,0,118,0,0,0,0,1,0,0
1,6,0,169,0,0,0,2,2,0,0
1,6,1,0,0,0,0,0,0,1,1
0,6,0,58,0,0,0,0,0,1,1
0,6,0,96,0,0,0,0,0,0,1
1,6,0,0,0,0,0,0,3,0,0
0,5,0,159,0,0,0,0,1,0,0
0,6,0,125,0,0,0,0,2,0,0
0,5,0,41,0,0,0,0,0,0,0
0,4,1,186,0,0,0,0,0,1,1
1,3,0,0,0,0,0,0,1,0,0
0,4,0,295,1,0,0,0,0,1,1
1,6,0,43,0,0,0,2,0,1,1
0,3,0,9,0,0,0,0,0,0,0
1,2,0,1,0,0,0,0,0,0,0
1,5,0,291,0,0,0,0,0,0,0
1,2,0,1,1,3,0,1,2,0,0
1,6,0,32,0,0,0,0,1,0,0
1,4,0,287,0,0,0,1,0,0,0
1,3,0,135,0,0,0,0,0,0,0
0,6,0,37,0,0,0,0,1,0,0
1,6,0,148,0,0,0,1,0,1,1
1,5,0,207,0,0,0,1,0,0,0
0,4,1,408,0,0,0,0,0,1,1
0,6,0,69,0,0,0,0,1,1,0
0,6,0,256,0,0,0,0,0,0,0
0,6,0,245,0,0,0,0,2,1,1
0,6,0,30,0,0,0,0,0,1,1
0,6,0,55,0,0,0,0,1,0,0
0,3,0,28,0,0,0,0,2,0,1
0,3,0,1,0,0,0,0,3,0,0
0,6,0,238,0,0,0,0,1,1,1
0,4,1,451,0,0,0,0,0,1,1
0,6,0,9,0,0,0,1,1,0,0
1,6,0,46,0,0,0,0,0,1,1
1,6,0,16,0,0,0,0,0,0,1
0,6,0,46,0,0,0,0,0,0,1
0,6,0,142,0,0,0,0,0,1,1
0,5,1,102,0,0,0,0,0,1,1
0,4,0,321,1,0,0,0,0,1,1
0,5,0,56,0,0,0,0,0,0,0
0,6,0,36,0,0,0,0,2,0,0
1,6,0,141,0,0,0,0,1,1,1
0,3,0,23,1,0,0,0,0,1,1
1,5,0,261,0,0,0,0,1,0,0
0,4,0,59,0,0,0,0,0,0,0
0,5,0,56,0,0,0,0,0,1,0
1,2,0,11,0,0,0,0,1,0,0
1,6,0,103,0,0,0,0,0,1,1
0,4,0,16,0,0,0,1,1,0,0
0,6,0,228,0,0,0,0,1,0,0
0,4,1,37,0,0,0,0,0,1,1
1,5,0,194,0,0,0,0,1,0,0
1,6,0,41,0,0,0,0,0,0,1
1,5,0,100,0,0,0,0,0,0,0
0,6,0,85,0,0,0,0,1,1,0
0,5,1,336,1,0,0,0,0,1,1
0,3,0,114,0,0,0,0,0,0,0
1,6,0,1,0,0,0,1,3,0,0
0,3,0,97,0,0,0,0,2,1,0
0,6,0,103,0,0,0,0,0,0,1
1,3,0,0,0,0,0,3,0,0,0
1,4,0,386,0,0,0,1,0,0,0
0,4,1,17,1,0,0,0,0,1,1
0,6,0,29,0,0,0,0,1,1,0
0,4,1,393,0,0,0,0,0,1,1
0,3,0,67,0,0,0,0,2,0,0
0,6,0,35,0,0,0,0,1,0,0
0,5,0,210,0,0,0,0,0,1,0
0,6,0,153,0,0,0,0,1,1,0
0,6,0,28,0,0,0,0,1,0,0
0,4,0,17,0,0,0,1,0,0,0
0,6,0,278,0,0,0,0,2,0,0
1,6,0,16,0,0,0,0,1,0,0
1,2,0,0,0,1,0,0,1,0,0
1,5,0,306,0,0,0,0,0,0,0
0,3,0,0,0,0,0,1,0,0,0
0,1,0,1,0,0,0,0,1,0,0
0,6,0,200,0,0,0,0,2,0,1
0,2,0,99,1,0,0,0,0,1,1
0,5,0,41,0,0,0,0,0,0,0
1,6,0,24,0,0,0,0,1,0,0
0,6,0,202,0,0,0,0,0,1,1
0,5,1,193,0,0,39,0,0,1,1
0,6,0,4,0,0,0,0,1,0,0
0,5,0,152,0,0,0,0,0,0,0
1,4,0,203,0,0,0,4,0,0,0
0,5,0,82,0,0,0,2,0,0,0
1,6,0,192,0,0,0,0,2,0,0
0,6,0,8,0,0,0,0,1,1,0
1,6,0,0,0,0,0,0,0,0,0
0,6,0,44,0,0,0,0,0,0,1
1,5,0,19,0,0,0,0,2,0,0
0,4,0,177,0,0,0,1,1,0,0
0,6,0,11,0,0,0,0,1,0,0
1,5,0,78,0,0,0,0,2,0,1
0,5,0,265,0,0,0,0,1,0,0
0,5,0,131,0,0,0,0,0,1,1
0,2,0,3,0,0,0,1,0,0,0
0,5,0,298,0,0,207,0,0,0,0
0,4,0,35,0,0,0,0,0,1,1
1,6,0,39,0,0,0,0,0,1,0
0,6,0,90,0,0,0,0,1,0,0
1,3,0,1,0,0,0,0,1,0,0
0,6,0,98,0,0,0,0,2,1,0
1,5,0,21,0,0,0,0,0,0,0
0,6,0,12,0,0,0,0,0,1,1
0,4,1,274,0,0,0,0,0,1,1
0,6,0,2,0,0,0,0,0,1,0
0,4,0,75,0,0,0,0,1,0,0
0,4,0,330,1,0,0,0,0,1,1
1,4,1,245,1,0,0,0,0,1,1
0,6,0,107,0,0,0,0,0,1,0
1,6,0,35,0,0,0,0,1,1,0
0,6,0,2,0,0,0,1,1,0,0
0,4,0,215,0,0,0,3,1,0,0
1,2,0,11,0,0,0,0,0,1,0
0,5,0,87,0,0,0,0,0,0,0
0,6,0,72,0,0,0,0,0,1,1
0,6,0,124,1,0,0,0,0,1,1
0,6,0,49,0,0,0,0,1,0,0
0,3,0,33,0,0,0,0,0,0,0
1,6,0,3,0,0,0,0,2,0,0
1,6,0,56,0,0,0,0,1,0,0
1,3,0,0,0,0,0,0,0,0,0
1,3,0,0,0,0,0,0,0,0,0
0,6,0,37,0,0,0,0,1,1,0
0,6,0,15,0,0,0,0,0,1,1
0,4,1,299,1,0,0,0,0,1,1
1,6,0,6,0,0,0,0,1,0,0
1,3,0,1,0,0,0,0,0,0,0
0,5,0,24,0,0,0,0,1,0,0
0,6,0,15,0,0,0,0,0,0,1
1,2,0,33,0,0,0,4,0,0,0
0,5,0,335,0,0,0,1,0,0,0
0,6,0,2,0,0,0,1,2,0,0
1,6,0,228,0,0,0,0,2,1,0
1,6,0,90,0,0,0,0,2,0,0
1,6,0,251,0,0,0,1,1,0,1
0,6,0,167,0,0,0,0,0,1,1
0,5,0,292,0,0,0,0,0,0,0
0,6,0,13,0,0,0,0,2,0,0
0,6,0,11,0,0,0,0,0,0,0
0,6,0,12,0,0,0,0,0,0,1
0,6,0,71,0,0,0,0,0,0,1
0,6,0,18,0,0,0,0,0,0,1
1,6,0,24,0,0,0,0,2,0,0
0,6,0,19,0,0,0,0,0,0,1
0,4,1,233,0,0,0,0,0,1,1
1,2,0,0,0,0,0,0,0,0,0
0,6,0,23,0,0,0,0,0,1,1
0,4,1,153,1,0,0,0,0,1,1
0,6,0,130,0,0,0,0,2,0,1
0,6,0,22,0,0,0,0,2,0,0
1,3,0,34,0,0,0,0,0,0,0
0,6,0,82,0,0,0,0,1,1,0
1,2,0,1,0,1,0,0,0,0,0
1,3,0,0,0,0,0,0,0,0,0
1,6,0,2,0,0,0,1,1,0,0
0,5,0,107,0,0,0,0,1,1,0
0,6,0,38,0,0,0,0,0,1,1
0,6,0,151,0,0,0,0,2,0,0
0,6,0,83,0,0,0,0,2,1,0
0,4,1,405,0,0,0,0,0,1,1
0,5,0,396,0,0,0,1,1,0,0
1,6,0,20,0,0,0,2,1,0,1
0,3,0,0,0,0,0,0,0,1,0
0,2,0,86,0,0,0,0,0,1,0
1,3,0,120,0,0,0,4,2,0,0
1,6,0,45,0,0,0,1,1,0,0
0,6,0,116,0,0,0,0,2,0,0
1,6,0,14,0,0,0,0,1,0,0
0,6,0,90,0,0,0,0,0,0,0
1,6,0,92,0,0,0,0,1,0,0
1,6,0,9,0,0,0,0,1,0,0
1,6,0,327,0,0,0,0,2,0,0
0,4,0,95,0,0,0,0,0,1,1
1,3,0,38,0,0,0,0,0,1,0
1,6,0,32,0,0,0,1,2,0,0
0,6,0,91,0,0,0,0,1,0,0
0,6,0,7,0,0,0,0,1,0,0
0,5,1,92,0,0,0,0,0,1,1
0,3,0,0,0,0,0,1,0,0,0
0,4,0,68,0,0,0,0,0,0,0
0,6,0,64,0,0,0,0,1,1,0
1,6,0,41,0,0,0,0,1,1,0
0,6,0,97,0,0,0,0,2,0,0
0,6,0,1,0,0,0,0,0,0,0
0,6,0,174,0,0,0,0,1,0,0
0,5,1,315,0,0,69,0,0,1,1
0,4,1,92,0,0,0,0,0,1,1
1,6,0,33,0,0,0,0,1,0,0
0,6,0,4,0,0,0,0,0,0,0
1,3,0,134,0,0,0,1,2,0,0
0,4,1,226,0,0,0,0,0,1,1
0,5,0,479,0,0,0,0,1,0,0
0,4,0,14,0,0,0,2,0,0,0
0,5,1,280,0,0,35,0,0,1,1
0,6,0,46,0,0,0,0,1,0,0
0,5,0,13,0,0,0,0,0,0,0
0,6,0,1,0,0,0,0,2,0,0
0,6,0,68,0,0,0,0,0,1,1
0,4,0,208,0,0,0,0,0,0,0
0,6,0,49,0,0,0,0,1,1,0
1,5,0,333,0,0,0,0,0,0,0
0,5,0,5,0,0,0,0,0,0,0
1,1,0,4,0,0,0,0,0,0,0
0,6,0,75,0,0,0,0,0,1,1
0,4,0,147,1,0,0,1,0,1,1
0,6,0,1,0,0,0,0,1,0,0
1,4,1,7,0,0,0,0,0,1,1
0,2,0,1,0,11,0,0,1,0,0
0,6,0,178,0,0,0,0,0,0,1
0,6,0,7,0,0,0,0,1,0,0
0,6,0,8,0,0,0,0,0,0,0
0,6,0,32,0,0,0,0,2,0,0
1,6,0,23,0,0,0,0,1,0,0
1,6,0,35,0,0,0,0,0,1,1
0,6,0,29,0,0,0,0,1,0,0
1,6,0,98,0,0,0,0,0,1,1
0,3,0,6,0,0,0,0,4,0,0
0,6,0,52,0,0,0,0,1,1,0
1,6,0,28,0,0,0,0,0,0,0
0,6,0,237,0,0,0,0,0,1,1
0,2,0,12,0,0,0,0,0,0,0
0,6,0,32,0,0,0,0,1,0,0
0,6,0,11,0,0,0,0,1,0,0
0,6,0,64,0,0,0,0,1,0,0
1,5,0,84,0,0,0,0,0,1,0
0,6,0,21,0,0,0,0,1,0,0
1,3,0,134,0,0,0,0,0,0,0
0,6,0,117,0,0,0,0,1,0,0
0,4,0,265,0,0,176,0,0,0,0
1,4,0,95,0,0,0,0,0,1,1
1,6,0,237,0,0,0,0,1,0,1
0,6,0,17,0,0,0,0,2,0,0
0,5,1,178,1,0,46,0,0,1,1
0,6,0,144,0,0,0,0,1,0,0
0,3,0,29,0,0,0,0,0,0,0
0,4,0,138,0,0,0,0,1,0,0
0,6,0,71,0,0,0,0,0,1,1
1,6,0,3,0,0,0,0,0,0,0
0,6,0,1,0,0,0,0,0,1,0
0,4,0,95,0,0,0,0,0,1,1
0,4,0,72,0,0,58,0,0,0,0
0,6,0,122,0,0,0,0,1,0,0
0,4,0,258,1,0,0,0,0,1,1
0,6,0,18,0,0,0,0,0,0,1
0,6,0,7,0,0,0,0,1,0,0
0,5,0,4,0,0,0,0,0,0,0
0,5,1,71,0,0,0,0,0,1,1
1,5,0,232,0,0,0,2,0,0,0
0,5,0,209,0,0,0,0,0,0,1
0,6,0,35,0,0,0,0,0,0,1
0,5,1,114,0,0,0,0,0,1,1
1,3,0,21,0,0,0,0,2,0,0
0,4,1,365,0,0,0,0,0,1,1
0,6,0,35,0,0,0,0,1,0,0
1,4,1,378,0,0,0,0,0,1,1
1,5,0,390,0,0,0,0,0,1,0
0,5,0,269,0,0,0,0,1,0,0
0,6,0,52,0,0,0,0,3,1,0
1,3,0,129,0,0,0,1,0,0,0
1,5,0,101,0,0,0,0,0,0,0
1,3,0,709,0,0,0,2,0,0,0
0,6,0,17,0,0,0,0,1,0,0
1,6,0,63,0,0,0,0,1,0,0
0,6,0,205,0,0,0,0,0,1,1
1,6,0,72,0,0,0,0,0,1,1
0,2,1,69,0,0,0,0,0,1,1
1,5,0,149,0,0,0,0,0,0,0
0,6,0,181,0,0,0,0,0,0,1
0,4,1,457,0,0,391,0,0,1,1
0,3,0,100,0,0,0,0,0,0,0
1,6,0,72,0,0,0,5,2,0,0
1,6,0,206,0,0,0,0,2,0,1
0,6,0,2,0,0,0,0,1,0,0
0,5,1,301,0,0,0,0,0,1,1
1,5,0,115,0,0,0,0,0,0,0
0,6,0,119,0,0,0,1,0,0,0
0,6,0,22,0,0,0,0,0,0,1
0,6,0,135,0,0,0,0,0,1,1
0,6,0,237,0,0,0,0,0,0,1
0,5,0,70,0,0,0,0,0,0,0
1,6,0,105,0,0,0,0,1,1,0
0,6,0,162,0,0,0,1,0,0,1
1,6,0,47,0,0,0,2,0,1,0
0,6,0,33,0,0,0,0,1,0,0
0,6,0,149,0,0,0,0,0,0,1
0,6,0,44,0,0,0,0,1,0,0
0,6,0,17,0,0,0,0,2,0,0
0,3,0,31,0,0,0,0,2,0,0
0,3,0,55,0,0,0,0,0,0,0
0,5,0,10,0,0,0,0,0,0,0
0,3,0,1,0,0,0,0,0,0,0
0,4,0,69,0,0,58,0,0,0,0
0,6,0,273,0,0,0,0,1,0,0
0,6,0,132,0,0,0,0,0,1,0
1,6,0,22,0,0,0,0,1,1,0
0,4,0,351,1,0,0,0,0,1,1
1,6,0,221,0,0,0,0,1,0,0
0,6,0,40,0,0,0,0,1,1,0
0,6,0,293,0,0,0,0,0,1,1
0,5,0,68,0,0,0,1,0,0,0
1,3,0,81,0,0,0,0,2,0,0
1,3,0,0,0,0,0,0,0,0,0
1,3,0,123,0,0,0,0,2,0,0
0,6,0,61,0,0,0,0,0,1,1
0,4,1,162,0,0,0,0,0,1,1
1,4,0,364,0,0,0,1,0,0,0
0,6,0,13,0,0,0,0,2,0,0
1,6,0,4,0,0,0,0,0,0,0
1,4,1,148,0,0,0,0,0,1,1
1,5,1,219,0,0,0,0,0,1,1
1,4,0,29,0,0,0,0,0,0,0
0,6,0,2,0,0,0,0,1,1,0
0,5,0,1,2,9,0,0,3,0,0
0,6,0,18,0,0,0,0,0,1,1
0,5,0,240,0,0,0,0,1,0,0
0,3,0,277,0,0,0,1,0,0,0
1,6,0,24,0,0,0,1,2,0,0
1,3,0,31,0,0,0,3,0,0,0
0,6,0,103,0,0,0,0,0,1,1
0,5,1,245,0,0,0,0,0,1,1
0,5,0,102,0,0,0,0,0,0,0
1,6,0,21,0,0,0,0,1,1,0
1,5,0,8,0,0,0,0,1,0,0
0,5,1,114,0,0,0,0,0,1,1
0,2,0,2,0,0,0,0,0,1,0
0,2,0,14,0,0,0,1,0,0,0
1,5,0,12,0,0,0,0,0,0,0
0,6,0,49,0,0,0,0,1,0,0
1,3,0,3,0,0,0,0,1,0,0
0,4,0,34,0,0,0,0,0,0,0
0,6,0,64,0,0,0,0,1,0,0
0,6,0,76,0,0,0,0,1,0,0
0,6,0,14,0,0,0,0,1,0,0
0,6,0,102,0,0,0,0,2,0,0
1,6,0,73,0,0,0,0,2,1,1
0,2,0,3,0,0,0,2,0,0,0
1,5,0,30,0,0,0,0,0,0,1
1,4,1,17,0,0,0,0,0,1,0
0,4,1,67,0,0,0,0,0,1,1
1,6,0,114,0,0,0,0,3,0,0
0,5,1,180,1,0,38,0,0,1,1
0,4,1,28,0,0,0,0,0,1,1
1,6,0,14,0,0,0,1,1,0,0
0,4,1,72,1,0,0,0,0,1,1
0,6,0,59,0,0,0,0,2,0,0
0,6,0,4,0,0,0,1,2,0,0
0,6,0,164,0,0,0,0,1,1,0
0,5,0,72,0,0,0,1,0,0,0
0,6,0,357,0,0,0,0,0,1,1
1,6,0,6,0,0,0,0,3,0,0
0,6,0,30,0,0,0,2,2,0,0
0,3,0,53,0,0,0,0,1,0,0
1,4,1,166,24,0,0,0,0,1,1
0,5,0,27,0,0,0,0,0,0,0
1,3,0,1,0,1,0,1,2,0,0
1,5,0,8,0,0,0,0,0,0,0
0,6,0,21,0,0,0,1,2,0,0
1,4,0,241,0,0,0,0,0,0,0
1,3,0,79,0,0,0,2,0,0,0
0,5,0,301,0,0,0,0,1,0,0
1,6,0,130,0,0,0,0,0,1,1
0,5,0,124,0,0,0,0,0,1,0
0,4,1,97,1,0,9,0,0,1,1
0,4,0,31,0,0,0,1,0,0,0
0,6,0,1,0,0,0,0,0,0,0
1,6,0,1,0,0,0,2,0,0,0
1,6,0,85,0,0,0,0,1,0,0
0,6,0,92,0,0,0,3,2,0,0
0,6,0,168,0,0,0,0,1,0,0
1,3,0,26,0,0,0,0,1,0,0
0,5,0,80,0,0,50,0,0,0,0
0,3,0,22,1,0,0,0,0,1,1
1,4,0,7,0,0,0,0,0,0,0
0,4,1,87,0,0,0,0,0,1,1
1,4,0,171,0,0,0,0,0,0,0
1,6,0,125,0,0,0,0,0,0,1
0,6,0,158,0,0,0,0,0,0,1
1,4,0,124,0,0,0,0,0,1,1
0,4,0,95,0,0,0,0,0,0,1
0,3,0,2,0,0,0,0,2,0,0
0,6,0,199,0,0,0,1,0,1,1
0,5,0,82,0,0,0,1,1,0,0
1,4,1,138,0,0,0,0,0,1,1
0,5,0,322,0,0,0,1,0,0,0
0,6,0,193,0,0,0,1,1,1,0
0,5,0,221,0,0,147,0,0,0,0
0,6,0,45,0,0,0,0,0,0,1
0,6,0,45,0,0,0,0,0,0,1
1,4,1,411,0,0,0,0,0,1,1
0,6,0,77,0,0,0,0,2,0,0
0,6,0,48,0,0,0,0,1,0,0
1,6,0,173,0,0,0,0,2,0,0
0,3,0,0,0,0,0,0,1,0,0
0,6,0,138,0,0,0,0,1,0,0
0,6,0,189,0,0,0,2,1,0,0
0,4,0,20,0,0,0,0,0,0,0
1,5,0,36,0,0,0,0,0,0,0
1,6,0,0,0,0,0,0,0,0,0
0,6,0,86,0,0,0,0,1,0,0
0,5,0,41,0,0,0,2,0,0,0
0,5,0,73,0,0,0,0,1,0,0
0,5,0,418,0,0,223,0,0,0,0
0,4,0,29,0,0,0,0,0,0,0
0,5,0,6,0,0,0,0,0,0,0
0,4,1,420,0,0,0,0,0,1,1
1,4,1,245,1,0,0,0,0,1,1
0,6,0,274,0,0,0,0,2,1,0
0,6,0,18,0,0,0,0,1,0,0
0,6,0,32,0,0,0,0,0,0,1
1,3,0,82,0,0,0,0,1,0,0
1,6,0,45,0,0,0,1,0,0,0
1,3,0,26,0,0,0,0,0,0,0
1,6,0,64,0,0,0,0,1,0,0
0,6,0,107,0,0,0,0,0,1,0
1,5,0,43,0,0,0,0,0,0,0
0,6,0,10,0,0,0,0,0,1,1
1,6,0,57,0,0,0,0,1,1,0
1,6,0,50,0,0,0,0,1,0,0
0,4,1,379,1,0,0,0,0,1,1
0,6,0,77,0,0,0,0,1,0,0
1,3,0,0,0,0,0,0,0,0,0
1,5,0,210,0,0,0,0,1,1,1
0,5,0,85,0,0,0,0,1,0,0
0,6,0,1,0,0,0,0,1,0,0
0,4,1,88,0,0,0,0,0,1,1
1,4,0,67,0,0,0,0,0,0,0
1,5,0,19,0,0,0,0,0,0,0
0,6,0,13,0,0,0,0,2,0,0
1,6,0,199,0,0,0,0,1,0,1
0,6,0,222,0,0,0,0,2,1,0
1,5,0,213,0,0,0,1,1,0,0
1,4,0,322,0,0,75,0,0,0,0
1,5,0,110,0,0,0,0,1,0,0
1,4,0,31,0,0,0,0,1,0,0
1,6,0,30,0,0,0,0,1,0,0
0,5,0,37,0,0,0,0,0,1,1
0,5,0,180,0,0,0,1,0,0,0
0,4,1,524,0,0,0,0,0,1,1
0,3,0,116,0,0,0,0,0,1,1
0,3,0,0,0,0,0,0,0,0,0
1,6,0,79,0,0,0,0,0,1,1
1,6,0,148,0,0,0,0,0,1,1
0,5,0,265,0,0,0,1,0,0,0
0,5,1,263,0,0,0,0,0,1,1
0,5,1,19,1,0,0,0,0,1,1
1,6,0,28,0,0,0,0,0,1,0
0,6,0,13,0,0,0,1,1,0,0
1,5,0,119,0,0,0,0,0,0,0
1,4,0,36,0,0,0,0,0,0,0
1,5,0,166,0,0,0,0,0,0,0
0,5,0,56,0,0,0,0,0,0,0
1,3,0,14,0,0,0,0,0,0,0
1,6,0,9,0,0,0,0,2,0,0
0,3,0,0,0,0,0,1,0,0,0
1,3,0,44,0,0,0,0,0,0,0
0,6,0,27,0,0,0,0,0,1,1
1,6,0,14,0,0,0,1,0,0,0
0,5,1,34,1,0,0,0,0,1,1
0,6,0,2,0,0,0,0,0,0,0
0,3,0,148,0,0,0,1,0,0,1
0,4,1,426,0,0,0,0,0,1,1
0,3,0,126,0,0,0,0,1,0,0
0,6,0,13,0,0,0,0,1,0,0
0,6,0,167,0,0,0,0,0,0,1
0,5,0,5,0,0,0,0,0,0,0
0,6,0,69,0,0,0,2,0,0,0
0,4,0,316,0,0,0,0,0,0,0
1,5,0,5,0,0,0,0,0,0,0
0,4,0,212,0,0,0,0,0,1,1
1,5,0,3,0,0,0,0,0,1,0
0,6,0,20,0,0,0,0,1,0,0
0,6,0,252,0,0,0,0,2,0,0
0,5,0,74,0,0,0,0,0,0,0
1,6,0,38,0,0,0,1,0,1,0
1,3,0,24,0,0,0,0,0,0,0
0,5,0,230,0,0,0,0,0,0,1
1,4,0,96,0,0,0,1,1,0,0
0,3,0,134,0,0,0,0,2,0,0
0,6,0,133,0,0,0,0,3,0,0
0,5,1,113,1,0,44,0,0,1,1
0,5,0,418,0,0,223,0,0,1,0
1,6,0,228,0,0,0,0,1,0,0
0,6,0,86,0,0,0,0,1,0,0
1,6,0,191,0,0,0,1,1,1,0
1,5,0,169,0,0,0,0,0,0,0
0,3,0,28,0,0,0,1,0,0,0
1,5,0,117,0,0,0,0,0,0,0
1,4,0,17,0,0,0,0,0,0,0
0,6,0,17,0,0,0,0,0,0,0
0,6,0,37,0,0,0,0,0,1,1
0,6,0,175,0,0,0,0,0,1,1
1,6,0,69,0,0,0,0,0,0,1
0,4,1,88,0,0,0,0,0,1,1
0,4,0,448,0,0,0,0,0,1,1
0,5,0,9,0,0,0,0,0,0,0
1,3,0,38,0,0,0,1,1,0,0
0,1,0,4,0,0,0,0,1,1,0
0,3,0,0,0,0,0,1,0,0,0
0,6,0,90,0,0,0,0,2,0,0
1,6,0,29,0,0,0,0,2,0,0
1,6,0,4,0,0,0,0,2,0,0
1,6,0,315,0,0,0,0,3,0,0
1,6,0,169,0,0,0,2,4,0,0
0,4,1,349,1,0,0,0,0,1,1
1,6,0,1,0,0,0,0,1,0,0
0,5,0,28,0,0,0,0,0,0,0
0,6,0,73,0,0,0,1,0,1,1
0,6,0,134,0,0,0,0,1,0,0
1,6,0,18,0,0,0,0,2,0,0
1,6,0,193,0,0,0,0,2,0,0
0,5,0,0,0,0,0,0,0,0,0
0,6,0,70,0,0,0,0,1,0,0
1,5,0,261,0,0,0,0,1,0,0
0,6,0,10,0,0,0,0,2,0,0
0,4,0,316,0,0,0,1,0,0,0
1,2,0,1,0,0,0,0,0,0,0
1,5,0,129,0,0,0,0,0,0,0
0,6,0,175,0,0,0,0,0,1,1
0,5,1,178,1,0,46,0,0,1,1
0,5,0,5,0,0,0,1,0,0,0
0,6,0,75,0,0,0,0,0,1,1
0,6,0,47,0,0,0,1,0,0,1
1,2,0,6,0,2,0,2,0,0,0
1,6,0,251,0,0,0,0,2,0,1
0,4,1,276,1,0,0,0,0,1,1
0,3,0,5,0,0,0,4,0,0,0
1,5,0,234,0,0,0,0,2,0,0
1,4,0,244,1,0,0,0,0,1,1
1,6,0,89,0,0,0,0,2,1,0
1,5,0,199,0,0,0,0,0,0,0
0,5,0,6,0,0,0,0,0,0,0
0,6,0,71,0,0,0,1,1,0,0
0,6,0,47,0,0,0,0,0,0,1
0,6,0,11,0,0,0,0,0,0,0
1,6,0,14,0,0,0,1,1,0,0
1,6,0,107,0,0,0,1,0,0,1
0,6,0,144,0,0,0,1,0,0,0
0,4,0,20,0,0,0,0,0,0,0
0,5,1,285,0,0,24,0,0,1,1
0,2,0,0,0,0,0,0,0,0,0
1,4,1,323,0,0,0,0,0,1,1
1,3,0,0,0,0,0,0,0,0,0
0,4,1,143,0,0,0,0,0,1,1
0,6,0,40,0,0,0,0,1,1,0
0,6,0,37,0,0,0,0,0,1,1
1,6,0,78,0,0,0,0,1,1,0
1,5,0,83,0,0,0,0,1,0,0
0,6,0,105,0,0,0,0,1,1,0
1,6,0,117,0,0,0,0,2,0,0
0,5,1,34,1,0,0,0,0,1,1
0,6,0,15,0,0,0,0,1,0,0
0,3,0,27,0,0,0,0,0,0,0
0,5,0,92,0,0,0,0,0,0,0
0,1,0,12,0,0,0,0,0,0,0
1,6,0,17,0,0,0,0,0,0,1
1,6,0,1,0,0,0,0,1,0,0
0,6,0,92,0,0,0,0,1,1,0
1,5,0,224,0,0,0,0,0,0,0
1,6,0,62,0,0,0,0,1,1,0
1,6,0,19,0,0,0,2,0,0,0
0,4,1,61,0,0,0,0,0,1,1
0,4,1,277,0,0,0,0,0,1,1
1,5,0,256,0,0,0,0,0,0,0
0,6,0,94,0,0,0,0,0,0,1
0,6,0,47,0,0,0,0,1,0,0
0,4,1,104,0,0,0,0,0,1,1
1,3,0,107,0,0,0,2,0,0,0
0,4,1,283,1,0,0,0,0,1,1
0,4,1,297,1,0,0,0,0,1,1
0,5,0,31,0,0,0,0,0,0,0
0,6,0,0,0,0,0,0,0,0,0
0,5,0,39,0,0,0,1,1,0,0
1,5,0,179,0,0,0,1,0,0,0
1,3,0,0,0,0,0,0,0,0,0
0,5,0,54,0,0,0,0,0,0,0
0,5,0,127,0,0,0,0,0,1,0
0,6,0,52,0,0,0,0,1,1,0
0,6,0,144,0,0,0,0,2,1,0
0,4,0,69,0,0,0,0,0,0,0
0,6,0,218,0,0,0,0,0,1,1
0,5,0,212,0,0,0,0,1,0,0
0,4,1,61,0,0,0,0,0,1,1
1,3,0,1,0,0,0,0,0,0,0
1,6,0,34,0,0,0,0,1,0,0
1,5,0,44,0,0,0,0,0,0,0
0,3,0,0,0,0,0,1,0,0,0
0,6,0,25,0,0,0,0,1,0,0
0,3,0,100,0,0,0,4,0,0,0
0,6,0,22,0,0,0,0,0,1,1
1,4,0,19,0,0,0,0,0,0,0
0,4,1,305,1,0,17,0,0,1,1
0,6,0,31,0,0,0,0,1,1,0
1,6,0,71,0,0,0,0,1,1,0
0,6,0,81,0,0,0,0,1,0,0
0,5,1,204,0,0,96,0,0,1,1
1,6,0,115,0,0,0,3,0,0,0
0,6,0,172,0,0,0,0,2,0,0
1,6,0,33,0,0,0,0,0,0,1
0,5,0,244,0,0,223,1,0,0,0
0,6,0,89,0,0,0,0,2,0,0
1,4,1,245,1,0,0,0,0,1,1
0,3,0,76,0,0,0,0,0,0,1
0,6,0,50,0,0,0,0,1,0,0
1,2,0,41,0,1,0,1,0,0,0
1,4,0,283,0,0,0,0,0,0,0
1,5,0,33,0,0,0,0,2,0,0
1,6,0,63,0,0,0,0,0,1,1
0,5,1,174,0,0,0,0,0,1,1
1,6,0,0,0,0,0,1,1,0,0
0,4,1,283,1,0,0,0,0,1,1
0,6,0,153,0,0,0,0,1,1,0
1,6,0,261,0,0,0,0,1,1,1
0,4,1,278,1,0,0,0,0,1,1
0,5,0,37,0,0,0,0,0,1,1
0,4,0,323,1,0,0,0,0,1,1
0,3,0,10,0,0,0,1,1,0,0
0,6,0,80,0,0,0,1,0,0,0
0,6,0,7,0,0,0,0,0,0,0
1,6,0,56,0,0,0,0,1,0,0
1,3,0,71,0,0,0,0,3,0,0
0,6,0,1,0,0,0,1,1,0,0
1,5,0,82,0,0,0,1,1,0,0
0,5,0,11,0,0,0,0,1,0,0
0,2,0,1,0,1,0,0,0,0,0
0,4,1,314,1,0,0,0,0,1,1
1,6,0,113,0,0,0,0,2,0,1
0,3,0,0,0,0,0,3,1,0,0
0,6,0,119,0,0,0,0,0,1,0
0,6,0,184,0,0,0,0,1,1,0
0,4,0,98,0,0,0,2,0,0,0
0,4,1,148,0,0,0,0,0,1,1
0,6,0,44,0,0,0,0,0,0,1
0,5,0,12,0,0,0,0,0,1,0
0,5,1,273,0,0,0,0,0,1,1
0,6,0,95,0,0,0,0,0,0,1
0,4,1,67,0,0,0,0,0,1,1
0,6,0,39,0,0,0,0,0,1,1
0,5,1,180,0,0,0,0,0,1,1
1,6,0,0,0,0,0,1,1,0,0
0,4,0,198,0,0,98,0,0,0,0
0,3,0,193,0,0,0,0,1,0,0
1,5,0,48,0,0,0,1,0,0,0
0,1,0,0,0,9,0,0,0,0,0
0,6,0,130,0,0,0,0,0,0,1
1,5,0,20,0,0,0,0,0,0,0
0,5,0,177,0,0,0,0,1,0,0
0,5,0,71,0,0,0,0,0,0,0
0,4,1,32,0,0,0,0,0,1,1
0,6,0,41,0,0,0,0,0,1,1
0,6,0,18,0,0,0,0,2,0,0
0,5,1,150,0,0,91,0,0,1,1
0,3,0,111,0,0,0,0,1,0,0
0,4,0,279,1,0,0,0,0,1,1
0,5,0,185,1,0,0,0,0,1,1
0,6,0,124,0,0,0,0,2,0,0
0,6,0,134,0,0,0,0,0,0,1
0,6,0,0,0,0,0,0,0,0,0
1,3,0,0,0,0,0,0,0,0,0
0,6,0,45,0,0,0,0,0,0,1
0,4,0,258,1,0,0,0,0,1,1
1,6,0,0,0,0,0,0,1,0,0
0,6,0,31,0,0,0,0,2,0,0
0,6,0,26,0,0,0,0,1,0,0
0,2,0,6,0,0,0,0,0,0,0
0,6,0,12,0,0,0,0,1,0,0
0,5,0,32,0,0,0,3,0,0,0
0,6,0,202,0,0,0,0,0,1,1
0,3,0,94,0,0,0,0,0,0,1
0,5,1,71,0,0,0,0,0,1,1
1,6,0,30,0,0,0,1,2,0,0
0,6,0,59,0,0,0,0,0,1,1
1,3,0,14,0,0,0,0,1,0,0
0,4,0,295,1,0,0,0,0,1,1
0,4,1,258,0,0,41,0,0,1,1
1,3,0,69,0,1,0,0,2,0,0
1,4,0,128,0,0,0,0,0,1,1
0,3,0,97,0,0,0,0,0,0,0
1,2,0,24,0,0,0,0,0,0,0
1,3,0,1,0,0,0,0,2,0,0
0,5,1,304,0,0,0,0,0,1,1
0,6,0,12,0,0,0,0,2,0,0
0,5,0,5,0,0,0,0,1,1,0
0,4,1,233,0,0,0,0,0,1,1
1,6,0,15,0,0,0,0,0,1,0
0,6,0,105,0,0,0,0,2,0,0
1,6,0,54,0,0,0,0,0,1,1
1,6,0,301,0,0,0,0,2,0,0
1,5,0,161,0,0,0,0,0,0,0
0,6,0,157,0,0,0,0,0,0,1
0,5,0,102,0,0,0,0,1,0,0
1,3,0,0,0,1,0,0,0,0,0
1,5,0,2,0,0,0,0,0,0,0
0,6,0,25,0,0,0,0,1,1,0
0,6,0,0,0,0,0,0,2,0,0
0,6,0,112,0,0,0,0,0,1,1
0,5,1,166,0,0,0,0,0,1,1
0,6,0,13,0,0,0,1,1,0,0
1,3,0,1,0,0,0,0,0,0,0
0,3,0,0,0,0,0,1,0,0,0
0,6,0,0,0,0,0,0,1,0,0
0,3,0,97,0,0,0,0,0,0,0
0,6,0,249,0,0,0,0,0,1,1
0,2,0,16,0,0,0,3,0,0,0
0,5,0,177,0,0,0,0,0,0,1
1,6,0,167,0,0,0,0,3,1,1
0,6,0,155,0,0,0,2,1,0,0
0,6,0,9,0,0,0,0,0,0,1
0,5,0,37,0,0,0,0,0,1,1
1,6,0,4,0,0,0,0,0,0,0
0,5,1,276,0,0,160,0,0,1,1
0,6,0,16,0,0,0,0,0,1,1
0,4,0,213,0,0,0,1,0,0,0
0,6,0,47,0,0,0,1,0,1,1
0,5,0,44,0,0,0,0,1,0,0
0,6,0,63,0,0,0,0,1,0,0
0,6,0,32,0,0,0,0,0,1,1
1,3,0,2,0,0,0,0,1,0,0
0,6,0,7,0,0,0,0,2,1,0
1,6,0,18,0,0,0,0,2,0,0
0,5,1,336,1,0,0,0,0,1,1
0,5,0,307,0,0,0,1,0,0,0
1,4,1,323,0,0,0,0,0,1,1
0,5,0,144,0,0,0,0,1,0,0
1,6,0,34,0,0,0,0,1,0,0
0,6,0,1,0,0,0,0,1,0,0
0,4,0,25,0,0,0,0,0,0,1
0,5,0,270,0,0,187,0,0,0,1
1,6,0,54,0,0,0,0,2,1,1
0,6,0,98,0,0,0,0,2,1,0
1,5,0,3,0,1,0,0,0,0,0
0,4,0,212,0,0,0,0,0,1,1
1,6,0,149,0,0,0,0,0,1,1
0,6,0,15,0,0,0,0,1,1,0
0,6,0,42,0,0,0,0,1,0,0
0,5,0,91,0,0,0,0,0,0,0
0,5,1,315,0,0,69,0,0,1,1
1,5,0,191,0,0,0,1,0,0,0
0,6,0,17,0,0,0,0,0,1,0
1,5,0,105,0,0,65,0,0,0,0
1,6,0,63,0,0,0,1,1,0,0
0,6,0,99,0,0,0,2,1,0,0
0,6,0,98,0,0,0,0,3,0,0
0,5,1,34,1,0,0,0,0,1,1
1,6,0,157,0,0,0,0,1,1,0
0,3,0,0,0,0,0,1,0,0,0
0,5,1,92,0,0,0,0,0,1,1
1,3,0,118,0,0,0,3,1,0,0
0,6,0,61,0,0,0,0,1,0,0
1,6,0,10,0,0,0,0,1,0,0
0,6,0,96,0,0,0,0,0,1,1
0,6,0,167,0,0,0,2,1,1,1
1,6,0,210,0,0,0,0,1,0,0
0,5,0,346,0,0,0,0,1,0,0
0,4,1,368,0,0,0,0,0,1,1
0,6,0,37,0,0,0,2,2,0,0
0,6,0,8,0,0,0,0,1,0,0
1,5,0,102,0,0,0,0,0,0,0
0,6,0,103,0,0,0,0,0,1,1
0,6,0,24,0,0,0,0,0,0,1
0,3,0,189,0,0,0,0,1,0,0
1,6,0,15,0,0,0,0,0,0,0
0,6,0,1,0,0,0,1,1,0,0
0,4,1,181,0,0,0,0,0,1,1
0,6,0,209,0,0,0,0,1,0,0
1,3,0,0,0,0,0,0,0,0,0
0,5,0,43,0,0,0,0,0,0,0
0,6,0,179,0,0,0,0,1,1,0
1,6,0,4,0,0,0,0,3,0,0
0,6,0,105,0,0,0,0,0,0,1
1,5,0,193,0,0,0,1,0,0,0
1,6,0,10,0,1,0,0,1,0,0
0,2,0,5,1,4,0,0,0,0,0
0,6,0,129,0,0,0,0,3,0,0
1,4,0,31,0,0,0,0,0,0,0
1,6,0,63,0,0,0,0,2,1,0
0,5,0,60,0,0,0,1,0,0,0
1,4,0,253,0,0,0,2,0,0,0
1,3,0,87,0,0,0,0,0,1,1
0,6,0,21,0,0,0,0,1,0,0
0,6,0,165,0,0,0,0,1,1,0
0,6,0,127,0,0,0,0,1,0,0
0,4,1,97,0,0,0,0,0,1,1
1,6,0,40,0,0,0,0,1,0,0
0,6,0,128,0,0,0,0,2,0,0
0,6,0,7,0,0,0,0,1,0,0
1,6,0,1,0,1,0,0,1,0,0
0,6,0,22,0,0,0,0,1,1,0
0,6,0,8,0,0,0,0,0,1,0
1,5,0,126,0,0,0,0,1,0,0
0,6,0,13,0,0,0,1,1,0,0
0,6,0,32,0,0,0,0,0,0,1
0,6,0,1,0,0,0,0,0,0,0
0,5,0,80,0,0,50,0,0,0,0
0,5,1,178,1,0,46,0,0,1,1
0,2,0,3,2,27,0,0,1,1,0
1,3,0,89,0,0,0,1,0,1,0
0,6,0,59,0,0,0,0,1,0,0
0,6,0,127,0,0,0,0,1,1,0
1,4,0,203,0,0,0,0,0,0,0
1,6,0,2,0,0,0,0,2,0,0
1,6,0,217,0,0,0,0,1,1,0
1,5,0,4,0,0,0,1,0,0,0
0,5,0,151,0,0,63,0,0,1,1
0,6,0,17,0,0,0,0,0,1,0
0,6,0,30,0,0,0,1,0,0,1
0,5,0,298,0,0,0,1,0,0,0
0,5,0,88,0,0,0,1,0,0,0
0,6,0,13,0,0,0,0,0,0,1
1,3,0,0,0,0,0,0,0,0,0
1,2,0,6,0,4,0,0,0,0,0
1,6,0,7,0,0,0,0,2,0,0
0,4,0,75,0,0,0,0,0,1,1
1,6,0,34,0,0,0,0,2,1,0
1,6,0,320,0,0,0,0,2,0,1
0,6,0,21,0,0,0,0,1,0,0
0,5,0,11,0,0,0,0,0,0,0
1,6,0,290,0,0,0,0,1,1,0
0,2,0,3,0,0,0,0,0,0,0
0,6,0,142,0,0,0,0,1,1,0
0,5,1,34,1,0,0,0,0,1,1
0,6,0,17,0,0,0,0,2,1,0
1,2,0,6,0,1,0,0,0,0,0
0,5,0,91,0,0,0,0,1,0,0
1,6,0,115,0,0,0,0,1,0,0
0,5,0,178,0,0,0,0,0,1,0
0,2,0,13,0,0,0,0,1,0,0
0,6,0,28,0,0,0,0,1,0,0
1,6,0,0,0,0,0,0,1,0,0
1,3,0,26,0,0,0,0,0,1,0
0,4,1,97,1,0,9,0,0,1,1
1,2,0,20,1,1,0,0,0,0,1
1,6,0,2,0,0,0,0,1,0,0
0,3,0,112,0,0,0,0,0,0,0
0,6,0,108,0,0,0,0,1,0,0
0,6,0,112,0,0,0,0,0,0,1
0,6,0,105,0,0,0,3,0,0,1
0,6,0,3,0,0,0,0,2,0,0
0,6,0,2,0,0,0,0,0,0,0
0,4,1,384,0,0,0,0,0,1,1
0,5,1,103,0,0,0,0,0,1,1
0,4,1,104,0,0,0,0,0,1,1
0,5,1,314,0,0,68,0,0,1,1
0,6,0,197,0,0,0,0,1,0,0
1,3,0,116,0,0,0,1,1,0,0
1,2,0,0,0,2,0,1,0,0,0
1,6,0,86,0,0,0,0,1,0,0
0,3,0,12,0,0,0,1,0,0,0
1,6,0,244,0,0,0,0,2,1,1
1,5,0,100,0,0,0,0,0,0,0
0,5,0,12,0,0,0,1,0,0,0
0,4,0,174,0,0,0,0,1,0,0
1,3,0,157,0,0,0,0,1,1,1
1,4,0,7,0,0,0,0,0,0,0
0,5,1,25,1,0,0,0,0,1,1
0,3,0,6,0,0,0,1,0,0,0
1,6,0,18,0,0,0,0,1,0,0
0,6,0,174,0,0,0,0,1,0,0
0,6,0,44,0,0,0,0,0,1,1
1,6,0,255,0,0,0,0,2,0,1
0,5,0,124,0,0,0,0,0,1,0
0,5,1,103,0,0,0,0,0,1,1
1,6,0,330,0,0,0,0,2,0,1
0,3,1,1,0,0,0,0,0,0,0
0,6,0,56,0,0,0,0,2,1,0
1,3,0,0,0,0,0,0,0,0,0
0,6,0,35,0,0,0,0,1,0,0
0,5,1,304,0,0,0,0,0,1,1
1,4,0,81,0,0,0,1,0,1,0
1,6,0,275,0,0,0,0,2,1,0
0,6,0,166,0,0,0,1,1,1,0
0,6,0,168,0,0,0,0,0,0,1
0,4,1,158,0,0,31,0,0,1,1
0,6,0,210,0,0,0,0,1,1,0
0,3,0,0,0,0,0,0,0,0,0
1,6,0,50,0,0,0,0,0,0,0
0,5,0,13,0,0,0,0,0,0,0
1,2,0,6,0,11,0,0,0,0,0
1,5,0,90,0,0,0,0,0,0,0
0,6,0,4,0,0,0,0,1,0,0
1,4,0,386,0,0,0,1,0,0,0
1,6,0,119,0,0,0,0,0,1,1
1,6,0,75,0,0,0,0,1,1,0
0,4,0,7,0,0,0,0,0,0,0
0,3,0,10,0,0,0,1,1,0,0
0,6,0,103,0,0,0,3,1,1,1
1,4,0,225,0,0,0,0,0,1,0
0,4,1,342,1,0,0,0,0,1,1
0,3,0,166,0,0,0,0,0,0,0
0,6,0,1,0,0,0,0,1,0,0
0,6,0,74,0,0,0,0,2,1,0
0,6,0,117,0,0,0,0,2,0,0
0,6,0,70,0,0,0,0,2,0,0
0,4,1,265,0,0,0,0,0,1,1
0,5,1,178,1,0,46,0,0,1,1
1,5,0,198,0,0,0,0,1,0,0
1,4,0,14,0,0,0,0,0,1,0
1,4,0,276,0,0,0,0,0,0,0
0,6,0,177,0,0,0,0,0,1,1
0,6,0,53,0,0,0,0,1,1,0
1,3,0,175,0,1,0,0,3,0,0
1,2,0,7,0,0,0,0,0,0,0
0,6,0,43,0,0,0,0,0,0,1
0,6,0,65,0,0,0,0,0,1,1
0,6,0,129,0,0,0,0,1,1,0
0,6,0,116,0,0,0,0,0,1,1
0,5,0,115,0,0,0,0,0,0,0
0,6,0,160,0,0,0,0,0,0,1
0,3,0,0,0,0,0,0,0,0,0
0,5,0,12,0,0,0,0,0,0,0
1,3,0,1,0,0,0,0,0,0,0
0,4,0,423,0,0,0,0,1,0,0
0,6,0,27,1,0,0,0,0,1,1
0,5,0,34,0,0,0,1,0,0,0
0,6,0,146,0,0,0,0,2,0,0
1,3,0,1,0,0,0,0,0,0,0
1,6,0,239,0,0,0,0,2,1,1
0,5,0,125,0,0,0,0,1,0,0
1,6,0,26,0,0,0,0,0,1,1
0,6,0,182,0,0,0,0,2,0,0
0,2,0,15,0,0,0,0,0,0,0
1,6,0,18,0,0,0,0,1,1,0
1,6,0,243,0,0,0,0,0,1,1
1,5,0,89,0,0,0,0,1,0,0
1,6,0,117,0,0,0,0,1,1,0
0,4,0,134,0,0,0,0,0,1,0
1,6,0,358,0,0,0,0,1,1,1
0,3,0,35,0,0,0,0,0,0,0
0,4,0,300,1,0,0,0,0,1,1
0,5,0,93,0,0,0,0,0,0,0
1,5,0,52,0,0,0,0,0,0,0
1,5,0,195,0,0,0,1,0,0,1
0,0,0,1,0,0,0,0,0,1,1
0,4,0,44,0,0,0,1,0,0,0
1,6,0,3,0,0,0,0,1,0,0
0,6,0,107,0,0,0,0,1,0,0
0,6,0,145,0,0,0,0,1,1,0
0,4,1,54,0,0,0,0,0,1,1
1,5,0,24,0,0,0,0,0,0,0
0,5,0,151,0,0,63,0,0,1,1
1,6,0,1,0,2,0,0,1,0,0
0,6,0,42,0,0,0,1,0,1,0
1,6,0,65,0,0,0,0,0,1,1
0,6,0,116,0,0,0,0,0,0,1
1,5,0,344,0,0,0,0,0,1,0
0,4,0,198,0,0,98,0,0,1,0
0,5,1,259,0,0,0,0,0,1,1
0,6,0,109,0,0,0,0,2,0,0
0,3,0,2,0,0,0,0,0,0,0
1,6,0,116,0,0,0,0,1,0,0
1,6,0,101,0,0,0,0,1,0,1
0,6,0,66,0,0,0,0,0,1,1
0,6,0,138,0,0,0,0,0,1,1
0,3,0,3,0,0,0,0,0,0,0
0,6,0,229,0,0,0,0,1,1,0
0,6,0,18,0,0,0,0,1,1,0
1,6,0,3,0,0,0,0,0,0,0
1,3,0,14,0,0,0,0,1,0,0
1,4,1,166,24,0,0,0,0,1,1
0,6,0,41,0,0,0,0,1,0,0
1,3,0,32,0,0,0,0,2,0,0
1,4,1,155,0,0,0,0,0,1,1
0,6,0,95,0,0,0,0,3,0,0
0,6,0,59,0,0,0,2,2,0,0
0,5,0,3,0,0,0,1,0,0,0
1,2,0,6,0,0,0,0,0,0,0
0,5,1,113,0,0,0,0,0,1,1
0,6,0,122,0,0,0,3,1,0,0
1,2,0,27,0,13,0,1,0,0,0
0,6,0,36,0,1,0,0,2,0,0
0,5,1,273,0,0,0,0,0,1,1
0,3,0,11,0,0,0,0,0,0,0
1,5,0,1,0,0,0,0,0,0,0
1,4,0,336,0,0,0,1,0,0,0
0,6,0,102,0,0,0,0,1,1,0
0,6,0,3,0,0,0,0,0,0,0
0,6,0,123,0,0,0,0,1,1,1
0,4,1,247,0,0,0,0,0,1,1
0,6,0,97,0,0,0,0,1,1,0
0,5,0,131,0,0,0,0,0,1,1
1,6,0,109,0,0,0,0,0,1,1
1,6,0,227,0,0,0,0,0,1,1
1,5,0,88,0,0,0,0,0,0,0
0,6,0,120,0,0,0,0,2,0,0
1,3,0,221,0,0,0,0,2,1,0
1,6,0,4,0,3,0,0,0,0,0
0,5,1,45,1,0,0,0,0,1,1
0,3,0,182,0,0,0,0,1,0,0
0,4,0,198,0,0,98,1,0,1,1
0,4,0,6,0,0,0,0,0,0,0
0,5,0,39,0,0,0,0,0,1,1
0,2,1,22,0,0,0,0,0,0,1
0,5,1,56,0,0,0,0,0,1,1
1,5,0,98,0,0,0,0,0,0,0
0,3,0,9,0,0,0,0,0,0,0
0,6,0,185,0,0,0,0,0,1,1
0,4,1,86,1,0,35,0,0,1,1
1,6,0,15,0,0,0,0,0,1,0
0,4,1,50,0,0,0,0,0,1,1
0,6,0,0,0,0,0,0,1,0,0
1,3,0,18,0,0,0,0,1,0,0
1,4,1,259,1,0,0,0,0,1,1
0,4,1,68,1,0,0,0,0,1,1
0,6,0,181,0,0,0,0,2,0,0
0,6,0,74,0,0,0,0,1,0,0
0,5,0,56,0,0,0,0,0,1,0
0,2,0,64,0,0,0,0,0,0,0
0,6,0,177,0,0,0,0,2,0,0
0,4,0,328,0,0,38,0,1,0,0
1,6,0,0,0,0,0,0,0,0,0
0,1,0,3,0,0,0,1,1,0,0
1,4,1,238,0,0,0,0,0,1,1
0,4,0,2,0,0,0,0,0,0,0
0,4,0,21,0,0,0,0,0,1,0
1,5,0,305,0,0,0,0,0,0,0
1,3,0,0,0,0,0,0,0,0,0
1,4,0,203,0,0,0,2,0,0,0
0,5,1,105,0,0,0,0,0,1,1
1,6,0,157,0,0,0,1,0,1,1
0,6,0,62,0,0,0,0,2,0,0
0,6,0,35,0,0,0,0,1,1,0
1,4,0,241,0,0,0,0,0,0,0
0,6,0,203,0,0,0,0,1,1,0
0,4,0,0,0,0,0,0,0,0,0
0,6,0,124,0,0,0,0,1,0,0
0,6,0,167,0,0,0,0,1,1,0
0,5,0,2,0,0,0,0,0,0,0
0,5,0,7,0,0,0,0,0,0,0
1,6,0,111,0,0,0,3,2,0,0
0,4,0,18,0,0,0,0,1,0,0
0,3,0,17,0,0,0,1,0,0,0
0,5,0,3,0,0,0,1,0,0,0
0,6,0,18,0,0,0,0,1,0,0
1,2,0,0,0,0,0,1,0,0,0
0,5,0,141,0,0,0,0,0,0,0
0,5,0,5,0,0,0,0,0,0,0
0,4,1,437,0,0,0,0,0,1,1
0,4,1,326,1,0,0,0,0,1,1
0,6,0,178,0,0,0,0,0,1,1
0,5,1,275,0,0,0,0,0,1,1
0,3,0,13,0,0,0,1,0,0,0
0,6,0,44,0,0,0,0,1,0,0
0,5,1,80,0,0,0,0,0,1,1
0,5,0,468,0,0,0,0,1,0,0
0,6,0,77,0,0,0,0,1,0,0
0,6,0,128,0,0,0,0,0,1,1
0,6,0,191,0,0,0,3,0,1,1
0,4,0,83,0,0,0,0,0,0,0
1,6,0,42,0,0,0,1,0,0,0
0,6,0,79,0,0,0,0,1,0,0
0,6,0,7,0,0,0,2,1,1,0
1,3,0,51,0,0,0,1,0,1,0
0,4,0,142,0,0,0,0,1,0,0
1,6,0,57,0,0,0,0,1,0,0
1,6,0,318,0,0,0,0,2,0,1
0,5,0,116,0,0,0,0,0,1,1
0,5,0,221,1,0,0,0,0,1,1
0,6,0,224,0,0,0,0,1,0,0
0,6,0,191,0,0,0,0,0,1,1
0,4,1,129,0,0,0,0,0,1,1
0,6,0,114,0,0,0,0,3,0,0
1,3,0,70,0,0,0,1,1,1,1
1,6,0,131,0,0,0,0,0,0,1
0,5,0,1,0,0,0,0,0,1,0
0,4,0,168,0,0,0,0,0,1,0
0,5,1,27,0,0,21,0,0,1,1
0,4,1,161,0,0,0,0,0,1,1
0,5,1,364,1,0,0,0,0,1,1
0,6,0,156,0,0,0,2,1,0,0
1,6,0,4,0,0,0,0,2,0,0
1,3,0,0,0,1,0,0,0,0,0
1,4,1,259,1,0,0,0,0,1,1
0,3,0,21,0,0,0,0,0,1,0
0,3,0,92,0,0,0,0,1,0,0
0,3,0,125,0,0,0,0,2,0,0
1,5,0,22,0,0,0,0,0,0,0
0,6,0,2,0,0,0,0,0,0,0
0,6,0,29,0,0,0,0,0,1,1
0,4,1,309,0,0,0,0,0,1,1
0,6,0,46,0,0,0,0,1,0,0
0,6,0,23,0,0,0,0,0,0,1
0,4,0,115,0,0,34,1,0,1,0
0,6,0,175,0,0,0,0,1,0,0
1,5,0,185,0,0,0,0,0,0,0
1,5,0,1,0,0,0,0,0,0,0
0,6,0,110,0,0,0,1,0,0,0
1,6,0,211,0,0,0,0,0,1,1
1,4,1,103,0,0,0,0,0,1,1
0,6,0,0,0,0,0,0,0,0,0
1,2,0,13,0,0,0,0,0,0,0
0,6,0,47,0,0,0,0,1,0,0
0,6,0,70,0,0,0,0,2,0,0
1,6,0,41,0,0,0,0,3,1,1
0,6,0,42,0,0,0,0,1,0,0
1,6,0,27,0,0,0,0,2,0,0
1,3,0,0,0,0,0,0,0,0,0
0,6,0,29,0,0,0,0,0,1,1
0,3,0,5,0,0,0,0,0,0,0
0,5,0,68,0,0,0,0,1,0,0
0,6,0,31,0,0,0,0,1,0,0
0,5,1,105,0,0,0,0,0,1,1
0,4,0,158,0,0,0,0,1,0,0
0,6,0,122,0,0,0,3,0,0,0
0,5,0,103,0,0,0,0,0,0,0
0,6,0,14,0,0,0,0,1,0,0
0,6,0,64,0,0,0,0,1,1,0
0,6,0,58,0,0,0,0,4,0,0
1,6,0,178,0,0,0,0,0,1,1
0,6,0,114,0,0,0,0,2,0,0
0,4,1,398,0,0,0,0,0,1,1
0,6,0,3,0,0,0,0,0,0,0
1,5,0,291,0,0,0,0,0,0,0
1,3,0,0,0,3,0,2,0,0,0
0,6,0,118,0,0,0,0,1,1,0
0,4,0,269,1,0,0,0,0,1,1
0,6,0,229,0,0,0,0,0,1,1
0,6,0,105,0,0,0,0,0,1,1
0,4,1,101,0,0,0,0,0,1,1
0,6,0,317,0,0,0,1,2,0,0
0,6,0,16,0,0,0,0,0,1,1
1,5,0,48,0,0,0,0,0,0,0
1,4,0,364,0,0,0,3,1,0,0
0,6,0,129,0,0,0,0,2,0,0
1,6,0,22,0,0,0,0,1,0,0
0,6,0,4,1,0,0,0,1,1,1
1,6,0,237,0,0,0,0,3,0,0
0,6,0,42,0,0,0,0,1,0,0
0,4,0,61,0,0,0,1,1,0,0
1,2,0,3,0,0,0,0,0,0,0
0,6,0,16,0,0,0,0,1,0,0
0,6,0,78,0,0,0,0,0,1,1
1,5,0,39,0,0,0,0,1,1,0
0,6,0,203,0,0,0,0,2,1,0
0,5,0,377,0,0,0,0,1,0,0
0,2,0,19,1,14,0,2,1,0,0
0,3,0,38,0,0,0,0,2,1,0
0,5,1,193,0,0,0,0,0,1,1
0,3,0,44,0,0,0,0,0,0,0
0,6,0,141,0,0,0,0,2,0,0
0,5,0,181,0,0,0,0,0,0,0
0,5,0,74,0,0,0,0,0,0,0
0,6,0,68,0,0,0,0,0,0,1
0,2,0,13,0,3,0,0,0,0,0
0,6,0,25,0,0,0,0,0,1,0
1,6,0,114,0,0,0,0,0,1,1
0,6,0,145,0,0,0,2,1,1,0
0,6,0,14,0,0,0,0,2,0,0
1,5,0,265,0,0,0,0,0,0,0
1,5,0,61,0,0,0,0,0,0,0
0,3,0,0,0,0,0,0,0,0,0
0,5,0,86,0,0,0,1,1,0,0
0,4,1,215,0,0,0,0,0,1,1
0,6,0,102,0,0,0,0,2,0,0
0,6,0,9,0,0,0,0,0,1,1
1,2,0,6,0,4,0,0,0,0,0
1,2,0,0,0,4,0,1,0,0,0
0,5,0,5,0,0,0,0,0,0,0
1,6,0,11,0,0,0,0,2,0,0
0,6,0,18,0,0,0,0,1,0,0
0,6,0,24,0,0,0,0,2,0,0
1,5,0,136,0,0,0,0,0,0,0
1,1,0,32,0,0,0,2,1,0,0
0,6,0,5,0,0,0,0,1,0,0
1,6,0,11,0,0,0,0,2,0,0
0,4,1,56,0,0,0,0,0,1,1
0,6,0,74,0,0,0,0,1,0,0
0,5,0,192,0,0,0,0,0,0,0
1,6,0,14,0,0,0,0,1,0,0
1,4,0,276,0,0,0,0,0,0,0
1,6,0,347,0,0,0,0,0,1,1
0,6,0,14,0,0,0,0,2,0,0
0,5,1,373,0,0,0,0,0,1,1
0,6,0,2,0,0,0,0,0,0,0
0,6,0,51,0,0,0,0,0,1,1
0,4,1,87,0,0,0,0,0,1,1
0,1,0,0,0,4,0,0,1,0,0
0,6,0,54,0,0,0,0,0,1,1
0,6,0,46,0,0,0,0,1,1,0
1,5,0,134,0,0,0,3,1,0,0
0,3,0,166,0,0,0,0,1,0,0
0,6,0,3,0,0,0,0,1,0,0
1,2,0,84,0,0,0,0,0,0,0
1,6,0,43,0,0,0,0,1,0,0
0,6,0,289,0,0,0,0,2,1,1
0,6,0,108,0,0,0,0,0,0,0
1,6,0,2,0,0,0,0,0,0,0
0,4,1,112,0,0,0,0,0,1,1
1,5,0,19,0,0,0,1,0,0,0
0,4,0,61,0,0,0,1,0,0,1
1,3,0,0,0,0,0,0,0,0,0
0,5,0,138,0,0,0,0,0,1,0
0,6,0,224,0,0,0,1,1,0,0
0,5,1,150,0,0,91,0,0,1,1
0,2,0,182,0,0,0,0,0,1,1
1,6,0,270,0,0,0,0,0,0,1
0,6,0,272,0,0,0,0,0,1,1
1,5,0,0,0,0,0,0,0,0,0
0,5,0,123,0,0,0,0,0,1,0
1,5,0,105,0,0,65,0,0,0,0
0,5,0,386,0,0,0,0,1,1,0
0,6,0,58,0,0,0,1,1,0,0
0,6,0,58,0,0,0,0,1,0,0
0,4,1,419,0,0,0,0,0,1,1
0,5,1,52,0,0,0,0,0,1,1
0,4,0,98,0,0,0,0,0,1,0
1,6,0,24,0,0,0,0,0,1,1
1,3,0,16,0,0,0,0,0,0,0
0,4,1,115,1,0,22,0,0,1,1
0,6,0,20,0,0,0,0,0,1,1
0,5,1,304,0,0,0,0,0,1,1
0,6,0,30,0,0,0,0,1,1,0
1,4,1,211,0,0,0,0,0,1,1
0,6,0,153,0,0,0,0,1,0,0
0,6,0,79,0,0,0,0,1,0,0
0,6,0,105,0,0,0,0,1,1,0
1,6,0,116,0,0,0,0,1,1,0
0,5,1,305,0,0,0,0,0,1,1
0,4,0,212,0,0,0,3,1,0,0
1,6,0,108,0,0,0,1,1,0,0
0,4,1,87,0,0,0,0,0,1,1
0,6,0,206,0,0,0,0,2,0,0
1,6,0,5,0,0,0,0,0,0,0
1,6,0,1,0,0,0,0,1,0,0
0,6,0,40,0,0,0,0,0,0,1
0,6,0,47,0,0,0,0,1,0,0
0,4,0,215,0,0,0,2,0,0,0
0,6,0,200,0,0,0,0,1,1,0
1,4,1,148,0,0,0,0,0,1,1
1,6,0,248,0,0,0,0,1,0,0
1,6,0,147,0,0,0,0,1,1,1
0,4,0,321,1,0,0,0,0,1,1
0,2,0,12,0,0,0,0,0,0,0
0,4,0,25,0,0,0,0,0,1,1
1,6,0,155,0,0,0,0,0,0,1
0,4,1,398,0,0,0,0,0,1,1
0,5,0,152,0,0,0,0,0,0,0
1,6,0,74,0,0,0,1,2,0,0
1,2,0,6,0,0,0,0,0,0,0
0,6,0,33,0,0,0,0,1,0,0
0,5,1,410,0,0,0,0,0,1,1
0,6,0,148,0,0,0,0,0,1,1
1,5,0,97,0,0,0,1,0,0,1
0,5,1,305,0,0,0,0,0,1,1
0,5,0,160,0,0,0,0,1,0,0
0,5,0,19,0,0,0,0,0,0,0
1,5,0,159,0,0,0,0,1,1,0
0,6,0,210,0,0,0,0,0,0,1
1,5,0,207,0,0,0,1,0,0,0
0,4,0,138,0,0,0,0,0,0,0
0,6,0,114,0,0,0,0,0,1,1
0,5,1,173,0,0,34,0,0,1,1
0,6,0,162,0,0,0,0,0,1,1
0,6,0,17,0,0,0,0,1,0,0
0,6,0,163,0,0,0,1,1,0,0
0,6,0,57,0,0,0,0,0,1,1
1,2,0,39,0,0,0,0,0,1,1
0,6,0,39,0,0,0,0,2,0,0
1,6,0,43,0,0,0,0,2,0,0
0,6,0,0,0,0,0,1,1,0,0
1,2,0,0,0,25,0,0,0,0,0
1,3,0,0,0,0,0,0,0,0,0
1,6,0,1,0,0,0,0,0,0,0
0,6,0,150,0,0,0,0,0,1,1
1,6,0,62,0,0,0,0,1,1,0
0,5,0,36,0,0,0,0,1,0,0
1,4,0,199,0,0,0,0,0,1,0
1,4,0,17,0,0,0,0,0,0,0
0,5,0,14,0,0,0,0,0,0,0
0,6,0,10,0,0,0,0,1,0,0
1,3,0,52,0,0,0,1,2,0,0
1,3,0,1,0,0,0,0,0,0,0
0,6,0,3,0,0,0,0,0,0,0
0,4,0,292,0,0,0,0,0,1,1
0,5,1,102,0,0,0,0,0,1,1
0,5,0,349,0,0,162,0,0,1,1
0,6,0,99,0,0,0,0,2,0,0
0,5,0,46,0,0,0,0,0,0,0
1,6,0,13,0,0,0,0,1,0,0
0,6,0,49,0,0,0,1,0,1,0
0,2,0,6,1,18,0,0,1,0,0
0,6,0,9,0,0,0,0,0,1,1
0,4,1,391,0,0,0,0,0,1,1
0,4,1,72,1,0,0,0,0,1,1
1,6,0,182,0,0,0,0,3,1,1
0,4,1,300,1,0,0,0,0,1,1
0,6,0,121,0,0,0,0,1,0,0
0,6,0,84,0,0,0,0,0,0,1
0,4,0,50,0,0,0,1,0,0,0
0,5,0,115,0,0,0,1,0,0,0
1,4,0,168,0,0,0,1,0,0,0
1,6,0,34,0,0,0,0,0,1,1
1,4,0,244,0,0,0,0,0,0,0
0,4,0,151,0,0,0,0,0,0,0
0,3,0,34,0,0,0,0,0,0,0
0,4,1,120,0,0,0,0,0,1,1
1,6,0,186,0,0,0,0,2,0,0
0,4,0,70,0,0,0,0,0,0,0
0,5,1,69,0,0,0,0,0,1,1
1,5,0,77,0,0,0,0,0,1,0
0,6,0,1,0,0,0,0,1,0,0
0,6,0,1,0,0,0,0,1,1,0
0,6,0,35,0,0,0,0,0,1,1
0,6,0,0,0,0,0,1,0,0,0
0,3,0,56,0,0,0,0,0,0,0
1,6,0,193,0,0,0,0,1,1,1
0,4,1,313,1,0,0,0,0,1,1
1,2,0,21,0,0,0,0,0,1,0
0,6,0,20,0,0,0,0,2,0,0
1,3,0,2,0,4,0,0,1,0,0
1,6,0,90,0,0,0,0,2,0,0
1,6,0,6,0,0,0,0,1,0,0
0,6,0,187,0,0,0,0,0,1,1
0,4,0,19,0,0,0,0,0,0,0
0,6,0,309,0,0,0,0,0,1,1
1,6,0,29,0,0,0,0,2,0,0
1,3,0,296,0,0,0,0,0,1,1
0,5,1,178,1,0,46,0,0,1,1
1,4,0,289,0,0,0,0,0,0,0
0,6,0,37,0,0,0,0,0,1,1
0,6,0,149,1,0,0,0,0,1,1
0,6,0,186,0,0,0,0,1,0,1
0,3,0,0,0,0,0,0,0,0,0
0,4,0,199,0,0,0,1,1,0,0
0,5,1,245,0,0,0,0,0,1,1
1,4,0,279,1,0,0,0,0,1,1
0,2,0,4,0,0,0,1,1,0,0
0,3,0,43,0,0,0,0,1,0,0
0,3,0,34,0,0,0,0,0,0,0
1,6,1,0,0,0,0,0,0,1,1
1,5,0,165,0,0,0,0,1,0,0
1,3,0,146,0,0,0,0,2,0,0
1,5,0,191,0,0,0,0,1,1,0
0,4,1,479,0,0,0,0,0,1,1
0,5,1,322,0,0,0,0,0,1,1
0,6,0,171,0,0,0,0,0,1,1
0,6,0,70,0,0,0,0,1,1,0
0,5,0,24,0,0,0,0,0,1,0
1,4,1,277,0,0,0,0,0,1,1
0,6,0,7,0,0,0,0,2,0,0
0,4,0,213,0,0,0,1,0,0,0
0,2,0,7,0,0,0,0,0,0,0
1,6,0,148,0,0,0,0,0,1,1
0,6,0,49,0,0,0,0,2,0,0
1,6,0,61,0,0,0,0,1,0,0
0,6,0,62,0,0,0,0,0,1,1
0,6,0,1,0,0,0,1,0,0,0
0,5,0,44,0,0,0,0,0,0,0
1,4,0,221,0,0,121,2,1,0,0
1,5,0,167,0,0,0,0,0,0,0
1,4,0,72,0,0,0,0,0,0,1
1,2,0,36,0,0,0,0,0,1,1
0,6,0,217,0,0,0,0,0,1,1
1,6,0,74,0,0,0,0,0,1,1
0,6,0,176,0,0,0,0,2,0,0
0,5,0,338,0,0,68,0,1,0,0
1,4,1,83,0,0,0,0,0,1,1
1,2,0,5,0,3,0,0,0,0,0
0,5,0,19,0,0,0,0,2,0,0
0,6,0,33,0,0,0,1,0,0,0
0,6,0,100,0,0,0,0,2,0,0
1,6,0,4,0,0,0,0,0,0,0
0,6,0,212,0,0,0,0,0,0,1
0,4,1,73,0,0,0,0,0,1,1
0,5,0,423,0,0,0,0,1,0,0
0,4,0,63,0,0,0,1,0,0,0
1,6,0,65,0,0,0,0,1,0,0
1,4,1,259,1,0,0,0,0,1,1
0,4,1,258,0,0,41,0,0,1,1
0,4,0,55,0,0,0,0,0,0,0
0,6,0,290,0,0,0,0,0,1,1
0,5,0,3,0,0,0,0,0,0,0
0,6,0,144,0,0,0,0,1,0,0
1,4,1,74,0,0,0,0,0,1,1
1,3,0,174,0,0,0,0,1,0,0
1,5,0,237,0,0,0,0,0,1,0
1,4,0,185,0,0,0,0,0,1,0
0,6,0,5,0,0,0,0,1,0,0
0,6,0,48,0,0,0,0,1,0,0
1,3,0,8,0,0,0,4,0,0,0
0,6,0,44,0,0,0,0,3,0,0
0,6,0,165,0,0,0,0,1,0,0
1,3,0,36,0,0,0,0,0,0,0
1,6,0,3,0,1,0,0,2,0,0
0,5,1,304,0,0,0,0,0,1,1
0,6,0,36,0,0,0,0,0,1,1
0,5,0,182,0,0,0,0,1,0,0
0,6,0,0,0,0,0,0,1,0,0
1,6,0,343,0,0,0,0,0,1,1
1,6,0,70,0,0,0,0,2,1,0
0,6,0,10,0,0,0,0,1,0,0
0,4,0,46,0,0,0,1,0,0,1
1,4,0,283,0,0,0,0,0,0,0
1,6,0,2,0,0,0,2,0,0,0
0,6,0,25,0,0,0,0,1,0,0
1,6,0,146,0,0,0,2,1,0,1
0,6,0,75,0,0,0,0,2,1,0
1,3,0,69,0,0,0,1,1,0,1
1,5,0,212,0,0,0,1,1,0,0
0,6,0,264,0,0,0,0,1,1,1
0,6,0,93,0,0,0,0,1,1,0
0,4,0,98,0,0,0,4,0,0,0
1,6,0,87,0,0,0,0,1,0,0
1,6,0,142,0,0,0,0,1,0,0
0,5,0,9,0,0,0,0,0,0,0
0,5,0,9,0,0,0,0,0,0,0
0,6,0,5,0,0,0,0,1,0,0
1,3,0,109,0,0,0,0,1,1,0
0,4,0,53,0,0,0,0,1,0,0
1,4,0,83,0,0,0,0,0,0,0
0,4,1,278,1,0,0,1,0,1,1
1,5,0,97,0,0,0,0,0,0,0
0,4,0,65,0,0,0,0,0,1,0
1,5,0,19,0,0,0,0,1,0,0
1,4,0,152,0,0,0,0,1,0,0
0,6,0,26,0,0,0,0,1,0,0
1,6,0,141,0,0,0,0,0,1,1
0,1,0,0,0,0,0,0,0,0,0
0,6,0,17,0,0,0,0,1,0,0
0,4,1,344,1,0,0,0,0,1,1
0,6,0,14,0,0,0,0,2,0,0
1,5,0,264,0,0,0,0,0,0,0
0,4,1,323,1,0,0,0,0,1,1
0,5,0,396,0,0,0,0,1,0,0
0,5,0,75,0,0,0,0,0,0,0
1,5,0,272,0,0,0,0,0,0,0
1,1,0,3,0,0,0,1,0,0,0
1,3,0,20,0,0,0,0,1,0,0
0,3,0,0,0,0,0,0,0,0,0
1,6,0,119,0,0,0,0,0,1,1
0,6,0,39,0,0,0,0,1,0,0
1,5,0,181,0,0,0,0,0,0,0
0,6,0,30,0,0,0,0,1,1,0
0,3,0,3,0,0,0,0,0,1,0
1,4,0,222,0,0,0,2,0,0,0
0,6,0,200,0,0,0,0,0,1,1
0,6,0,76,0,0,0,0,2,0,0
1,3,0,0,0,1,0,0,0,0,0
0,5,0,207,1,0,0,0,0,1,1
0,6,0,193,0,0,0,1,0,0,0
1,5,0,39,0,0,0,0,0,0,0
0,6,0,87,0,0,0,0,1,0,0
0,5,1,99,0,0,0,0,0,1,1
0,6,0,118,0,0,0,0,1,0,0
1,5,0,122,0,0,0,0,1,0,0
0,6,0,46,0,0,0,0,0,0,1
0,5,0,89,0,0,0,0,3,0,0
0,5,0,62,0,0,0,0,0,0,0
0,6,0,92,0,0,0,0,0,1,1
0,6,0,8,0,0,0,0,1,1,0
1,3,0,254,0,0,0,0,4,0,0
0,6,0,54,0,0,0,2,0,1,1
0,6,0,87,0,0,0,0,1,0,0
0,6,0,13,0,0,0,0,1,0,0
0,1,0,1,0,1,0,0,2,0,0
0,6,0,5,0,0,0,0,1,0,0
0,6,0,37,0,0,0,0,2,1,0
0,5,0,396,0,0,0,0,1,0,0
1,4,1,183,0,0,0,1,0,1,1
0,6,0,29,0,0,0,0,0,1,1
1,6,0,95,0,0,0,0,1,1,1
1,5,0,105,0,0,65,0,0,0,0
0,4,1,192,0,0,17,0,0,1,1
0,3,0,0,0,0,0,0,0,0,0
0,4,1,87,0,0,0,0,0,1,1
0,6,0,176,0,0,0,0,1,0,0
0,4,1,157,0,0,0,0,0,1,1
1,4,0,40,0,0,0,1,0,0,0
1,3,0,0,0,7,0,0,0,0,0
0,4,1,451,0,0,0,0,0,1,1
1,5,0,48,0,0,0,0,0,0,0
0,6,0,70,0,0,0,0,2,0,0
0,6,0,104,0,0,0,0,2,1,0
0,5,0,102,0,0,0,0,0,0,0
0,3,0,159,0,0,0,0,1,0,0
0,6,0,9,0,0,0,0,0,1,1
1,4,0,44,0,0,0,0,0,1,1
0,4,1,201,0,0,0,0,0,1,1
1,5,0,214,0,0,0,0,0,0,0
1,6,0,1,0,0,0,0,2,0,0
0,5,0,74,0,0,0,0,0,0,0
1,6,0,0,0,0,0,1,0,0,0
0,6,0,103,0,0,0,0,0,0,1
1,5,0,294,0,0,0,0,0,0,1
1,6,0,211,0,0,0,0,0,1,1
0,3,0,197,0,0,0,0,1,1,0
0,6,0,27,0,0,0,0,1,1,0
0,6,0,24,0,0,0,0,0,1,1
0,6,0,18,0,0,0,0,1,0,0
1,6,0,45,0,0,0,0,1,1,0
1,6,0,210,0,0,0,0,0,1,1
0,6,0,125,0,0,0,1,1,1,0
0,6,0,126,0,0,0,0,1,1,0
1,5,0,74,0,0,0,0,0,0,0
0,6,0,121,0,0,0,0,0,1,1
0,6,0,70,0,0,0,0,0,1,1
0,6,0,123,0,0,0,0,0,1,1
0,6,0,104,0,0,0,0,1,1,0
0,6,0,82,0,0,0,0,1,1,0
0,6,0,162,0,0,0,0,1,0,0
0,5,1,34,1,0,0,0,0,1,1
0,5,0,175,0,0,0,0,0,0,0
0,6,0,15,0,0,0,2,0,1,0
0,4,0,316,0,0,0,0,0,0,0
0,5,0,86,0,0,0,3,1,0,0
0,4,0,265,1,0,0,0,0,1,1
1,5,0,219,1,0,0,0,0,1,1
0,5,0,39,0,0,0,1,0,0,0
1,6,0,205,0,0,0,1,2,0,0
0,5,1,301,1,0,0,0,0,1,1
0,4,1,251,0,0,93,0,0,1,1
0,6,0,0,0,0,0,0,0,0,0
1,3,0,0,0,0,0,0,0,0,0
1,5,0,209,0,0,0,0,1,1,0
0,5,0,143,0,0,0,1,0,0,0
0,6,0,12,0,0,0,0,1,0,0
0,5,0,0,0,0,0,1,0,0,0
1,6,0,53,0,0,0,0,1,0,0
1,6,0,66,0,0,0,0,1,0,0
1,6,0,18,0,0,0,0,2,1,0
1,6,0,115,0,0,0,0,0,1,1
1,6,0,58,0,0,0,0,1,1,0
0,6,0,316,0,0,0,0,0,1,1
1,4,0,287,0,0,0,1,0,0,0
0,6,0,198,0,0,0,0,0,1,1
0,5,1,314,0,0,68,0,0,1,1
0,4,0,55,0,0,0,0,0,0,0
0,6,0,22,0,0,0,0,0,0,1
0,4,0,323,1,0,0,0,0,1,1
1,6,0,1,0,0,0,0,1,0,0
0,5,0,45,0,0,0,0,0,1,0
0,6,0,3,0,0,0,0,1,0,0
0,5,0,418,0,0,223,0,0,1,0
0,6,0,110,0,0,0,0,1,0,0
0,6,0,1,0,0,0,0,0,0,0
1,3,0,0,0,0,0,0,0,0,0
0,6,0,17,0,0,0,0,2,0,0
0,4,0,1,0,0,0,0,0,0,0
1,5,0,149,0,0,0,0,1,0,0
0,4,1,342,1,0,0,0,0,1,1
0,4,0,518,0,0,0,0,1,0,0
1,6,0,150,0,0,0,0,2,1,0
0,5,1,19,1,0,0,0,0,1,1
0,4,0,81,0,0,0,0,1,0,0
0,6,0,236,0,0,0,0,1,1,0
0,6,0,43,0,0,0,0,2,0,0
0,6,0,157,0,0,0,0,0,1,1
0,6,0,5,0,0,0,0,0,1,0
1,5,0,27,0,0,0,0,0,0,0
0,6,0,109,0,0,0,0,0,0,1
1,6,0,10,0,0,0,1,0,0,0
0,6,0,179,0,0,0,2,0,1,1
1,6,0,1,0,0,0,0,1,0,0
1,6,0,190,0,0,0,0,2,0,0
1,2,0,27,0,0,0,1,0,0,0
1,4,1,140,0,0,0,0,0,1,1
0,5,1,102,0,0,0,0,0,1,1
1,3,0,0,0,0,0,1,0,0,0
1,5,0,175,0,0,0,0,0,0,0
0,6,0,16,0,0,0,0,0,0,1
0,5,0,476,0,0,0,0,2,0,0
0,5,0,0,0,0,0,0,0,0,0
1,2,0,10,0,5,0,0,1,0,0
1,6,0,297,0,0,0,0,3,0,0
1,4,1,168,0,0,0,0,0,1,1
1,3,0,10,0,0,0,0,0,1,0
0,6,0,81,0,0,0,0,1,0,0
1,6,0,239,0,0,0,0,1,0,1
1,6,0,128,0,0,0,0,2,0,0
0,4,1,56,0,0,0,0,0,1,1
1,5,0,153,0,0,0,0,0,1,0
1,5,0,119,0,0,0,0,0,0,0
0,3,0,0,0,0,0,0,0,0,0
1,5,0,180,0,0,0,0,0,0,0
1,5,0,79,0,0,0,0,2,0,1
0,6,0,58,0,0,0,0,0,1,1
0,4,1,552,0,0,0,0,0,1,1
0,6,0,186,0,0,0,0,0,1,1
0,6,0,207,0,0,0,0,0,1,1
0,6,0,0,0,0,0,0,2,0,0
1,6,0,130,0,0,0,0,1,0,0
1,2,0,19,1,7,0,0,0,0,0
1,6,0,158,0,0,0,1,2,0,0
0,2,0,1,0,0,0,0,0,0,0
0,6,0,183,0,0,0,0,0,0,1
0,5,0,276,0,0,178,0,0,0,0
0,3,0,17,0,0,0,0,0,0,0
0,3,0,1,0,0,0,0,0,0,0
0,6,0,15,0,0,0,2,1,0,0
0,6,0,108,0,0,0,0,0,0,0
0,6,0,290,0,0,0,0,0,1,1
1,6,0,33,0,0,0,0,0,1,1
0,4,0,116,0,0,0,1,1,0,0
1,5,0,2,0,1,0,0,0,0,0
1,5,0,221,0,0,0,0,1,0,0
1,4,0,468,1,0,0,0,0,1,1
0,5,0,160,0,0,111,0,0,0,1
1,6,0,155,0,0,0,3,3,0,0
0,6,0,41,0,0,0,0,1,1,0
1,3,0,30,0,0,0,0,1,0,0
1,3,0,0,0,2,0,0,1,0,0
0,6,0,74,0,0,0,0,0,1,1
0,3,0,292,0,0,0,0,1,0,0
0,6,0,146,0,0,0,0,2,0,0
1,4,0,279,1,0,0,0,0,1,1
1,6,0,58,0,0,0,1,1,0,0
0,4,1,156,0,0,0,0,0,1,1
0,4,1,186,0,0,0,0,0,1,1
0,6,0,19,0,0,0,0,0,1,1
1,6,0,203,0,0,0,0,0,1,1
0,6,0,22,0,0,0,0,0,0,1
1,6,0,247,0,0,0,1,0,1,1
0,6,0,38,0,0,0,0,0,1,1
0,6,0,101,0,0,0,0,1,0,0
0,4,1,61,0,0,0,0,0,1,1
1,2,0,0,0,0,0,0,0,0,0
1,6,0,39,0,0,0,0,1,0,0
0,3,0,0,0,1,0,0,0,0,0
0,6,0,37,0,0,0,0,0,1,1
0,6,0,36,0,0,0,0,1,0,0
0,5,0,10,0,0,0,1,0,0,0
0,5,0,141,0,0,0,0,0,0,0
0,2,0,2,0,3,0,1,1,0,0
0,4,1,368,0,0,0,0,0,1,1
1,5,0,231,0,0,0,1,1,0,1
0,6,0,152,0,0,0,0,0,0,1
0,4,1,104,0,0,0,0,0,1,1
1,6,0,21,0,0,0,0,1,1,0
0,5,0,267,0,0,0,0,0,0,1
0,6,0,141,0,0,0,0,0,1,1
0,3,0,231,0,0,0,0,0,0,1
0,6,0,334,0,0,0,0,1,1,1
1,6,0,28,0,0,0,0,1,0,0
0,3,0,176,0,0,0,0,0,0,0
1,6,0,82,0,0,0,0,1,0,0
0,5,1,275,0,0,69,0,0,1,1
1,6,0,1,0,0,0,2,0,0,0
1,5,0,21,0,0,0,0,0,0,0
0,2,0,2,0,2,0,0,0,0,0
0,6,0,305,0,0,0,0,1,0,1
1,6,0,130,0,0,0,0,1,0,0
0,5,1,313,0,0,0,0,0,1,1
0,6,0,24,0,0,0,0,2,0,0
0,3,0,108,0,0,0,1,1,0,1
1,2,0,9,0,0,0,0,0,0,0
1,5,0,16,0,0,0,0,0,0,0
0,4,1,158,0,0,31,0,0,1,1
0,5,0,35,0,0,0,0,0,0,0
0,6,0,104,0,0,0,0,2,1,0
0,5,1,304,0,0,0,0,0,1,1
0,6,0,34,0,0,0,2,0,1,0
0,6,0,73,0,0,0,0,1,1,0
0,4,0,315,0,0,38,1,1,0,0
0,4,1,323,0,0,0,0,0,1,1
1,3,0,160,0,0,0,0,3,0,0
0,6,0,3,0,0,0,1,0,0,0
0,6,0,6,0,0,0,0,1,0,0
1,3,0,6,0,0,0,0,1,0,0
0,4,0,168,0,0,0,0,0,1,0
0,4,0,70,0,0,0,0,0,0,0
0,4,1,86,1,0,35,0,0,1,1
0,5,0,141,0,0,0,0,0,0,0
0,5,0,161,0,0,0,0,1,0,0
1,5,0,4,0,2,0,0,2,0,0
0,6,0,309,0,0,0,1,0,1,0
0,5,0,196,0,0,0,0,0,0,0
1,4,0,386,0,0,0,1,0,0,0
0,6,0,120,0,0,0,0,1,1,0
0,5,0,153,0,0,0,0,0,0,0
0,6,0,7,0,0,0,1,4,0,0
0,5,1,182,1,0,50,0,0,1,1
1,6,0,17,0,0,0,0,1,0,0
1,5,0,193,0,0,0,0,0,0,0
0,4,1,307,1,0,0,0,0,1,1
1,6,0,249,0,0,0,1,4,1,0
0,5,0,34,0,0,33,0,0,0,0
0,6,0,19,0,0,0,0,1,0,0
1,6,0,157,0,0,0,0,1,0,0
1,6,0,19,0,0,0,0,2,0,0
1,6,0,29,0,0,0,0,2,0,0
0,6,0,212,0,0,0,0,2,1,0
0,6,0,0,0,0,0,0,0,0,0
0,5,0,103,0,0,0,0,0,1,0
0,5,0,25,0,0,0,0,0,0,0
0,3,0,5,0,0,0,0,0,0,0
0,3,0,0,0,0,0,0,0,0,0
0,6,0,107,0,0,0,0,0,1,0
1,3,0,11,0,0,0,0,1,0,0
0,6,0,50,1,0,0,0,1,1,1
0,6,0,0,0,0,0,1,0,0,0
0,4,1,367,1,0,0,0,0,1,1
0,6,0,8,0,0,0,1,2,0,0
0,6,0,58,0,0,0,0,3,0,0
0,6,0,117,0,0,0,0,1,1,0
0,5,0,41,0,0,0,1,0,0,0
0,6,0,103,0,0,0,0,0,1,1
1,6,0,200,0,0,0,0,0,1,1
0,4,1,59,0,0,0,0,0,1,1
0,6,0,100,0,0,0,1,0,1,0
0,6,0,51,0,0,0,0,2,0,0
1,6,0,139,0,0,0,0,1,0,1
0,5,0,181,0,0,0,0,0,1,0
0,4,1,240,0,0,0,0,0,1,1
0,3,0,82,0,0,0,1,1,0,0
1,6,0,0,0,0,0,0,1,0,0
1,6,0,140,0,0,0,0,1,0,0
0,6,0,96,0,0,0,0,0,1,1
0,6,0,62,0,0,0,0,0,1,1
0,5,0,14,0,0,0,0,0,0,0
1,6,0,76,0,0,0,0,2,0,0
0,4,0,158,0,0,0,0,1,0,0
0,5,0,504,0,0,0,0,0,1,1
0,5,0,143,0,0,0,0,1,0,0
0,3,0,53,0,0,0,3,0,0,0
0,6,0,26,0,0,0,0,0,0,1
0,3,0,0,0,0,0,1,1,0,0
0,3,0,9,0,0,0,0,0,1,0
0,5,0,40,0,0,0,0,1,0,0
1,4,0,203,0,0,0,1,0,0,0
0,6,0,306,0,0,0,0,3,1,0
1,3,0,6,0,0,0,5,1,0,0
0,4,0,66,0,0,0,1,2,0,0
1,6,0,34,0,0,0,0,2,0,0
1,6,0,0,0,2,0,0,1,0,0
1,4,1,168,0,0,0,0,0,1,1
1,6,0,48,0,0,0,0,3,0,0
0,6,0,75,0,0,0,0,1,0,0
0,4,0,41,0,0,0,0,0,1,1
1,3,0,2,0,0,0,0,0,0,0
1,6,0,27,0,0,0,0,1,0,0
0,6,0,227,0,0,0,0,2,0,0
0,5,1,80,0,0,0,0,0,1,1
0,6,0,57,0,0,0,0,0,0,1
0,6,0,99,0,0,0,0,3,0,0
1,5,0,116,0,0,0,1,1,0,0
0,6,0,2,0,0,0,0,2,0,0
1,4,0,257,0,0,0,0,0,0,0
0,5,0,4,0,1,0,1,0,0,0
1,2,0,1,0,3,0,0,0,0,0
0,5,0,1,0,0,0,0,0,0,0
0,6,0,40,0,0,0,0,2,0,0
0,6,0,50,0,0,0,0,1,1,0
1,6,0,10,0,0,0,1,0,0,0
0,5,0,50,0,0,0,1,0,0,0
0,4,0,137,0,0,0,1,1,0,0
0,5,1,219,0,0,0,0,0,1,1
0,6,0,123,0,0,0,0,0,0,1
1,3,0,154,0,0,0,1,2,0,0
1,6,0,85,0,0,0,0,0,0,1
0,5,1,301,1,0,0,0,0,1,1
1,6,0,114,0,0,0,0,0,1,1
0,6,0,316,0,0,0,0,1,1,1
0,6,0,53,0,0,0,0,0,1,1
0,4,1,339,1,0,0,0,0,1,1
0,6,0,12,0,0,0,2,1,0,0
1,2,0,2,0,0,0,0,0,0,0
0,4,1,87,0,0,0,0,0,1,1
1,5,0,175,0,0,0,1,0,0,0
1,6,0,6,0,0,0,0,0,0,0
1,6,0,42,0,0,0,0,0,0,1
0,6,0,91,0,0,0,0,1,1,0
1,6,0,3,0,0,0,0,1,0,0
1,6,0,36,0,0,0,0,0,0,1
1,4,0,254,0,0,0,0,0,0,0
0,6,0,139,0,0,0,0,1,1,0
0,5,1,146,0,0,50,0,0,1,1
0,6,0,77,0,0,0,0,0,1,1
1,4,0,213,0,0,0,0,0,1,0
0,4,0,28,0,0,0,0,0,1,1
0,6,0,255,0,0,0,0,0,1,1
0,1,0,2,0,15,0,0,2,0,0
1,4,0,213,0,0,0,0,0,0,0
1,6,0,17,0,0,0,0,0,1,1
1,6,0,265,0,0,0,1,1,1,1
1,4,0,386,0,4,0,1,0,0,0
1,5,0,15,0,0,0,1,0,0,0
1,3,0,106,0,0,0,0,1,0,0
1,6,0,294,0,1,0,0,1,0,0
0,4,1,622,0,0,0,0,0,1,1
1,6,0,48,0,0,0,0,0,0,1
1,4,1,259,1,0,0,0,0,1,1
0,6,0,13,0,0,0,0,1,0,0
1,6,0,3,0,0,0,0,1,0,0
0,4,0,316,0,0,0,3,2,0,0
0,6,0,68,0,0,0,0,2,0,0
0,6,0,63,0,0,0,0,2,0,0
0,5,0,169,0,0,48,0,0,1,1
0,5,0,39,0,0,0,1,0,0,0
0,6,0,14,0,0,0,0,0,1,1
1,4,1,92,1,0,0,0,0,1,1
0,5,0,53,0,0,0,0,0,0,0
1,3,0,25,0,0,0,0,0,0,0
0,6,0,157,0,0,0,0,0,0,1
0,6,0,199,0,0,0,0,2,0,0
0,6,0,33,0,0,0,0,2,1,0
0,4,1,73,0,0,0,0,0,1,1
0,3,0,71,0,0,0,0,3,0,0
0,3,0,16,0,0,0,1,1,0,0
0,4,1,531,0,0,0,0,0,1,1
1,6,0,44,0,0,0,0,0,1,1
0,5,0,90,0,0,0,0,0,1,0
1,5,0,242,0,0,0,2,1,0,0
0,2,0,17,0,0,0,3,1,0,0
1,6,0,71,0,0,0,0,2,0,0
1,6,0,0,0,0,0,1,1,0,0
0,6,0,51,0,0,0,0,2,1,0
1,6,0,238,0,0,0,0,2,1,0
1,5,0,195,0,0,0,0,0,0,0
1,3,0,41,0,0,0,0,1,0,0
1,6,0,37,0,0,0,0,0,0,0
0,6,0,110,0,0,0,0,1,1,0
0,6,0,86,0,0,0,0,1,0,0
1,5,0,78,0,0,0,0,0,0,0
1,3,0,71,0,0,0,0,0,0,0
0,4,1,16,0,0,0,0,0,1,1
0,6,0,17,0,0,0,0,0,1,0
1,1,0,6,0,0,0,0,1,0,0
0,3,0,2,0,0,0,0,0,0,0
0,5,1,161,0,0,101,0,0,1,1
1,4,0,31,0,0,0,0,0,0,0
0,4,1,277,0,0,0,0,0,1,1
1,6,0,27,0,0,0,0,1,0,0
0,6,0,42,0,0,0,0,2,0,0
1,4,0,109,0,0,0,0,0,0,0
0,4,1,59,0,0,0,0,0,1,1
0,6,0,1,0,0,0,0,1,0,0
0,6,0,91,0,0,0,2,4,0,0
1,5,0,46,0,0,0,2,0,0,0
0,3,0,159,0,0,0,0,0,0,0
0,6,0,317,0,0,0,0,0,1,1
0,4,1,292,1,0,0,0,0,1,1
0,6,0,35,0,0,0,1,1,0,0
0,6,0,6,0,0,0,0,2,0,0
0,6,0,57,0,0,0,0,0,1,1
0,6,0,71,0,0,0,0,1,0,0
1,2,0,8,1,2,0,0,1,0,0
1,5,0,150,0,0,0,0,0,0,0
0,6,0,1,0,0,0,0,0,0,0
0,6,1,229,0,0,0,0,0,1,1
0,5,1,325,1,0,0,0,0,1,1
0,6,0,122,0,0,0,1,1,1,0
0,6,0,10,0,0,0,0,0,0,1
1,6,0,30,0,0,0,0,1,1,0
0,3,0,56,0,0,0,0,1,0,0
1,3,0,9,0,0,0,0,0,0,0
0,5,0,5,0,0,0,0,0,0,0
0,6,0,82,0,0,0,0,0,1,1
1,3,0,10,0,0,0,0,2,1,0
1,3,0,77,0,0,0,1,2,1,0
0,3,0,0,0,0,0,0,0,0,0
1,6,0,138,0,0,0,0,2,0,0
0,6,0,8,0,0,0,0,0,0,0
1,4,0,11,0,0,0,0,1,0,0
1,5,0,196,0,0,0,0,0,0,0
0,6,0,6,0,0,0,0,2,1,0
0,4,1,179,0,0,0,0,0,1,1
1,3,0,14,0,0,0,0,2,1,0
0,3,0,15,0,0,0,0,0,0,0
0,5,0,63,0,0,0,1,0,0,0
1,6,0,331,0,0,0,0,1,1,1
0,4,1,65,0,0,0,0,0,1,1
1,3,0,3,0,0,0,1,0,1,0
0,6,0,55,0,0,0,0,1,0,0
0,6,0,69,0,0,0,0,0,0,1
1,5,0,46,0,0,0,0,2,0,0
0,4,0,46,0,0,0,0,0,1,1
1,3,0,0,0,0,0,0,0,0,0
1,6,0,56,0,0,0,0,1,0,0
0,6,0,18,0,0,0,0,1,0,0
0,5,0,150,0,0,0,0,1,0,0
0,5,1,34,1,0,0,0,0,1,1
0,4,1,451,0,0,0,0,0,1,1
0,5,0,1,0,0,0,0,0,0,0
0,5,0,131,0,0,0,0,0,1,1
0,6,0,331,0,0,0,0,0,1,1
0,4,1,277,0,0,0,0,0,1,1
0,6,0,60,0,0,0,0,0,1,1
1,3,0,1,0,0,0,0,1,0,0
0,6,0,30,0,0,0,0,0,0,1
0,4,1,295,0,0,0,0,0,1,1
0,5,0,57,0,0,0,0,1,0,0
0,1,0,1,0,24,0,0,2,0,0
1,6,0,17,0,0,0,0,1,0,0
0,4,1,330,0,0,0,0,0,1,1
0,6,0,24,0,0,0,0,2,0,0
0,4,1,297,1,0,0,0,0,1,1
1,5,0,19,0,0,0,0,0,0,0
0,5,0,150,0,0,0,1,1,0,0
1,2,0,78,0,0,0,0,0,0,0
1,3,0,113,0,0,0,1,1,0,0
0,5,0,175,0,0,0,0,0,0,0
1,4,0,336,0,0,0,1,0,0,0
1,4,1,140,0,0,0,0,0,1,1
1,6,0,326,0,0,0,0,2,0,0
1,6,0,50,0,0,0,0,1,0,0
1,5,0,214,1,0,0,0,0,1,1
0,6,0,20,0,0,0,0,1,1,0
0,3,0,98,0,0,0,1,1,0,0
1,5,0,231,0,0,0,1,1,0,1
1,5,0,50,0,0,0,0,3,0,0
0,5,1,103,0,0,0,0,0,1,1
0,1,0,7,0,0,0,1,1,0,0
0,2,0,28,0,0,0,0,0,0,0
1,6,0,116,0,0,0,0,3,0,0
1,6,0,6,0,0,0,0,1,1,0
0,6,0,105,0,0,0,0,0,1,1
0,2,0,4,0,0,0,0,0,0,0
1,5,0,249,0,0,0,0,1,0,0
1,5,0,120,0,0,0,1,0,0,0
1,6,0,63,0,0,0,2,1,0,0
0,5,1,34,1,0,0,0,0,1,1
0,6,0,4,0,0,0,0,0,0,0
1,6,0,37,0,0,0,0,1,0,0
0,3,0,17,0,0,0,2,1,0,0
0,4,1,290,1,0,0,0,0,1,1
0,6,0,106,0,0,0,0,0,1,1
0,6,0,57,0,0,0,0,1,0,0
0,6,0,112,0,0,0,0,0,0,1
0,5,1,146,1,0,28,0,0,1,1
1,6,0,15,0,0,0,0,1,0,0
0,5,1,245,0,0,0,0,0,1,1
1,6,0,111,0,0,0,0,0,0,1
0,5,0,465,0,0,0,0,0,0,0
1,6,0,175,0,0,0,0,1,1,1
0,6,0,103,0,0,0,0,1,0,0
1,6,0,110,0,0,0,1,2,0,0
1,5,0,209,0,0,0,0,0,0,0
0,6,0,172,0,0,0,0,2,0,0
1,6,0,34,0,0,0,0,1,0,0
0,4,1,82,0,0,0,0,0,1,1
1,6,0,9,0,0,0,0,0,0,0
1,6,0,12,0,0,0,0,1,0,0
0,4,1,198,0,0,0,0,0,1,1
0,4,0,24,0,0,0,1,0,0,0
0,6,0,1,0,0,0,0,0,0,0
1,3,0,1,0,0,0,0,0,0,0
0,6,0,4,0,0,0,0,0,0,0
0,4,0,423,0,0,0,0,1,0,0
1,6,0,26,1,0,0,0,1,1,1
0,2,0,4,2,3,0,0,1,0,0
0,5,0,290,0,0,108,0,0,1,1
0,6,0,52,0,0,0,0,2,1,0
1,5,0,150,0,0,0,0,2,0,0
1,6,0,265,0,0,0,3,2,1,0
1,5,0,81,0,0,0,0,1,0,0
0,3,0,0,0,0,0,0,0,0,0
1,4,0,82,1,0,0,0,0,1,1
1,2,0,12,1,7,0,0,0,0,0
0,6,0,84,0,0,0,1,1,0,0
0,3,0,5,0,0,5,0,2,1,0
0,2,0,6,0,0,0,0,0,0,0
0,6,0,50,0,0,0,0,0,1,1
0,3,0,0,0,0,0,0,0,0,0
1,6,0,214,0,0,0,0,0,1,1
1,4,0,22,0,0,0,2,0,1,0
0,6,0,8,0,0,0,0,1,0,0
0,6,0,107,0,0,0,0,0,0,0
0,6,0,268,0,0,0,0,2,1,0
0,4,0,47,0,0,0,3,1,0,0
0,5,0,423,0,0,0,1,0,0,0
0,6,0,35,0,0,0,0,1,1,0
0,5,1,322,0,0,120,0,0,1,1
1,6,0,141,0,0,0,0,1,1,1
0,6,0,33,0,0,0,0,1,0,0
0,6,0,357,0,0,0,0,1,1,1
0,6,0,201,0,0,0,0,0,1,0
0,5,0,53,0,0,0,0,0,0,0
0,6,0,110,0,0,0,0,0,0,1
1,4,0,225,0,0,0,2,0,0,0
0,6,0,217,0,0,0,0,2,0,0
1,3,0,0,0,1,0,0,0,0,0
0,4,1,72,1,0,0,0,0,1,1
0,5,1,180,1,0,38,0,0,1,1
1,5,0,291,0,0,0,0,1,1,0
0,6,0,1,0,0,0,0,1,0,0
0,4,1,98,0,0,10,0,0,1,1
0,6,0,171,0,0,0,0,0,1,1
0,4,0,72,0,0,58,1,0,0,0
1,3,0,0,0,0,0,3,0,0,0
0,6,0,13,0,0,0,0,2,1,0
0,6,0,19,0,0,0,0,0,0,1
1,5,0,213,0,0,0,0,0,0,0
1,3,0,2,0,0,0,0,1,0,0
0,3,0,62,0,0,0,0,0,0,0
1,4,2,169,0,0,0,2,0,0,0
0,6,0,216,0,0,0,0,0,0,1
0,6,0,37,0,0,0,0,2,0,0
0,6,0,144,0,0,0,0,1,0,0
1,3,0,174,0,0,0,1,1,0,0
1,4,0,155,0,0,0,1,0,0,0
0,5,0,14,0,0,0,0,0,0,0
0,6,0,4,0,0,0,0,2,0,0
0,6,0,26,0,0,0,0,0,1,1
1,6,0,18,0,0,0,1,1,0,0
1,3,0,4,0,0,0,0,0,0,0
0,6,0,74,0,0,0,0,1,0,0
0,5,0,17,0,0,0,0,1,0,0
1,5,0,139,0,0,0,1,0,0,0
1,6,0,1,0,0,0,0,0,0,0
0,6,0,51,0,0,0,4,0,1,0
0,6,0,67,0,0,0,0,1,0,0
1,6,0,207,0,0,0,2,1,1,1
0,5,0,256,0,0,0,0,0,0,0
1,5,0,155,1,0,0,0,3,1,1
0,6,0,19,0,0,0,0,0,1,1
0,6,0,16,0,0,0,0,1,0,0
0,5,0,31,0,0,0,0,0,1,0
0,6,0,205,0,0,0,1,0,0,0
0,6,0,0,0,0,0,0,0,0,0
0,6,0,27,0,0,0,0,2,0,0
1,6,0,15,0,0,0,0,0,1,0
0,6,0,41,0,0,0,0,0,1,1
1,6,0,20,0,0,0,0,0,0,1
0,3,0,0,0,0,0,0,0,0,0
0,6,0,7,0,0,0,0,1,0,0
1,6,0,15,0,0,0,0,1,0,0
0,4,1,179,1,0,0,0,0,1,1
0,3,0,17,0,0,0,0,1,0,0
0,6,0,85,0,0,0,0,0,1,1
0,6,0,16,0,0,0,0,0,0,1
1,5,0,41,0,0,0,1,0,0,0
0,4,1,92,0,0,0,0,0,1,1
0,6,0,69,0,0,0,0,2,0,0
1,4,1,106,0,0,0,0,0,1,1
0,6,0,21,0,0,0,1,1,0,0
1,6,0,59,0,0,0,0,2,0,1
0,4,0,2,0,0,0,0,0,0,0
0,6,0,10,0,0,0,0,2,0,0
0,5,0,1,0,0,0,0,0,0,0
1,6,0,3,0,0,0,0,0,1,0
0,4,0,48,0,0,0,0,1,0,0
0,2,0,7,0,0,0,0,0,0,0
0,6,0,71,0,0,0,0,0,1,1
0,6,0,225,0,0,0,0,0,0,1
0,4,0,261,0,0,0,0,0,1,1
1,3,0,0,0,0,0,0,1,0,0
1,6,0,32,0,0,0,0,0,0,1
0,5,0,186,0,0,0,1,0,0,0
0,5,0,75,0,0,0,0,0,0,0
0,2,0,7,0,0,0,0,0,0,0
0,5,1,373,0,0,0,0,0,1,1
1,3,0,24,0,0,0,0,0,0,0
0,6,0,81,0,0,0,2,0,0,1
1,6,0,27,0,0,0,0,1,1,0
0,3,0,182,0,0,0,0,1,0,0
0,6,0,21,0,0,0,0,1,0,0
0,4,0,414,0,0,0,0,1,0,0
0,6,0,267,0,0,0,0,0,1,1
0,6,0,10,0,0,0,0,1,0,0
1,6,0,102,0,0,0,0,0,1,1
1,5,0,110,0,0,0,0,0,0,0
0,6,0,36,0,0,0,0,0,0,1
1,6,0,76,0,0,0,1,3,0,0
0,6,0,0,0,0,0,0,0,0,0
1,4,0,189,0,0,0,0,0,1,1
0,3,0,29,0,0,0,0,0,1,0
0,3,0,42,0,0,0,1,0,0,0
0,3,0,0,0,0,0,0,0,0,0
0,6,0,41,0,0,0,0,2,0,0
0,6,0,6,0,0,0,0,0,0,0
0,5,0,105,0,0,0,0,0,1,0
1,2,0,0,0,2,0,2,0,0,0
0,6,0,26,0,0,0,0,1,1,0
1,6,0,0,0,0,0,0,2,0,0
0,6,0,171,0,0,0,0,0,1,1
0,4,0,6,0,0,0,0,1,0,0
1,6,0,81,0,0,0,0,0,1,1
0,6,0,131,0,0,0,2,1,0,1
0,6,0,45,0,0,0,0,2,0,0
0,6,0,2,0,0,0,0,1,0,0
0,6,0,218,0,0,0,0,0,1,1
0,4,0,59,0,0,0,0,0,0,0
0,3,0,9,0,0,0,0,0,0,0
0,5,0,32,0,0,0,0,0,0,0
0,6,0,34,0,0,0,0,1,1,0
1,1,0,23,0,0,0,0,1,0,0
0,4,1,184,0,0,0,0,0,1,1
1,5,0,52,0,0,0,0,0,0,0
0,6,0,151,0,0,0,2,2,0,0
1,5,0,201,0,0,0,3,2,0,0
0,4,0,36,0,0,0,0,0,0,0
0,6,0,2,0,0,0,1,0,0,0
0,5,0,418,0,0,223,0,0,0,0
0,6,0,183,0,0,0,0,2,0,1
1,3,0,66,0,0,0,0,0,1,0
0,6,0,40,0,0,0,0,1,0,0
0,5,0,98,0,0,0,0,0,0,0
0,6,0,324,0,0,0,0,1,1,0
0,3,0,14,0,0,0,0,1,0,0
1,4,1,83,0,0,0,0,0,1,1
1,6,0,115,0,0,0,0,2,0,0
0,6,0,206,0,0,0,0,3,0,1
0,5,0,177,0,0,0,0,0,1,1
0,3,0,0,0,0,0,0,0,0,0
0,6,0,102,0,0,0,0,1,0,0
0,4,0,22,0,0,0,1,0,0,0
1,6,0,133,0,0,0,0,2,0,0
1,5,0,187,0,0,0,0,0,0,0
0,5,0,28,0,0,0,0,0,0,0
0,6,0,64,0,0,0,0,0,1,1
0,6,0,73,0,0,0,0,0,0,1
0,6,0,18,0,0,0,0,1,1,0
0,6,0,25,0,0,0,0,2,0,0
0,6,0,42,0,0,0,0,2,0,0
0,5,0,192,0,0,0,0,0,0,0
1,3,0,28,0,0,0,1,1,0,0
0,6,0,0,0,0,0,0,1,0,0
0,6,0,21,0,0,0,0,1,1,0
0,6,0,97,0,0,0,0,0,0,1
0,6,0,1,0,0,0,0,0,0,0
1,5,0,123,0,0,0,0,1,0,0
0,6,0,7,0,0,0,0,2,0,0
1,6,0,2,0,1,0,0,2,0,0
0,3,0,17,0,0,0,0,2,0,1
0,4,1,437,0,0,0,0,0,1,1
1,3,0,273,0,0,0,0,1,0,0
0,4,0,98,0,0,0,0,0,1,0
1,6,0,0,0,1,0,0,0,0,0
0,5,0,172,0,0,0,0,0,1,1
1,6,0,154,0,0,0,2,0,1,0
1,3,0,160,0,0,0,0,2,0,0
0,6,0,224,0,0,0,0,0,0,1
0,6,0,5,0,0,0,0,2,0,0
1,3,0,0,0,0,0,2,0,0,0
1,2,0,8,0,0,0,0,0,1,0
0,5,0,104,0,0,0,1,1,0,1
0,4,1,68,1,0,0,0,0,1,1
1,6,0,167,0,0,0,0,3,1,1
0,6,0,294,0,0,0,0,1,1,1
0,6,0,21,0,0,0,0,2,0,0
1,4,1,304,0,0,0,0,0,1,1
0,5,0,60,0,0,0,0,1,1,0
1,6,0,2,0,2,0,0,1,0,0
0,3,0,60,0,0,0,0,0,1,1
1,6,0,234,0,0,0,0,0,1,1
1,5,0,171,0,0,0,0,0,0,0
0,2,0,4,0,0,0,0,0,0,0
0,6,0,166,0,0,0,0,2,1,0
0,6,0,39,0,0,0,0,1,0,0
0,6,0,19,0,0,0,0,1,1,0
1,6,0,176,0,0,0,1,2,0,0
1,6,0,89,0,0,0,1,1,0,0
0,6,0,1,0,0,0,2,1,0,0
0,2,0,4,0,5,0,1,0,0,0
0,4,0,279,1,0,0,0,0,1,1
0,5,1,148,0,0,79,0,0,1,1
1,5,0,239,3,0,0,0,0,1,1
0,6,0,3,0,0,0,0,1,0,0
1,5,0,227,0,0,0,0,1,0,0
0,5,0,52,0,0,0,0,0,1,0
0,6,0,0,0,0,0,0,0,0,0
0,6,0,23,0,0,0,0,0,1,1
1,6,0,179,0,0,0,0,0,0,1
0,6,0,70,0,0,0,0,0,0,1
0,6,0,35,0,0,0,0,3,0,0
0,3,0,4,0,0,0,0,0,0,0
1,6,0,1,0,0,0,0,1,0,0
1,4,0,225,0,0,0,2,0,0,0
0,5,1,56,0,0,0,0,0,1,1
0,5,0,0,0,0,0,0,0,0,0
0,4,0,462,0,0,0,0,0,1,1
0,4,1,320,0,0,0,0,0,1,1
0,6,0,31,0,0,0,0,2,1,0
0,5,0,32,0,0,0,0,0,0,0
0,5,0,62,0,0,0,0,0,0,0
0,3,0,0,0,0,0,1,0,0,0
0,5,0,32,0,0,0,1,0,0,0
0,6,0,70,0,0,0,0,0,0,1
0,3,0,34,0,0,0,0,2,1,0
1,6,0,19,0,0,0,0,1,1,0
0,2,0,0,0,0,0,0,0,0,0
1,5,0,171,0,0,0,0,4,0,0
0,6,0,1,0,0,0,0,0,0,0
0,6,0,87,0,0,0,0,0,1,1
0,5,0,0,0,0,0,0,0,1,0
0,4,1,344,0,0,0,0,0,1,1
0,5,0,154,0,0,0,0,0,0,0
1,5,0,20,0,0,0,0,0,1,0
1,5,0,204,0,0,0,0,1,0,0
0,4,1,372,0,0,0,0,0,1,1
1,6,0,17,0,0,0,0,0,0,1
0,4,1,68,1,0,0,0,0,1,1
1,6,0,65,0,0,0,0,0,1,1
0,6,0,13,0,0,0,0,1,1,0
1,3,0,0,0,0,0,0,0,0,0
0,6,0,21,0,0,0,0,0,1,1
0,5,0,0,0,0,0,0,0,0,0
1,6,0,5,0,0,0,0,2,0,0
0,4,0,448,0,0,0,0,2,0,0
0,4,1,28,0,0,0,0,0,1,1
1,4,1,111,0,0,0,0,0,1,1
0,5,0,102,0,0,0,0,0,0,0
0,5,0,183,0,0,0,0,1,0,0
0,5,0,34,0,0,0,0,0,0,0
0,6,0,122,0,0,0,0,1,0,0
1,5,0,168,0,0,0,0,0,0,0
1,3,0,172,0,0,0,1,1,0,0
0,6,0,14,0,0,0,0,1,0,0
1,5,0,45,0,0,0,0,1,0,0
0,3,0,1,0,0,0,0,0,0,0
0,6,0,29,0,0,0,0,0,0,1
1,5,0,39,0,4,0,1,0,0,0
0,5,0,110,0,0,0,0,0,1,1
1,6,0,1,0,0,0,0,1,0,0
0,2,0,6,0,0,1,0,1,0,0
1,6,0,92,0,0,0,0,1,1,0
1,6,0,29,0,0,0,0,1,0,0
0,5,0,418,0,0,223,0,0,1,0
1,5,0,233,0,0,0,0,1,0,0
0,6,0,178,0,0,0,0,2,0,0
0,6,0,46,0,0,0,0,0,1,1
0,4,1,423,0,0,0,0,0,1,1
0,6,0,67,0,0,0,0,0,1,1
0,5,0,148,0,0,0,0,0,0,0
0,6,0,186,0,0,0,0,1,1,1
0,5,1,113,1,0,44,0,0,1,1
0,6,0,175,1,0,0,0,1,1,1
1,3,0,7,0,0,0,0,0,1,0
0,4,1,200,1,0,0,0,0,1,1
0,4,1,334,1,0,0,0,0,1,1
1,5,0,28,0,1,0,0,0,0,0
0,4,0,288,0,0,236,0,0,0,0
0,4,0,8,0,0,0,0,0,0,0
1,6,0,279,0,0,0,0,2,1,1
0,6,0,21,0,0,0,0,1,0,0
1,5,0,23,0,0,0,0,1,0,0
1,5,0,0,0,0,0,0,0,0,0
1,6,0,0,0,0,0,1,0,0,0
0,6,0,294,0,0,0,0,2,1,1
1,5,0,172,0,0,0,0,0,0,0
0,4,1,316,0,0,0,0,0,1,1
1,5,0,209,0,0,0,0,0,0,0
0,6,0,29,0,0,0,0,0,1,1
0,6,0,35,0,0,0,0,1,0,0
1,3,0,0,0,0,0,0,0,0,0
0,5,0,292,0,0,0,0,0,0,0
0,4,0,19,0,0,0,0,0,1,0
0,3,0,61,0,0,0,0,1,0,0
1,6,0,28,0,0,0,0,0,1,0
1,2,0,7,0,0,0,0,0,0,0
0,6,0,1,0,0,0,1,1,0,0
0,6,0,105,0,0,0,0,2,0,0
1,6,0,28,0,0,0,0,1,1,0
1,6,0,49,0,0,0,0,1,1,0
1,3,0,27,0,0,0,1,1,0,0
0,6,0,61,0,0,0,0,0,1,1
1,5,0,236,0,0,0,0,1,0,0
0,6,0,0,0,0,0,0,1,0,0
0,6,0,220,0,0,0,1,1,1,0
0,6,0,21,0,0,0,0,1,0,0
0,6,0,24,0,0,0,1,1,1,1
0,5,0,116,0,0,0,2,0,0,1
1,5,0,160,0,0,0,0,1,0,0
0,6,0,158,0,0,0,0,1,1,0
0,6,0,7,0,0,0,1,1,0,0
1,6,0,123,0,2,0,0,1,0,0
1,5,0,100,0,0,0,0,0,0,0
1,5,0,25,0,0,0,0,0,0,0
0,3,0,107,0,0,0,0,1,0,0
1,6,0,65,0,0,0,0,0,1,1
0,6,0,49,0,0,0,0,1,0,0
0,5,0,468,0,0,0,0,1,0,0
1,5,0,3,0,0,0,0,1,0,0
1,3,0,0,0,0,0,0,0,0,0
0,6,0,50,0,0,0,0,1,0,0
1,4,0,364,0,0,0,0,0,0,0
0,6,0,134,0,0,0,0,1,1,0
1,5,0,72,0,0,0,0,0,0,0
0,3,0,78,0,0,0,0,1,1,0
1,4,0,254,0,0,0,1,0,0,0
1,6,0,15,0,0,0,0,0,1,0
0,4,1,608,0,0,0,0,0,1,1
1,6,0,0,0,0,0,0,0,0,0
1,4,0,336,0,0,0,0,0,0,0
1,5,0,12,0,0,0,1,1,0,0
1,6,0,5,0,0,0,0,1,0,0
1,6,0,9,0,0,0,0,2,0,0
0,4,0,140,0,0,87,0,0,0,0
0,6,0,75,0,0,0,0,1,1,0
0,6,0,17,0,0,0,0,1,0,0
1,6,0,0,0,0,0,0,0,0,0
1,6,0,9,0,0,0,0,0,1,0
1,4,0,253,0,0,0,0,0,0,0
0,5,0,110,0,0,0,0,0,1,1
0,4,1,186,0,0,0,0,0,1,1
0,4,1,37,0,0,0,0,0,1,1
0,6,0,2,0,0,0,0,0,0,0
0,4,1,186,0,0,0,0,0,1,1
0,4,0,7,0,0,0,0,0,0,0
1,1,0,5,0,0,0,0,2,0,0
0,3,0,65,0,0,0,2,0,1,1
0,6,0,187,0,0,0,0,0,0,1
0,6,0,5,0,0,0,0,0,0,0
1,3,0,10,0,0,0,1,1,0,0
0,6,0,84,0,0,0,1,0,0,0
0,4,1,309,0,0,0,0,0,1,1
0,3,0,156,0,0,0,0,1,0,0
0,3,0,14,0,0,0,1,1,0,0
0,4,0,79,0,0,0,1,0,0,0
1,6,0,153,0,0,0,0,2,0,0
0,3,0,62,0,0,0,0,3,0,0
0,4,1,451,0,0,0,0,0,1,1
0,6,0,27,0,0,0,0,1,1,0
0,6,0,137,0,0,0,0,1,0,0
0,3,0,20,0,0,0,0,1,0,0
0,6,0,158,0,0,0,9,0,0,0
0,6,0,4,0,0,0,0,0,1,0
1,5,0,110,0,0,0,0,0,0,0
0,5,0,122,0,0,56,0,0,0,0
0,6,0,175,0,0,0,0,2,1,0
1,5,0,29,0,0,0,0,1,0,0
1,6,0,16,0,0,0,0,1,0,0
0,6,0,36,0,0,0,0,0,1,1
0,6,0,108,0,0,0,0,1,0,0
1,5,0,63,0,0,0,0,0,0,0
0,5,1,275,0,0,69,0,0,1,1
0,4,1,566,0,0,0,0,0,1,1
1,5,0,53,0,0,0,0,0,0,0
0,6,0,191,0,0,0,0,0,1,1
1,6,0,262,0,0,0,0,2,1,1
0,3,0,7,0,0,0,0,1,0,0
1,6,0,39,0,0,0,0,0,0,0
0,3,0,9,1,0,0,0,1,1,1
0,3,0,42,0,0,0,0,1,0,0
1,6,0,159,1,0,0,0,0,1,1
1,4,0,72,0,0,0,0,0,1,1
0,1,0,7,0,0,0,1,1,0,0
1,5,0,191,0,0,0,0,0,1,0
0,6,0,73,0,0,0,0,0,1,1
1,3,0,8,0,0,0,0,0,0,0
0,6,0,32,0,0,0,1,1,0,0
0,5,1,188,0,0,39,0,0,1,1
1,6,0,128,0,0,0,0,1,1,1
0,6,0,215,0,0,0,0,2,0,0
1,3,0,0,0,0,0,2,0,0,0
1,6,0,311,0,0,0,0,1,1,1
1,6,0,92,0,0,0,0,2,0,0
0,6,0,31,0,0,0,0,0,1,1
0,2,0,15,0,0,0,1,0,0,0
1,6,0,43,0,0,0,0,1,0,0
0,5,0,7,0,0,0,0,0,0,0
0,6,0,43,0,0,0,0,1,0,0
1,6,0,121,0,0,0,0,2,0,0
1,5,0,8,0,0,0,0,0,0,0
0,6,0,87,0,0,0,0,1,0,0
0,6,0,21,0,0,0,0,1,0,0
1,3,0,28,0,0,0,2,3,0,0
0,6,0,16,0,0,0,1,1,0,0
1,3,0,0,0,0,0,0,0,0,0
0,6,0,20,0,0,0,0,1,0,0
1,3,0,0,0,0,0,2,0,0,0
0,6,0,70,0,0,0,1,1,1,0
0,6,0,1,0,0,0,0,0,0,0
1,6,0,247,0,0,0,0,1,0,1
0,5,1,305,0,0,0,0,0,1,1
0,5,0,257,0,0,0,0,0,0,0
1,6,0,18,0,0,0,0,0,0,1
0,6,0,26,0,0,0,0,2,0,0
1,6,0,7,0,0,0,0,0,0,0
1,6,0,40,0,0,0,0,1,1,0
0,6,0,0,0,0,0,0,1,1,0
1,3,0,9,0,0,0,1,1,0,0
0,6,0,103,0,0,0,0,0,0,1
1,6,0,52,0,0,0,0,0,1,1
1,6,0,114,0,0,0,0,1,0,1
0,4,1,198,0,0,0,0,0,1,1
1,3,0,83,0,0,0,1,1,0,0
0,6,0,132,0,0,0,0,2,0,0
1,6,0,1,0,0,0,0,0,0,0
0,5,0,86,0,0,0,0,0,1,0
0,6,0,107,0,0,0,0,2,0,0
0,2,0,3,0,0,0,0,0,0,0
0,6,0,12,0,0,0,0,0,0,1
0,3,0,154,0,0,0,0,0,0,0
0,6,0,27,0,0,0,0,0,1,1
0,3,0,20,0,0,0,0,0,0,0
0,5,0,43,0,0,0,0,0,0,0
0,6,0,49,0,0,0,0,1,0,0
1,6,0,109,0,0,0,0,0,1,1
0,6,0,104,0,0,0,0,0,0,1
1,3,0,8,0,0,0,0,0,0,0
1,6,0,115,0,0,0,0,1,1,0
0,5,0,129,0,0,0,0,0,0,0
1,2,0,0,0,0,0,1,0,0,0
0,5,0,2,0,0,0,0,0,0,0
0,6,0,1,0,0,0,0,0,0,0
1,6,0,43,0,0,0,0,0,1,1
1,6,0,1,0,0,0,0,1,0,0
0,4,1,405,0,0,0,0,0,1,1
1,4,0,251,0,0,0,0,0,0,0
0,6,0,29,0,0,0,0,2,0,0
1,3,0,0,0,0,0,0,0,0,0
1,6,0,13,0,0,0,0,0,0,1
0,2,1,38,0,0,0,0,0,1,1
1,4,0,107,0,0,0,1,0,0,0
0,5,0,117,0,0,0,2,0,0,0
0,5,0,60,0,0,0,0,0,0,0
0,3,0,3,0,0,0,0,0,0,0
0,4,1,184,0,0,0,0,0,1,1
0,6,0,72,0,0,0,0,4,0,0
1,4,0,24,0,0,0,0,0,0,0
1,6,0,104,0,0,0,0,1,0,0
1,6,0,63,0,0,0,0,1,0,0
0,6,0,147,0,0,0,0,1,0,0
1,4,0,388,0,0,0,0,0,0,0
0,0,0,6,0,0,0,1,0,0,0
1,3,0,5,0,0,0,0,0,0,0
0,4,1,158,0,0,31,0,0,1,1
0,6,0,206,0,0,0,0,0,1,0
1,5,0,93,0,0,0,0,0,1,0
0,4,1,106,0,0,57,0,0,1,1
1,2,0,24,0,0,0,2,0,0,0
1,4,0,40,0,0,0,0,0,0,0
1,2,0,1,0,9,0,0,2,0,0
1,4,0,153,0,0,0,1,0,0,0
1,6,0,38,0,0,0,1,1,0,0
1,6,0,19,0,0,0,1,0,0,0
0,6,0,83,0,0,0,0,3,0,0
0,6,0,194,0,0,0,0,0,1,1
0,6,0,16,0,0,0,0,0,1,1
0,4,1,276,1,0,0,0,0,1,1
0,4,0,140,0,0,87,1,0,0,0
0,1,0,1,0,0,0,1,2,0,0
0,2,0,0,0,3,0,0,0,0,0
1,3,0,152,0,0,0,0,0,0,0
0,4,1,299,1,0,0,0,0,1,1
0,6,0,15,0,0,0,0,1,0,0
0,6,0,100,0,0,0,1,2,0,0
0,6,0,67,0,0,0,0,1,0,0
0,3,0,158,0,0,0,0,1,0,0
0,6,0,221,1,0,0,0,2,1,1
0,6,0,10,0,0,0,1,2,0,0
0,5,0,97,0,0,0,0,1,0,0
0,5,0,0,0,0,0,0,1,0,0
1,4,0,151,0,0,0,4,0,0,0
1,6,0,144,0,0,0,0,0,1,1
0,6,0,57,0,0,0,0,2,0,0
0,6,0,173,0,0,0,0,0,1,1
0,6,0,37,0,0,0,0,2,0,0
0,5,0,112,0,0,0,0,0,0,0
1,3,0,1,0,0,0,1,1,1,0
1,5,0,354,0,0,0,0,0,1,0
0,6,0,15,0,0,0,0,3,0,0
0,6,0,224,0,0,0,0,2,1,0
0,5,0,395,0,0,0,0,2,0,0
0,6,0,64,0,0,0,0,2,0,0
0,4,1,349,1,0,0,0,0,1,1
0,4,1,358,0,0,0,0,0,1,1
1,6,0,72,0,0,0,0,2,1,0
0,4,1,104,0,0,0,0,0,1,1
1,2,0,6,0,0,0,1,0,0,0
1,5,0,142,0,0,0,0,0,0,0
1,5,0,228,0,0,0,0,0,1,0
0,6,0,61,0,0,0,0,0,1,1
1,5,0,245,0,0,0,0,1,0,0
0,6,0,225,0,0,0,0,0,1,1
0,3,0,1,0,0,0,0,2,1,0
0,4,1,96,0,0,0,0,0,1,1
0,5,1,134,0,0,0,0,0,1,1
0,6,0,36,0,0,0,0,2,0,0
1,2,0,36,0,0,0,1,0,0,0
0,6,0,154,0,0,0,0,1,1,0
0,6,0,28,0,0,0,0,1,0,0
1,6,0,1,0,5,0,0,1,0,0
0,3,0,37,0,0,0,0,0,0,0
1,6,0,26,0,0,0,0,2,0,0
1,6,0,53,0,0,0,0,1,0,0
0,5,0,10,0,0,0,0,0,1,0
1,6,0,0,0,0,0,0,1,0,0
0,4,0,409,0,0,0,0,1,0,0
1,6,0,9,0,0,0,0,0,0,0
1,3,0,326,0,0,0,0,2,1,0
1,3,0,0,0,0,0,0,0,0,0
1,3,0,0,0,0,0,1,0,0,0
0,5,0,40,0,0,0,0,0,0,0
0,6,0,139,0,0,0,0,2,0,0
0,5,0,74,0,0,0,0,0,0,0
1,6,0,0,0,0,0,0,0,0,0
0,6,0,83,0,0,0,0,0,1,1
0,6,0,279,0,0,0,1,2,0,0
0,5,0,130,0,0,0,0,0,0,0
0,6,0,180,0,0,0,0,0,1,1
0,6,0,220,0,0,0,0,3,1,1
0,3,0,25,0,0,0,0,0,1,0
0,6,0,88,0,0,0,0,1,1,0
0,4,1,115,1,0,22,0,0,1,1
0,6,0,122,0,0,0,0,1,0,0
1,6,0,212,0,0,0,0,2,1,1
0,6,0,17,0,0,0,0,3,0,0
0,2,1,113,0,0,0,0,0,1,1
0,5,0,273,0,0,0,0,0,0,0
1,6,0,1,0,0,0,0,0,0,0
0,2,0,40,0,0,0,0,0,0,0
0,4,1,283,0,0,0,0,0,1,1
0,3,0,168,0,0,0,0,0,0,0
1,1,0,8,0,0,0,0,1,0,0
1,6,0,6,0,0,0,0,1,0,0
1,6,0,98,0,0,0,0,2,1,0
1,6,0,34,0,0,0,0,3,0,0
0,4,0,69,0,0,0,0,0,1,0
0,5,0,227,0,0,0,0,0,0,0
1,6,0,0,0,0,0,0,0,0,0
0,4,0,451,0,0,0,0,2,0,0
1,5,0,105,0,0,0,0,0,0,0
0,6,0,87,0,0,0,0,0,0,1
0,6,0,165,0,0,0,2,3,0,0
0,5,1,263,0,0,0,0,0,1,1
0,4,1,120,0,0,0,0,0,1,1
0,5,0,0,0,0,0,1,0,0,0
0,3,0,6,0,0,0,0,0,0,0
0,4,0,68,0,0,0,0,0,0,0
1,3,0,7,0,0,0,1,0,0,0
0,4,1,278,1,0,0,0,0,1,1
1,6,0,132,0,0,0,0,1,0,0
0,3,0,0,0,0,0,1,0,0,0
0,4,0,76,0,0,0,0,0,0,0
0,4,1,405,0,0,0,0,0,1,1
1,6,0,89,0,0,0,0,0,0,1
1,6,0,52,0,0,0,0,0,1,1
0,4,0,140,0,0,87,0,0,0,0
0,6,0,105,0,0,0,0,1,0,0
0,6,0,121,0,0,0,0,2,0,0
0,4,1,129,0,0,0,0,0,1,1
1,3,0,3,0,0,0,0,1,0,0
0,6,0,14,0,0,0,0,2,0,0
0,3,0,0,0,0,0,0,0,0,0
1,6,0,2,0,0,0,0,1,0,0
1,4,0,152,0,0,0,5,1,0,0
1,5,0,152,0,0,0,0,0,0,0
0,6,0,33,0,0,0,0,1,1,0
0,5,1,111,0,0,0,0,0,1,1
1,6,0,294,0,0,0,0,1,0,0
0,5,0,30,0,0,0,0,0,1,0
0,5,0,36,0,0,0,0,0,1,0
0,5,1,102,0,0,0,0,0,1,1
0,6,0,2,11,10,0,0,1,0,0
0,4,1,104,0,0,0,0,0,1,1
1,3,0,1,0,0,0,0,2,0,0
0,5,0,164,0,0,0,0,0,0,0
1,5,0,127,0,0,0,0,0,0,0
0,6,0,198,0,0,0,0,1,0,0
1,5,0,3,0,0,0,0,1,0,0
0,6,0,100,0,0,0,0,0,0,1
1,6,0,31,0,0,0,0,1,0,0
1,3,0,21,0,0,0,0,3,0,0
1,3,0,0,0,0,0,1,0,0,0
0,4,1,457,0,0,391,0,0,1,1
0,6,0,56,0,0,0,0,1,1,0
1,6,0,5,0,0,0,0,0,0,0
0,6,0,0,0,0,0,0,0,0,0
1,5,0,98,0,0,0,1,0,0,0
0,5,0,14,1,0,0,0,0,1,1
0,5,0,30,0,0,0,0,1,0,0
1,6,0,72,0,0,0,0,1,1,0
0,6,0,27,0,0,0,0,1,1,0
0,6,0,71,0,0,0,0,2,0,0
1,3,0,352,0,0,0,0,0,1,1
1,2,0,31,0,0,0,0,0,1,1
0,5,0,296,0,0,0,0,1,0,0
0,4,1,350,0,0,0,0,0,1,1
0,6,0,115,0,0,0,0,0,1,1
0,4,1,251,0,0,93,0,0,1,1
0,6,0,91,0,0,0,0,1,0,0
0,6,0,1,0,0,0,0,1,0,0
1,6,0,174,0,0,0,0,3,0,0
0,6,0,50,0,0,0,0,0,0,1
0,6,0,98,0,0,0,0,0,1,1
1,3,0,0,0,0,0,0,0,0,0
0,5,1,71,0,0,0,0,0,1,1
0,4,1,358,0,0,0,0,0,1,1
0,5,0,42,0,0,0,0,0,1,0
0,6,0,15,0,0,0,0,0,1,1
0,6,0,180,0,0,0,0,3,0,0
0,6,0,74,0,0,0,0,0,0,1
1,4,1,274,1,0,0,0,0,1,1
1,6,0,75,0,0,0,0,1,0,0
0,5,1,44,0,0,3,0,0,1,1
0,6,0,16,0,0,0,0,1,1,0
0,6,0,95,0,0,0,0,1,1,0
0,4,1,318,1,0,0,0,0,1,1
0,6,0,24,0,0,0,0,0,1,1
0,6,0,3,0,0,0,0,2,0,0
1,5,0,17,0,0,0,1,0,0,0
0,6,0,30,0,0,0,0,0,1,1
1,3,0,6,0,0,0,0,0,0,0
1,6,0,113,0,0,0,0,0,0,1
1,6,0,251,0,0,0,0,3,1,0
0,5,0,39,0,0,0,0,1,0,0
0,6,0,209,0,0,0,0,2,0,1
1,6,0,266,0,0,0,0,1,0,0
1,2,0,4,0,0,0,0,0,0,0
0,6,0,267,0,0,0,0,0,1,1
0,4,1,179,1,0,0,0,0,1,1
0,5,1,166,0,0,0,0,0,1,1
0,6,0,166,0,0,0,0,0,1,1
0,3,0,0,0,0,0,0,0,0,0
0,4,0,40,0,0,0,1,1,0,0
0,6,0,104,0,0,0,0,2,0,0
0,6,0,107,0,0,0,0,1,0,0
1,2,0,0,0,3,0,0,0,0,0
0,6,0,40,0,0,0,0,0,0,1
0,5,0,37,0,0,0,0,0,1,1
0,4,0,265,1,0,0,0,0,1,1
1,6,0,47,0,0,0,0,0,1,1
0,5,1,15,0,0,0,0,0,1,1
0,6,0,40,0,0,0,0,1,0,0
0,5,1,193,0,0,39,0,0,1,1
0,4,1,239,1,0,0,0,0,1,1
1,6,0,211,0,0,0,0,1,1,0
0,6,0,66,0,0,0,0,2,0,0
0,6,0,98,0,0,0,0,0,0,1
0,6,0,185,0,0,0,0,0,1,1
1,5,0,32,0,0,0,2,1,0,0
0,4,0,16,0,0,0,0,1,0,0
0,6,0,56,0,0,0,0,1,0,0
0,4,1,290,1,0,0,0,0,1,1
0,6,0,190,0,0,0,0,0,0,1
0,4,1,61,0,0,0,0,0,1,1
0,5,0,73,0,0,0,1,0,0,0
1,3,0,4,0,0,0,0,0,0,0
1,4,0,185,0,0,0,0,0,0,0
0,5,0,11,0,0,0,1,2,0,0
1,6,0,11,0,0,0,0,0,0,0
1,6,0,120,0,0,0,0,0,1,1
0,6,0,17,0,0,0,0,1,0,0
0,6,0,53,0,0,0,0,1,0,0
0,5,0,112,0,0,0,0,0,0,0
1,6,0,194,0,0,0,0,1,1,0
0,6,0,172,0,0,0,0,2,1,0
1,3,0,0,0,0,0,1,0,0,0
0,6,0,30,0,0,0,0,0,0,1
0,5,0,57,0,0,0,0,1,0,0
0,4,0,4,0,0,0,0,0,0,0
0,5,0,14,0,0,0,0,0,1,0
0,6,0,8,0,0,0,0,1,1,0
1,6,0,50,0,0,0,0,1,1,0
0,5,0,43,0,0,0,0,0,0,0
0,3,0,26,0,0,0,1,5,0,0
1,5,0,4,0,7,0,0,0,0,0
1,3,0,0,0,0,0,0,0,0,0
0,6,0,7,0,0,0,0,2,0,0
1,3,0,0,0,0,0,0,0,0,0
0,1,0,1,0,2,0,1,0,0,0
1,6,0,26,0,0,0,0,1,0,0
1,6,0,209,0,0,0,0,0,1,1
1,3,0,11,0,0,0,0,0,0,0
0,6,0,78,0,0,0,0,1,0,0
1,3,0,36,0,0,0,0,0,1,0
0,5,1,109,1,0,44,0,0,1,1
1,2,0,35,0,0,0,3,0,0,0
1,3,0,29,0,0,0,0,1,1,0
0,4,1,104,0,0,0,0,0,1,1
0,5,0,82,0,0,0,0,0,0,0
1,3,0,267,0,0,0,0,1,0,1
0,6,0,55,0,0,0,0,0,1,1
0,4,1,175,0,0,0,0,0,1,1
1,3,0,16,0,0,0,0,0,0,0
0,6,0,49,0,0,0,0,0,1,1
0,3,0,84,0,0,0,1,2,1,0
0,4,1,288,0,0,0,0,0,1,1
0,5,1,465,0,0,0,0,0,1,1
0,2,0,9,0,0,0,1,0,0,0
1,4,0,386,0,0,0,2,0,0,0
0,4,0,263,0,0,0,0,1,0,0
0,6,0,47,0,0,0,0,1,1,0
0,6,0,30,0,0,0,0,1,0,0
1,3,0,47,0,0,0,0,1,0,0
1,5,0,14,0,0,0,2,0,0,0
0,5,0,162,0,0,0,0,2,0,0
0,3,0,0,0,0,0,0,0,0,0
1,2,0,0,0,2,0,0,0,0,0
1,5,0,28,0,0,0,0,0,0,0
0,6,0,50,0,0,0,0,0,1,1
1,6,0,236,0,0,0,0,1,0,0
1,6,0,212,0,0,0,0,2,1,1
0,4,0,38,0,0,0,0,0,1,1
0,6,0,252,0,0,0,0,2,1,0
0,6,0,53,0,0,0,1,2,0,0
0,5,1,134,0,0,0,0,0,1,1
0,6,0,14,0,0,0,0,1,1,0
1,5,0,138,0,0,0,0,0,1,0
1,6,0,0,0,0,0,0,1,0,0
0,6,0,6,0,0,0,0,1,0,0
0,6,0,0,0,0,0,0,0,0,0
0,6,0,105,0,0,0,0,1,0,0
0,4,0,98,0,0,0,1,0,0,0
1,3,0,9,0,0,0,0,0,0,0
0,6,0,147,0,0,0,0,0,0,1
0,6,0,82,0,0,0,0,4,0,0
1,6,0,112,0,0,0,0,1,1,0
0,4,1,266,0,0,32,0,0,1,1
0,6,0,73,0,0,0,0,1,1,0
0,6,0,2,0,0,0,0,0,0,0
1,6,0,114,0,0,0,1,0,1,1
1,6,0,110,0,0,0,0,1,0,1
0,6,0,293,0,0,0,0,1,0,0
0,4,0,297,0,0,236,0,0,0,0
0,3,0,11,0,0,0,1,0,0,0
0,6,0,231,0,0,0,0,2,0,1
0,5,0,58,0,0,0,1,2,0,0
0,6,0,110,0,0,0,0,1,0,0
1,6,0,16,0,0,0,0,1,1,0
1,6,0,161,0,0,0,0,0,1,1
0,6,0,2,0,0,0,0,0,0,0
1,6,0,4,0,0,0,0,0,0,0
1,2,0,0,0,4,0,0,0,0,0
0,6,0,254,0,0,0,0,1,0,0
0,3,0,305,0,0,0,0,1,1,1
1,4,0,342,0,0,0,0,0,0,0
0,6,0,21,0,0,0,0,1,0,0
0,5,0,53,0,0,0,0,0,0,0
0,6,0,7,0,0,0,1,2,0,0
0,5,1,166,0,0,0,0,0,1,1
0,6,0,51,0,0,0,0,1,0,0
0,5,0,335,0,0,0,0,0,0,0
1,4,0,105,0,0,0,0,0,1,1
0,3,0,0,0,0,0,0,1,0,0
1,5,0,65,0,0,0,0,0,0,0
0,3,0,2,0,0,0,1,2,0,0
0,4,0,68,0,0,0,0,0,0,0
0,6,0,53,0,0,0,0,0,1,1
0,3,0,268,0,0,0,0,2,0,0
0,5,0,42,0,0,0,0,0,0,0
0,4,1,358,1,0,0,0,0,1,1
0,6,0,28,0,0,0,0,2,0,0
0,6,0,125,0,0,0,0,0,1,1
0,4,0,20,0,0,0,0,0,0,0
0,3,0,184,0,0,0,2,3,0,0
1,5,0,14,0,0,0,0,0,0,0
0,3,0,34,0,0,0,0,0,0,0
1,3,0,318,0,0,0,3,2,0,0
0,6,0,56,0,0,0,1,2,0,0
1,6,0,0,0,0,0,0,0,0,0
0,5,0,81,0,0,4,0,0,1,1
0,6,0,137,0,0,0,1,1,1,0
1,6,0,19,0,0,0,0,2,1,0
0,6,0,29,0,0,0,0,1,0,0
0,6,0,28,0,0,0,0,0,0,1
0,4,1,350,0,0,0,0,0,1,1
0,6,0,74,0,0,0,0,1,0,0
0,6,0,11,0,0,0,0,0,1,0
1,6,0,0,0,0,0,0,0,0,0
1,5,0,131,0,0,0,1,1,0,0
0,4,1,286,1,0,0,0,0,1,1
0,3,0,5,0,0,0,1,2,0,0
1,4,0,244,1,0,0,0,0,1,1
0,3,0,30,0,0,0,0,0,1,1
0,3,0,119,0,0,0,0,1,0,0
0,3,0,0,0,0,0,0,0,0,0
1,6,0,14,0,0,0,0,1,0,0
0,6,0,249,0,0,0,0,0,1,1
0,6,0,163,0,0,0,0,0,1,1
1,4,1,103,0,0,0,0,0,1,1
1,6,0,152,0,0,0,0,0,1,0
0,6,0,30,0,0,0,0,0,1,1
0,4,1,135,0,0,0,0,0,1,1
0,3,0,162,0,0,0,1,3,0,0
0,5,0,468,0,0,0,0,0,1,1
1,6,0,39,0,0,0,0,1,1,0
0,4,0,98,0,0,0,0,0,0,0
0,6,0,53,0,0,0,0,0,1,1
1,6,0,68,0,0,0,0,3,0,0
0,3,0,8,0,0,0,0,0,0,0
1,4,0,203,0,0,0,0,0,0,0
0,3,0,86,0,0,0,0,1,0,0
1,3,0,130,0,0,0,0,1,0,0
0,6,0,135,0,0,0,0,1,1,0
0,6,0,168,0,0,0,0,0,1,1
0,5,1,80,0,0,0,0,0,1,1
1,6,0,225,0,0,0,0,2,0,1
0,4,1,130,0,0,0,0,0,1,1
0,6,0,102,0,0,0,0,1,1,0
1,5,0,50,0,0,0,0,0,0,0
1,6,0,4,0,0,0,0,1,0,0
0,0,0,1,0,0,0,0,0,0,1
1,6,0,55,0,0,0,0,0,1,1
0,6,0,1,0,0,0,0,1,0,0
0,3,0,15,0,0,0,0,3,0,0
0,4,0,1,1,0,0,0,0,1,1
0,6,0,30,0,0,0,2,0,0,0
0,4,0,84,0,0,0,0,0,0,0
1,6,0,50,0,0,0,0,0,0,0
1,6,0,113,0,0,0,0,1,1,0
0,5,0,41,0,0,0,0,0,0,0
0,2,0,1,0,0,0,1,0,0,0
0,6,0,143,0,0,0,0,2,0,0
0,6,0,9,0,0,0,0,2,0,0
0,2,1,11,0,0,0,0,0,1,1
0,6,0,45,0,0,0,0,2,0,0
1,6,0,305,0,0,0,0,2,1,1
1,2,0,86,0,0,0,2,0,0,0
1,4,1,259,1,0,0,0,0,1,1
0,6,0,165,0,0,0,0,0,0,1
0,3,0,25,0,0,0,0,1,1,0
1,6,0,1,0,0,0,0,1,0,0
1,6,0,61,0,0,0,0,0,0,1
0,6,0,29,0,0,0,0,1,0,0
0,4,0,5,0,0,0,1,0,0,0
0,5,0,2,0,0,0,0,0,0,0
1,6,0,9,0,0,0,0,1,0,0
0,4,0,208,0,0,0,0,0,0,0
1,3,0,72,0,0,0,0,0,1,0
0,4,1,66,0,0,0,0,0,1,1
0,5,0,17,0,0,0,2,0,0,0
0,6,0,49,0,0,0,0,2,0,0
0,5,0,21,0,0,0,0,1,0,0
0,5,0,146,0,0,99,0,0,1,0
0,6,0,0,0,0,0,0,0,0,0
0,6,0,129,0,0,0,0,1,0,0
1,5,0,168,0,0,0,0,0,0,0
1,6,0,53,0,0,0,0,1,1,0
1,5,0,188,0,0,0,0,0,0,0
0,3,0,0,0,0,0,0,0,0,0
0,4,1,468,0,0,0,0,0,1,1
1,5,0,250,0,0,0,0,0,0,0
0,6,0,31,0,0,0,0,1,0,0
1,3,0,0,0,0,0,0,0,0,0
1,6,0,18,0,0,0,0,0,0,1
1,3,0,48,0,0,0,0,1,0,0
0,5,0,405,0,0,0,0,0,0,0
0,5,0,162,0,0,0,0,0,0,0
1,6,0,4,0,0,0,0,1,0,0
1,4,1,93,0,0,0,0,0,1,1
0,6,0,153,0,0,0,0,2,1,0
0,3,0,90,0,0,0,0,1,0,0
0,4,1,181,0,0,0,0,0,1,1
0,4,0,263,0,0,0,2,1,0,0
1,6,0,81,0,0,0,0,0,1,1
0,6,0,39,0,0,0,0,0,0,1
0,4,1,251,0,0,93,0,0,1,1
0,2,0,1,0,16,0,0,1,1,0
0,6,0,34,0,0,0,0,0,0,1
1,4,0,283,0,0,0,0,0,0,0
0,5,0,212,0,0,0,0,1,0,0
1,4,0,289,1,0,0,0,0,1,1
1,4,0,124,0,0,0,1,0,0,1
1,4,0,112,0,0,0,0,0,0,0
0,5,0,15,0,0,0,0,0,0,0
0,4,1,278,1,0,0,0,0,1,1
1,5,0,222,0,0,0,0,0,1,0
0,4,0,274,1,0,0,0,0,1,1
0,6,0,0,0,0,0,0,1,0,0
1,4,0,287,0,0,0,1,0,0,0
1,6,0,60,0,0,0,0,1,0,0
0,6,0,169,0,0,0,3,0,0,0
1,4,0,277,0,0,0,0,0,0,0
0,4,1,42,0,0,0,0,0,1,1
1,3,0,87,0,0,0,0,1,0,0
0,6,0,18,0,0,0,0,1,1,0
1,2,0,6,0,5,0,0,0,0,0
0,6,0,25,0,0,0,0,0,0,0
0,5,0,310,0,0,0,1,0,0,0
1,6,0,211,0,0,0,0,3,1,0
0,6,0,19,0,0,0,0,0,1,1
0,6,0,203,0,0,0,0,0,0,1
0,4,1,92,0,0,0,0,0,1,1
0,6,0,0,0,0,0,0,0,0,0
0,5,1,336,1,0,0,0,0,1,1
0,6,0,64,0,0,0,0,0,1,1
1,3,0,0,0,0,0,0,0,0,0
0,5,1,253,0,0,55,0,0,1,1
0,4,0,168,0,0,0,1,0,0,0
0,4,1,368,0,0,0,0,0,1,1
0,6,0,5,0,0,0,0,0,0,0
0,5,0,133,0,0,0,0,0,0,0
0,6,0,128,0,0,0,0,3,0,0
0,2,1,153,0,0,0,0,0,1,1
1,6,0,0,0,0,0,0,0,0,0
0,6,0,47,0,0,0,0,2,0,0
1,6,0,22,0,0,0,0,0,1,1
1,2,0,35,0,0,0,2,0,0,0
0,6,0,12,0,0,0,0,2,1,0
1,6,0,167,0,0,0,0,3,0,1
0,5,0,286,0,0,44,0,0,0,0
0,6,0,210,0,0,0,0,1,0,0
0,6,0,54,0,0,0,0,1,0,0
1,6,0,2,0,0,0,0,0,0,0
0,6,0,10,0,0,0,2,1,0,0
1,4,0,31,0,0,0,0,1,0,0
0,4,1,173,0,0,0,0,0,1,1
1,5,0,71,0,0,0,1,0,0,0
0,6,0,1,0,0,0,0,2,0,0
0,5,0,61,0,0,0,0,1,0,0
0,6,0,37,0,0,0,1,1,0,0
1,6,0,5,0,6,0,0,1,0,0
0,6,0,177,0,0,0,0,1,1,0
1,3,0,68,0,0,0,0,1,0,0
1,6,0,1,0,0,0,1,1,0,0
0,6,0,13,0,0,0,0,2,0,0
0,3,0,6,0,0,0,2,2,0,0
0,2,0,0,0,12,0,0,0,0,1
0,5,0,181,0,0,0,0,0,0,0
0,6,1,5,0,0,0,0,0,1,1
1,5,0,233,0,0,0,0,0,0,0
1,2,0,61,0,1,0,3,1,0,0
0,6,0,8,0,0,0,0,1,0,0
0,6,0,40,0,0,0,2,1,0,0
1,6,0,42,0,0,0,1,0,0,0
1,5,0,266,0,0,0,0,0,0,0
0,6,0,222,0,0,0,0,1,0,0
0,6,0,179,0,0,0,1,0,1,1
0,3,0,12,0,0,0,0,3,0,0
1,6,0,1,0,0,0,0,0,0,0
0,3,0,8,0,0,0,0,0,0,0
1,4,1,232,0,0,0,0,0,1,1
0,6,0,203,0,0,0,2,0,1,1
1,5,0,166,0,0,0,0,1,0,0
1,6,0,132,0,0,0,1,2,0,0
1,6,0,188,0,0,0,0,2,0,0
1,6,0,264,0,0,0,2,1,1,1
0,6,0,8,0,0,0,0,1,1,0
1,5,0,131,0,0,0,0,0,1,1
0,4,0,189,0,0,0,0,0,1,0
0,6,0,285,0,0,0,0,1,0,1
0,6,0,16,0,0,0,0,1,0,0
0,4,0,300,1,0,0,0,0,1,1
0,6,0,45,0,0,0,0,1,1,0
0,4,1,426,0,0,0,0,0,1,1
1,6,0,23,0,0,0,0,0,1,1
0,5,0,29,0,0,0,0,0,0,0
0,5,0,4,0,0,0,0,0,0,0
0,4,0,462,0,0,0,0,0,1,1
0,6,0,105,0,0,0,0,1,0,0
0,6,0,76,0,0,0,0,2,1,0
0,5,1,150,0,0,91,0,0,1,1
1,6,0,203,0,0,0,0,1,1,0
0,2,0,16,0,0,0,0,0,0,0
0,4,0,330,1,0,0,0,0,1,1
0,6,0,102,0,0,0,0,2,0,0
1,4,0,225,0,0,0,3,0,0,0
0,4,0,184,0,0,0,0,1,0,0
1,5,0,90,0,0,0,0,0,0,0
0,4,0,30,0,0,0,0,0,1,1
1,4,0,144,0,0,0,1,0,1,1
0,6,0,132,0,0,0,0,0,1,0
0,5,0,6,0,0,0,0,0,0,0
1,3,0,1,0,0,0,0,0,0,0
0,3,0,0,0,0,0,0,1,0,0
1,3,0,202,0,0,0,0,1,0,0
0,6,0,160,0,0,0,0,2,1,0
0,4,1,307,1,0,0,0,0,1,1
0,6,0,31,0,0,0,0,0,0,1
1,6,0,67,0,0,0,1,1,0,0
1,5,0,134,0,0,0,0,0,1,1
0,3,0,0,0,0,0,1,0,0,0
1,6,0,158,0,0,0,0,0,0,0
1,6,0,2,0,0,0,0,0,0,0
0,6,0,18,0,0,0,1,0,1,1
0,5,0,38,0,0,0,1,1,0,0
0,5,0,346,0,0,0,0,1,0,0
0,4,1,368,0,0,0,0,0,1,1
0,5,0,3,0,0,0,0,0,0,0
0,6,0,18,0,0,0,0,0,0,1
0,6,0,7,0,0,0,0,0,0,0
1,3,0,72,0,0,0,2,0,0,0
1,6,0,32,0,0,0,0,0,1,1
1,6,0,2,0,0,0,1,0,0,0
0,5,1,233,0,0,0,0,0,1,1
0,4,0,19,0,0,0,1,0,0,0
1,6,0,176,0,0,0,0,1,1,0
1,3,0,17,0,0,0,0,0,0,0
1,6,0,3,0,0,0,0,2,0,0
1,5,0,220,0,0,0,0,0,0,0
1,5,0,48,0,0,0,0,0,0,0
0,6,0,36,0,0,0,0,1,1,0
0,6,0,58,0,0,0,0,2,0,0
1,3,0,0,0,0,0,0,0,0,0
0,6,0,97,0,0,0,0,0,0,1
0,1,0,0,2,4,0,0,3,0,0
0,5,0,39,0,0,0,0,0,0,1
0,4,1,286,0,0,0,0,0,1,1
0,4,0,162,0,0,0,0,0,1,1
0,6,0,6,0,0,0,0,2,0,0
0,5,0,62,0,0,0,0,0,0,0
0,3,0,2,0,0,0,0,0,0,0
1,4,0,17,0,0,0,0,0,0,0
1,6,0,28,0,0,0,0,1,0,0
0,6,0,107,0,0,0,0,0,1,0
1,6,0,12,0,0,0,0,2,0,0
0,5,0,62,0,0,0,0,0,1,0
0,4,0,35,0,0,0,0,0,1,1
0,4,1,158,0,0,31,0,0,1,1
0,5,1,211,0,0,111,0,0,1,1
0,6,0,0,0,0,0,0,2,0,0
0,4,0,448,0,0,0,1,1,0,0
0,6,0,178,1,0,0,0,2,1,1
0,6,0,1,0,0,0,0,0,0,0
0,5,1,443,0,0,0,0,0,1,1
0,6,0,39,0,0,0,0,1,0,0
0,6,0,79,0,0,0,0,1,1,0
0,3,0,4,0,0,0,1,1,0,0
0,4,0,43,0,0,0,0,0,0,1
0,2,0,54,1,10,0,0,0,1,1
0,4,0,34,0,0,0,0,0,1,0
1,5,0,174,0,0,0,0,1,0,0
0,3,0,9,0,0,0,2,0,0,0
1,6,0,68,0,0,0,0,1,1,0
1,3,0,23,0,1,0,0,1,0,0
0,6,0,200,0,0,0,2,1,0,0
0,4,1,267,0,0,0,0,0,1,1
0,3,0,0,0,0,0,0,0,0,0
0,6,0,52,0,0,0,0,2,0,0
0,2,0,32,1,11,0,0,0,0,1
1,6,0,53,0,0,0,0,2,1,0
1,6,0,49,0,0,0,0,1,0,0
1,2,0,0,0,0,0,0,0,0,0
0,4,1,274,0,0,0,0,0,1,1
0,5,0,57,0,0,0,0,0,0,0
0,6,0,0,0,0,0,0,1,0,0
0,5,0,164,0,0,0,0,0,0,0
1,3,0,8,0,0,0,0,1,0,0
0,6,0,39,0,0,0,0,2,0,0
0,6,0,122,0,0,0,1,0,0,0
0,6,0,117,0,0,0,0,1,0,0
0,4,1,615,0,0,0,0,0,1,1
1,5,0,60,0,0,0,0,0,0,0
1,5,0,184,1,0,0,0,1,1,1
0,5,0,250,0,0,0,1,0,0,0
0,6,0,33,0,0,0,0,1,0,0
1,5,0,243,0,0,0,0,1,0,0
1,5,0,50,0,0,0,0,0,0,0
0,5,0,20,0,0,0,0,0,0,0
0,5,1,103,0,0,0,0,0,1,1
0,6,0,80,0,0,0,1,2,0,0
1,6,0,70,0,0,0,0,1,0,0
0,6,0,63,0,0,0,0,3,0,0
0,4,1,300,1,0,0,0,0,1,1
0,6,0,278,0,0,0,0,0,1,0
0,6,0,7,0,0,0,0,1,0,0
0,4,0,75,0,0,0,0,0,1,1
0,6,0,60,0,0,0,1,1,0,0
1,2,0,19,0,0,0,0,0,0,0
0,5,1,348,0,0,0,0,0,1,1
1,6,0,49,0,0,0,0,1,0,0
0,5,1,373,0,0,0,0,0,1,1
0,6,0,76,0,0,0,0,1,0,0
1,4,0,285,0,0,0,2,2,0,0
0,5,0,86,0,0,0,0,0,0,0
1,4,0,16,0,0,0,0,0,0,1
0,4,0,147,1,0,0,0,0,1,1
0,2,0,6,0,0,0,0,0,0,0
0,6,0,50,0,0,0,0,2,1,0
0,6,0,4,0,0,0,0,0,0,0
0,6,0,206,0,0,0,0,2,0,0
1,6,0,70,0,0,0,0,0,1,0
0,5,0,36,0,0,0,0,0,0,0
1,3,0,25,0,0,0,0,0,0,0
0,4,1,615,0,0,0,0,0,1,1
1,6,0,75,0,0,0,2,1,0,0
0,3,0,23,1,0,0,0,0,1,1
1,4,1,143,0,0,0,0,0,1,1
1,6,0,11,0,3,0,0,2,0,0
0,6,0,107,0,0,0,0,0,0,0
0,6,0,22,0,0,0,0,0,0,1
1,3,0,3,0,0,0,1,0,0,0
1,6,0,205,0,0,0,0,0,1,0
0,6,0,218,0,0,0,0,0,1,1
1,5,0,17,0,0,0,0,0,0,0
0,6,0,5,0,0,0,0,1,0,0
0,2,0,25,0,0,0,0,0,0,0
1,5,0,215,0,0,0,0,0,0,0
0,4,0,316,0,0,0,2,0,0,0
1,6,0,193,0,0,0,0,1,1,1
0,6,0,16,0,0,0,1,0,1,0
1,4,1,124,0,0,0,0,0,1,1
0,5,0,338,0,0,68,0,1,0,0
0,2,0,3,0,0,0,0,0,1,0
0,6,0,31,0,0,0,1,1,0,0
1,6,0,53,0,0,0,0,0,1,1
1,6,0,83,0,0,0,0,1,0,0
0,6,0,72,0,0,0,1,0,1,1
1,6,0,70,0,0,0,0,1,0,0
0,4,1,141,0,0,0,0,0,1,1
1,6,0,197,0,0,0,0,1,0,0
1,3,0,14,0,0,0,0,2,0,0
0,6,0,229,0,0,0,0,1,0,0
1,6,0,108,0,0,0,0,0,1,1
0,4,0,43,0,0,0,0,0,0,1
1,5,0,272,0,0,0,0,0,0,0
1,6,0,19,0,0,0,0,4,0,0
0,6,0,194,0,0,0,0,1,1,0
0,6,0,54,0,0,0,0,1,1,0
0,5,0,257,0,0,0,0,0,0,0
0,2,0,7,0,0,0,0,0,0,0
0,6,0,84,0,0,0,0,1,1,0
0,4,0,134,0,0,0,0,0,0,0
1,1,0,29,0,0,0,1,2,0,0
0,6,0,81,0,0,0,0,0,1,1
0,5,0,50,0,0,0,0,0,0,0
0,5,0,116,0,0,0,0,0,1,1
1,6,2,36,0,0,0,0,1,1,1
0,6,0,28,0,0,0,0,1,1,0
0,6,0,152,0,0,0,0,2,1,0
1,3,0,0,0,0,0,0,0,0,0
0,4,0,20,0,0,0,0,0,0,0
0,6,0,38,0,0,0,0,1,0,0
1,4,0,386,0,0,0,1,1,0,0
0,6,0,0,0,0,0,0,0,0,0
0,6,0,57,0,0,0,1,2,0,0
0,2,0,40,0,0,0,1,0,0,0
0,5,0,298,0,0,0,0,0,1,1
1,4,0,383,0,0,0,0,0,0,1
1,6,0,35,0,0,0,0,1,0,0
1,6,0,1,0,0,0,0,1,0,0
1,4,0,29,0,0,0,0,0,0,0
0,4,0,414,0,0,0,1,0,0,0
1,6,0,109,0,0,0,0,0,1,1
0,5,0,35,0,0,0,0,0,0,0
0,6,0,235,0,0,0,0,1,1,1
0,6,0,62,0,0,0,0,1,0,0
0,5,1,443,0,0,0,0,0,1,1
0,6,0,103,0,0,0,0,1,0,0
0,6,0,28,0,0,0,0,1,0,0
1,6,0,228,0,0,0,1,1,0,1
1,5,0,72,0,0,0,0,0,0,0
0,4,1,475,0,0,0,0,0,1,1
1,6,0,153,0,0,0,2,1,0,0
0,6,0,0,0,0,0,0,1,1,0
1,4,0,36,0,0,0,0,0,1,0
0,6,0,110,0,0,0,0,1,0,0
0,6,0,39,0,0,0,0,0,1,1
0,6,0,31,0,0,0,0,2,0,0
0,5,0,70,0,0,0,0,0,0,0
0,6,0,7,0,0,0,0,0,0,0
1,2,0,0,0,1,0,0,0,0,0
0,4,0,297,0,0,236,0,0,0,0
0,4,0,55,0,0,0,0,0,0,0
0,6,0,39,0,0,0,0,1,0,0
0,5,0,60,0,0,0,1,1,0,0
1,6,0,60,0,0,0,0,0,1,1
1,5,0,25,0,0,0,0,0,0,0
0,4,0,220,0,0,0,0,1,0,0
0,5,1,317,0,0,0,0,0,1,1
0,6,0,93,0,0,0,1,0,0,0
0,6,0,77,0,0,0,0,1,0,0
0,6,0,32,0,0,0,0,1,1,0
0,4,1,50,0,0,0,0,0,1,1
0,6,0,27,0,0,0,0,1,0,0
0,4,1,377,1,0,0,0,0,1,1
0,4,0,140,0,0,87,1,0,0,0
0,6,0,52,0,0,0,0,2,0,0
1,6,0,0,0,0,0,0,0,0,0
0,6,0,3,0,0,0,0,1,0,0
1,6,0,181,0,0,0,0,1,1,1
0,4,0,312,1,0,0,0,0,1,1
1,2,0,0,0,0,0,0,0,0,0
0,3,0,64,0,0,0,0,1,0,0
1,2,0,9,1,4,0,0,0,0,0
0,4,1,186,0,0,0,0,0,1,1
1,3,0,23,0,0,0,0,0,0,0
0,6,0,196,0,0,0,2,0,0,1
0,6,0,1,0,0,0,1,0,0,0
0,6,0,59,0,0,0,0,1,1,0
1,6,0,6,0,0,0,0,1,0,0
0,4,0,6,0,0,6,1,0,0,0
1,6,0,1,0,2,0,0,1,0,0
0,6,0,71,0,0,0,0,0,0,1
0,6,0,7,0,0,0,0,1,0,0
1,6,0,28,0,0,0,0,0,1,0
0,5,0,17,0,0,0,0,0,0,0
0,6,0,97,0,0,0,0,1,0,0
0,5,0,140,0,0,0,0,1,0,0
0,6,0,224,0,0,0,2,0,0,1
0,5,0,22,0,0,0,1,0,0,0
0,5,0,168,0,0,0,0,1,0,0
0,6,0,5,0,0,0,1,0,0,0
1,6,0,16,0,0,0,0,0,1,1
0,6,0,25,0,0,0,0,1,0,0
1,6,0,6,0,0,0,0,0,0,0
0,6,0,60,0,0,0,0,1,0,0
0,6,0,105,1,0,0,0,0,1,1
1,6,0,18,0,0,0,0,0,1,1
1,6,0,68,0,0,0,0,2,0,0
1,6,0,3,0,0,0,0,1,0,0
1,4,1,201,0,0,0,0,0,1,1
0,6,0,88,0,0,0,0,0,0,1
0,5,1,280,0,0,35,0,0,1,1
0,3,0,1,0,0,0,0,3,0,0
0,4,0,72,0,0,58,0,1,0,0
0,5,0,224,1,0,0,0,0,1,1
1,4,0,183,0,0,0,0,0,0,0
0,6,0,82,0,0,0,0,1,1,0
0,4,0,145,0,0,0,0,0,1,1
0,4,1,32,0,0,0,0,0,1,1
0,5,0,418,0,0,223,1,0,0,0
1,5,0,248,0,0,0,1,0,0,0
1,6,0,317,0,0,0,1,3,0,0
1,3,0,130,0,1,0,2,0,0,0
0,3,0,10,0,0,0,0,0,0,0
0,6,0,129,0,0,0,0,2,0,0
1,4,0,183,0,0,0,1,0,0,0
1,4,1,74,0,0,0,0,0,1,1
1,6,0,89,0,0,0,0,1,0,0
1,6,0,192,0,0,0,0,2,0,0
0,5,0,301,0,0,0,1,0,0,0
0,4,1,44,0,0,0,0,0,1,1
0,6,0,14,0,0,0,0,2,0,0
1,6,0,14,0,0,0,0,1,0,0
1,6,0,98,0,0,0,0,1,1,0
0,4,0,31,0,0,0,0,0,0,0
1,3,0,0,0,0,0,0,1,0,0
1,6,0,13,0,0,0,0,1,0,0
0,6,0,89,0,0,0,0,1,0,0
0,6,0,130,0,0,0,0,0,1,1
1,3,0,3,0,0,0,0,1,0,0
0,5,1,80,0,0,0,0,0,1,1
0,5,1,93,0,0,0,0,0,1,1
0,6,0,34,0,0,0,0,1,0,0
1,5,0,246,1,0,0,0,0,1,1
0,4,0,6,0,0,0,0,0,0,0
0,4,1,316,0,0,0,0,0,1,1
0,6,0,68,0,0,0,0,2,0,0
0,6,0,13,0,0,0,0,0,0,1
0,6,0,86,0,0,0,0,1,1,0
0,3,0,2,0,0,0,0,0,0,0
0,5,0,4,0,0,0,0,0,0,0
0,2,0,99,0,0,0,0,0,0,0
0,6,0,155,0,0,0,0,0,0,1
1,6,0,5,0,0,0,0,1,0,0
1,3,0,6,0,0,0,0,1,0,0
1,6,0,11,0,0,0,0,0,1,0
0,6,0,23,0,0,0,0,0,1,1
0,6,0,1,0,0,0,0,0,0,0
1,4,0,23,0,0,0,1,0,0,1
0,3,0,160,0,0,0,0,0,1,1
0,6,0,197,0,0,0,0,0,1,1
0,4,0,28,0,0,0,0,0,1,1
1,4,0,231,0,0,0,0,0,0,0
0,6,0,216,0,0,0,3,1,0,0
0,6,0,7,0,0,0,0,1,0,0
0,4,0,50,0,0,0,0,0,0,0
0,6,0,9,0,0,0,0,1,1,0
0,4,0,68,0,0,0,6,0,0,0
0,6,0,7,0,0,0,0,3,0,1
0,6,0,209,0,0,0,0,1,0,0
0,5,0,336,0,0,0,1,0,0,0
0,4,1,233,0,0,0,0,0,1,1
1,6,0,1,0,0,0,0,0,0,0
1,4,1,245,1,0,0,0,0,1,1
0,4,1,277,0,0,0,0,0,1,1
1,4,0,45,0,0,0,0,0,1,1
1,6,0,197,0,0,0,0,0,0,1
0,5,0,22,0,0,0,0,0,0,0
1,6,0,81,0,0,0,0,2,1,1
0,4,0,68,0,0,0,0,0,0,0
0,6,0,3,0,0,0,0,4,0,0
0,4,0,33,0,0,0,1,0,0,0
0,6,0,19,0,0,0,1,2,0,0
1,5,0,8,0,0,0,0,0,0,0
0,6,0,8,0,0,0,0,0,1,0
0,6,0,175,0,0,0,0,2,1,0
1,3,0,0,0,0,0,2,0,0,0
1,5,0,4,0,0,0,0,0,0,0
0,6,0,17,0,0,0,0,2,0,0
1,6,0,83,0,0,0,0,0,1,1
1,6,0,0,0,0,0,0,0,0,0
0,5,0,133,0,0,0,0,0,0,0
1,6,0,62,0,0,0,0,0,1,0
0,4,1,65,0,0,0,0,0,1,1
1,6,0,120,0,0,0,0,1,0,1
1,3,0,2,1,3,0,0,1,0,0
1,3,0,151,0,0,0,0,0,0,0
0,5,0,73,0,0,0,0,0,0,0
1,4,0,199,0,0,0,1,0,0,0
0,4,1,311,1,0,0,0,0,1,1
0,4,0,95,0,0,0,0,1,0,0
0,4,1,271,1,0,0,0,0,1,1
0,5,1,169,0,0,0,0,0,1,1
1,6,0,0,0,3,0,0,2,0,0
0,5,1,193,0,0,39,0,0,1,1
0,5,0,76,0,0,0,0,0,1,1
0,6,0,33,0,0,0,0,1,1,0
0,2,0,18,0,10,0,1,1,0,0
1,2,0,25,0,0,0,0,0,1,1
0,6,0,208,0,0,0,0,1,1,0
0,4,1,342,1,0,0,0,0,1,1
0,6,0,88,0,0,0,0,0,1,1
0,2,0,26,0,0,0,2,0,0,0
1,6,0,81,0,0,0,0,2,1,1
1,3,0,89,0,0,0,0,1,0,0
0,6,0,5,0,0,0,0,1,0,0
1,4,0,220,0,0,6,1,0,0,0
1,6,0,22,0,0,0,0,3,0,0
0,6,0,3,0,0,0,0,0,0,0
1,6,0,4,0,0,0,0,1,0,0
1,4,1,238,0,0,0,0,0,1,1
0,6,0,13,0,0,0,0,0,0,1
1,2,0,21,0,0,0,0,0,0,0
0,6,0,203,0,0,0,2,2,0,1
0,6,0,26,0,0,0,1,2,0,0
0,6,0,130,0,0,0,1,1,0,0
0,3,0,0,0,0,0,0,0,0,0
1,4,0,181,0,0,0,2,1,0,0
0,2,0,0,0,3,0,1,0,0,0
1,6,0,46,0,0,0,0,2,0,1
1,4,0,276,0,0,0,0,0,0,0
0,4,1,309,0,0,0,0,0,1,1
0,6,0,43,0,0,0,0,0,1,1
0,4,0,462,0,0,0,0,1,0,0
0,5,0,66,0,0,0,0,0,1,0
1,4,0,10,0,0,0,1,0,0,0
0,2,0,29,0,0,0,0,0,0,0
0,3,0,159,0,0,0,0,0,0,0
0,6,0,153,0,0,0,0,0,1,0
0,6,0,132,0,0,0,0,1,1,0
0,4,1,328,1,0,0,0,0,1,1
0,4,1,265,0,0,0,0,0,1,1
0,6,0,120,0,0,0,0,1,0,0
0,3,0,16,0,0,0,0,2,0,0
0,6,0,196,0,0,0,0,1,0,0
0,6,0,162,0,0,0,0,2,0,0
0,6,0,18,0,0,0,0,1,0,0
1,6,0,8,0,0,0,0,1,0,0
1,2,0,14,0,1,0,0,0,0,0
0,6,0,3,0,0,0,0,0,1,0
0,6,0,55,0,0,0,0,1,0,0
0,6,0,43,0,0,0,0,1,0,0
0,6,0,311,0,0,0,0,2,0,1
1,3,0,0,0,0,0,3,0,0,0
0,5,0,4,0,0,0,0,0,0,0
0,6,0,203,0,0,0,1,1,0,0
1,5,0,159,0,0,0,0,1,0,0
0,5,0,418,0,0,223,0,0,0,0
0,6,0,214,0,0,0,2,0,1,0
1,3,0,255,0,0,0,2,2,0,0
0,5,0,3,0,0,0,0,0,0,0
1,4,1,168,0,0,0,0,0,1,1
0,2,0,10,0,9,0,0,1,0,0
0,6,0,19,0,0,0,0,0,0,1
0,6,0,67,0,0,0,0,0,1,1
0,6,0,127,0,0,0,0,2,1,0
1,6,0,3,0,0,0,0,0,0,0
0,6,0,217,0,0,0,0,1,0,0
0,3,0,179,0,0,0,0,1,0,0
1,2,0,2,0,2,0,0,0,0,0
0,3,0,107,0,0,0,0,0,1,1
0,6,0,43,0,0,0,0,0,0,1
1,6,0,132,0,0,0,0,0,1,1
0,6,0,12,0,0,0,0,3,0,0
0,6,0,35,0,0,0,1,1,0,0
0,4,0,11,0,0,0,0,0,0,0
1,5,0,25,0,0,0,0,0,1,0
1,3,0,206,0,0,0,0,1,0,0
1,3,0,138,0,0,0,2,1,0,0
1,5,0,250,0,0,0,1,1,0,0
0,5,1,407,0,0,0,0,0,1,1
0,6,0,145,0,0,0,0,2,1,1
1,6,0,120,0,0,0,1,1,0,0
1,5,0,153,0,0,0,2,0,0,0
0,4,0,434,0,0,0,0,1,0,0
1,4,0,203,0,0,0,1,0,0,0
1,4,0,162,0,0,0,0,0,0,0
1,6,0,12,0,0,0,0,1,1,0
0,6,0,57,0,0,0,0,1,0,0
0,5,0,457,0,0,0,1,1,0,0
0,6,0,15,0,0,0,0,1,1,0
0,6,0,26,0,0,0,0,1,0,0
0,6,0,88,0,0,0,0,2,0,0
1,3,0,30,0,0,0,1,0,0,0
0,5,0,58,0,0,0,0,0,0,0
0,4,0,102,0,0,0,1,0,0,0
0,6,0,14,0,0,0,0,1,0,0
1,6,0,92,0,0,0,1,0,0,1
0,4,1,88,0,0,0,0,0,1,1
0,4,1,198,0,0,0,0,0,1,1
0,5,0,41,0,0,38,0,0,0,0
0,5,0,37,0,0,0,0,1,0,0
0,6,0,16,0,0,0,0,2,0,0
1,6,0,280,0,0,0,2,1,1,1
1,5,0,183,0,0,0,0,0,0,0
0,5,0,39,0,0,0,0,0,0,1
0,6,0,106,0,0,0,2,0,1,0
0,6,0,32,0,2,0,0,1,0,0
1,4,0,72,0,0,0,0,0,0,1
0,1,0,1,0,0,0,0,0,0,0
0,6,0,190,0,0,0,0,1,0,0
0,2,0,5,0,0,0,0,0,0,0
1,4,0,9,0,0,0,0,0,0,1
0,2,0,0,0,0,0,0,0,0,0
0,6,0,75,0,0,0,0,0,1,1
1,6,0,181,0,0,0,0,1,0,1
1,4,0,100,0,0,0,0,1,0,0
1,6,0,0,0,0,0,0,1,0,0
1,6,0,34,0,0,0,0,0,1,1
0,6,0,37,0,0,0,0,0,0,1
1,5,0,114,0,0,0,1,0,0,1
0,6,0,67,0,0,0,1,3,0,0
0,5,0,160,0,0,111,0,0,0,1
1,3,0,1,0,2,0,0,1,0,0
0,3,0,27,0,0,0,1,0,1,0
0,6,0,96,0,0,0,2,2,0,0
0,4,1,531,0,0,0,0,0,1,1
0,5,0,89,0,0,0,0,3,0,0
0,6,0,43,0,0,0,0,0,1,1
1,4,0,364,0,0,0,0,0,0,0
0,6,0,16,0,0,0,2,2,0,0
0,6,0,227,0,0,0,0,0,1,1
0,3,0,39,0,0,0,0,0,0,0
0,4,0,12,0,0,0,0,0,0,0
0,6,0,28,0,0,0,0,3,0,0
0,5,0,18,0,0,0,0,0,0,0
0,4,1,311,1,0,0,0,0,1,1
1,3,0,0,0,1,0,0,0,0,0
1,5,0,532,0,0,0,0,0,0,0
0,5,1,74,0,0,0,0,0,1,1
0,5,0,138,0,0,0,0,0,1,0
0,5,0,98,0,0,0,0,0,0,0
0,5,1,325,1,0,0,0,0,1,1
0,6,0,23,0,0,0,0,0,1,1
0,3,0,28,0,0,0,0,0,1,0
1,4,0,94,0,0,0,0,0,0,0
0,5,0,26,1,0,0,0,1,1,1
0,4,0,208,0,0,0,0,0,1,0
1,6,0,130,0,0,0,0,0,1,1
1,3,0,15,0,0,0,0,0,0,0
0,5,0,3,0,0,0,0,0,0,0
1,4,0,34,0,0,0,0,0,1,0
1,6,0,3,0,0,0,0,0,0,0
1,3,0,27,0,0,0,1,1,0,0
0,6,0,16,0,0,0,0,1,1,0
0,3,0,1,0,0,0,0,1,0,0
0,4,0,177,0,0,0,1,1,0,0
1,4,0,36,0,0,0,0,0,1,0
0,4,1,277,0,0,0,0,0,1,1
1,6,0,89,0,0,0,0,0,1,1
0,6,0,103,0,0,0,2,2,0,0
0,4,0,134,0,0,0,1,0,0,0
0,6,0,112,0,0,0,0,2,0,0
0,6,0,29,1,0,0,1,3,1,1
1,6,0,39,0,0,0,0,1,1,0
0,6,0,31,0,0,0,0,0,0,1
0,6,0,49,0,0,0,0,2,1,0
0,5,1,151,0,0,0,0,0,1,1
1,6,0,26,0,0,0,0,2,0,0
0,3,0,72,1,0,0,0,1,1,1
0,5,0,192,0,0,0,0,0,0,0
1,6,0,0,0,0,0,0,1,0,0
1,5,0,132,0,0,0,0,2,0,0
1,5,0,269,0,0,0,0,2,0,0
0,5,0,70,0,0,0,0,1,0,0
0,4,0,46,0,0,0,0,1,0,0
1,5,0,50,0,0,0,0,0,0,0
0,5,1,393,0,0,0,0,0,1,1
1,4,0,31,0,0,0,0,1,0,0
1,6,0,17,0,0,0,0,0,0,1
0,6,0,77,0,0,0,0,0,1,1
0,6,0,86,0,0,0,0,1,0,0
0,4,0,114,0,0,0,0,0,0,0
0,4,0,215,0,0,0,0,0,0,0
0,6,0,212,0,0,0,0,2,1,0
0,5,0,107,0,0,0,0,1,0,0
1,6,0,54,0,0,0,0,1,0,0
0,3,0,4,0,0,0,0,0,1,0
0,6,0,36,0,0,0,0,1,1,0
1,3,0,1,0,0,0,0,0,0,0
1,4,0,287,0,0,0,1,0,0,0
0,6,0,84,0,0,0,0,1,0,0
1,6,0,37,0,0,0,0,1,0,0
1,3,0,3,0,0,0,0,1,0,0
1,5,0,324,0,0,0,0,1,0,0
0,5,0,4,1,0,0,0,1,0,1
1,5,0,64,0,0,0,0,1,0,0
0,6,0,56,0,0,0,0,1,0,0
1,6,0,127,0,0,0,0,0,0,1
1,3,0,3,0,0,0,0,0,0,0
1,5,0,193,0,0,0,0,0,1,0
0,2,1,153,0,0,0,0,0,1,1
0,4,1,175,0,0,0,0,0,1,1
1,6,0,64,0,0,0,0,0,0,0
0,4,0,286,1,0,0,0,0,1,1
0,6,0,22,0,0,0,0,3,1,0
0,5,0,55,0,0,0,0,0,0,0
0,4,0,107,0,0,0,0,0,0,0
0,6,0,8,0,0,0,1,0,0,0
0,5,1,193,0,0,39,0,0,1,1
0,6,0,4,0,0,0,0,0,0,0
1,4,0,4,0,0,0,1,0,0,0
1,6,0,4,0,0,0,0,1,0,0
1,5,0,62,0,0,0,0,0,0,0
0,2,0,4,0,23,0,2,1,0,0
1,6,0,84,0,0,0,0,2,0,1
0,6,0,38,0,0,0,0,0,1,1
1,4,0,287,0,0,0,2,0,0,0
1,3,0,30,0,0,0,0,0,0,0
0,6,0,198,0,0,0,0,3,1,1
0,6,0,209,0,0,0,0,1,0,0
1,6,0,193,0,0,0,0,1,0,1
0,5,0,124,0,0,0,0,0,1,0
1,6,0,5,0,1,0,0,2,0,0
1,6,0,67,0,0,0,1,0,0,1
1,6,0,95,0,0,0,0,0,1,1
0,6,0,133,0,0,0,0,2,0,0
0,4,0,190,0,0,31,0,0,1,1
0,2,0,6,0,1,0,2,1,0,0
1,4,1,138,0,0,0,0,0,1,1
0,6,0,9,0,0,0,0,2,0,0
1,3,0,0,0,1,0,0,0,0,0
0,5,0,147,0,0,0,1,0,0,0
0,6,0,193,0,0,0,0,0,1,0
0,4,0,264,0,0,0,0,0,0,0
0,6,0,33,0,0,0,0,1,1,0
0,4,1,223,1,0,40,0,0,1,1
0,6,0,162,0,0,0,0,0,0,1
1,6,0,237,0,0,0,0,2,1,1
0,5,1,253,0,0,55,0,0,1,1
0,1,0,49,0,1,0,0,2,0,0
0,6,0,32,0,0,0,0,2,0,0
0,2,0,2,0,0,0,0,1,0,0
1,6,0,25,0,0,0,0,0,1,0
1,6,0,102,0,0,0,0,0,1,1
1,3,0,168,0,0,0,0,3,0,0
0,6,0,23,0,0,0,1,2,0,0
0,5,1,34,1,0,0,0,0,1,1
0,5,0,15,0,0,0,1,2,0,0
0,6,0,18,0,0,0,0,2,0,0
0,6,0,52,0,0,0,0,1,0,0
0,4,0,46,0,0,0,0,0,1,1
0,6,0,154,0,0,0,0,0,1,1
1,4,0,44,0,0,0,0,0,1,1
1,6,0,18,0,0,0,0,0,0,1
0,6,0,6,0,0,0,0,2,0,0
0,6,0,127,0,0,0,0,0,0,1
1,4,1,103,0,0,0,0,0,1,1
0,4,1,156,0,0,0,0,0,1,1
0,6,0,1,0,0,0,0,2,0,0
0,6,0,44,0,0,0,0,0,0,1
0,6,0,236,0,0,0,1,0,0,1
1,3,0,67,0,1,0,4,1,0,0
0,6,0,275,0,0,0,0,1,1,1
0,6,0,84,0,0,0,0,0,0,1
1,1,0,3,0,0,0,0,1,0,0
0,6,0,78,0,0,0,0,1,0,0
0,6,0,81,0,0,0,0,0,0,1
1,6,0,162,0,0,0,0,1,0,1
0,5,0,10,0,0,0,0,0,0,0
0,6,0,88,0,0,0,0,3,0,0
1,6,0,63,0,0,0,0,0,1,1
1,6,0,321,0,0,0,0,2,1,1
0,6,0,179,0,0,0,1,0,0,1
1,4,1,78,0,0,0,0,0,1,1
0,5,0,58,0,0,0,0,1,0,0
0,6,0,38,0,0,0,0,1,1,0
1,6,0,1,0,0,0,0,0,0,0
0,6,0,2,0,0,0,0,0,0,0
1,4,1,166,24,0,0,0,0,1,1
0,5,0,140,0,0,0,0,0,0,1
1,6,0,129,0,0,0,0,2,0,0
0,4,1,327,1,0,0,0,0,1,1
0,6,0,125,0,0,0,3,0,0,0
0,3,0,162,0,0,0,0,0,0,0
0,3,0,133,0,0,0,0,1,0,0
0,6,0,265,0,0,0,0,0,1,1
0,6,0,31,0,0,0,0,0,0,1
1,2,0,34,0,0,0,2,1,0,0
1,6,0,37,0,0,0,0,1,0,0
1,6,0,7,0,0,0,0,0,0,0
1,5,0,101,0,0,0,0,0,0,0
0,4,1,226,0,0,0,0,0,1,1
0,6,0,50,0,0,0,0,0,1,1
1,3,0,1,0,0,0,0,0,0,0
0,6,0,74,0,0,0,0,1,0,0
0,6,0,68,0,0,0,1,1,0,0
0,6,0,115,0,0,0,0,1,0,0
0,6,0,64,0,0,0,0,1,0,0
0,6,0,55,0,0,0,0,0,0,1
0,4,1,363,1,0,0,0,0,1,1
0,5,0,210,0,0,0,0,0,1,0
0,6,0,75,0,0,0,0,1,1,0
0,5,0,176,0,0,0,0,0,1,0
0,4,1,323,0,0,0,0,0,1,1
0,4,1,130,1,0,10,0,0,1,1
1,6,0,142,0,0,0,0,0,1,1
1,6,0,203,0,0,0,0,1,1,0
0,2,0,55,0,0,0,0,0,0,0
1,4,0,7,0,0,0,0,0,0,0
0,6,0,47,0,0,0,0,0,1,1
0,5,1,221,1,0,15,0,0,1,1
0,4,1,254,0,0,0,0,0,1,1
0,4,1,175,0,0,0,0,0,1,1
0,5,0,36,0,0,0,2,0,0,0
0,6,0,94,0,0,0,0,0,1,1
0,6,0,17,0,0,0,0,0,1,0
1,5,0,211,0,0,0,1,0,0,0
0,5,0,175,0,0,0,0,0,0,0
0,2,0,55,0,3,0,0,0,0,0
1,5,0,82,0,0,0,0,0,0,0
0,4,1,68,1,0,0,0,0,1,1
1,2,0,1,0,0,0,2,2,1,0
1,6,0,26,0,0,0,0,1,1,0
1,3,0,2,0,0,0,0,0,0,0
0,6,0,46,0,0,0,0,2,0,0
0,5,0,20,0,0,0,0,1,0,0
0,6,0,319,0,0,0,0,0,1,0
0,6,0,121,0,0,0,0,1,1,0
1,4,0,33,0,0,0,0,0,0,1
1,5,0,148,0,0,0,0,0,0,0
1,6,0,35,0,0,0,0,1,1,0
1,6,0,332,0,0,0,0,0,1,1
0,5,1,78,0,0,0,0,0,1,1
0,6,0,177,0,0,0,0,2,1,0
1,5,0,30,0,0,0,4,0,0,0
1,6,0,239,0,0,0,0,3,0,0
1,4,0,12,0,0,0,1,0,0,0
1,4,2,169,0,0,0,0,0,1,0
0,4,0,226,0,0,96,0,0,1,0
1,6,0,1,0,0,0,0,1,0,0
0,6,0,146,0,0,0,0,0,1,1
1,4,0,252,0,0,0,4,0,0,0
0,4,1,158,0,0,31,0,0,1,1
0,4,0,116,0,0,0,0,0,0,0
1,5,0,0,0,0,0,1,0,0,0
1,5,0,362,0,1,0,2,1,0,0
0,4,0,213,0,0,0,1,0,0,0
0,4,0,56,0,0,0,0,0,1,1
0,6,0,90,0,0,0,0,0,0,0
1,2,0,2,0,1,0,0,0,0,0
0,4,1,391,0,0,0,0,0,1,1
0,6,0,20,0,0,0,0,1,0,0
1,5,0,191,0,0,0,0,1,0,0
0,6,0,53,0,0,0,0,1,1,0
0,5,1,78,0,0,0,0,0,1,1
1,6,0,24,0,0,0,0,0,1,1
1,5,0,47,0,0,0,0,0,0,0
0,6,0,179,0,0,0,2,1,0,0
1,5,0,220,0,0,0,0,0,0,0
0,5,0,0,0,0,0,0,0,0,0
0,3,0,125,0,0,0,0,0,0,1
0,4,1,20,1,0,0,0,0,1,1
0,4,0,18,0,0,0,0,1,0,0
0,4,1,121,0,0,0,0,0,1,1
0,3,0,1,0,0,0,0,0,0,0
1,2,0,3,0,2,0,0,0,0,0
0,6,0,24,0,0,0,0,0,0,1
0,6,0,2,0,0,0,0,2,0,0
0,5,0,76,0,0,0,0,1,0,0
0,6,0,108,0,0,0,0,1,0,0
0,6,0,36,0,0,0,0,1,0,0
0,6,0,10,0,0,0,0,3,0,0
0,6,0,175,0,0,0,0,0,1,1
1,6,0,162,0,0,0,2,1,0,0
1,5,0,3,0,0,0,0,0,0,0
0,4,0,226,0,0,96,0,1,0,0
1,6,0,1,0,0,0,0,1,0,0
0,6,0,319,0,0,0,0,2,1,1
0,5,0,70,0,0,0,0,0,0,0
0,3,0,106,0,0,0,0,0,0,1
0,3,0,9,0,0,0,4,0,1,0
0,4,0,162,0,0,0,0,0,1,1
0,5,0,74,0,0,0,0,0,0,0
0,4,1,87,0,0,0,0,0,1,1
0,6,0,15,0,0,0,2,2,0,0
1,6,0,88,0,0,0,0,1,0,0
0,6,0,259,0,0,0,0,1,0,0
0,4,1,137,1,0,45,0,0,1,1
1,4,0,197,0,0,0,0,0,0,0
0,4,0,198,0,0,0,1,1,0,0
1,5,0,200,0,0,0,0,0,0,1
0,6,0,351,0,0,0,0,0,1,0
0,6,0,48,0,0,0,0,2,0,0
0,6,0,155,0,0,0,0,2,0,0
0,6,0,7,0,0,0,0,1,1,0
0,4,0,28,0,0,0,0,0,1,1
1,4,1,238,0,0,0,0,0,1,1
0,4,1,115,1,0,22,0,0,1,1
1,6,0,44,0,0,0,0,0,1,1
0,4,1,224,1,0,0,0,0,1,1
0,5,0,122,0,0,56,0,0,0,0
1,3,0,3,0,0,0,1,1,0,0
0,6,0,82,0,0,0,0,0,1,1
0,4,1,129,0,0,0,0,0,1,1
0,4,1,251,0,0,93,0,0,1,1
0,5,0,31,0,0,0,0,0,0,0
0,3,0,1,0,0,0,0,1,0,0
0,6,0,26,0,0,0,0,1,0,0
1,5,0,210,0,0,0,0,1,0,1
1,5,0,42,0,0,0,0,0,0,0
0,6,0,11,0,0,0,0,0,0,0
1,6,0,318,0,0,0,0,2,1,1
0,3,0,2,0,0,0,0,0,1,0
0,5,0,77,0,0,0,0,0,0,0
0,4,0,6,0,0,0,2,0,0,0
1,5,0,139,0,0,0,0,3,0,1
0,3,0,190,0,0,0,0,1,0,0
1,4,2,287,0,0,0,0,0,0,0
0,6,0,3,0,0,0,0,1,0,0
0,5,0,32,0,0,0,0,0,0,0
1,2,0,6,0,0,0,0,0,0,0
0,6,0,31,0,0,0,0,1,0,0
0,6,0,28,0,0,0,0,1,1,0
1,4,0,211,0,0,0,0,0,1,0
0,6,0,42,0,0,0,0,1,1,0
0,6,0,47,0,0,0,0,1,0,0
1,3,0,0,0,0,0,1,0,0,0
0,4,0,307,1,0,0,0,0,1,1
0,4,0,215,0,0,0,2,0,0,0
0,2,0,13,0,0,0,2,0,0,0
0,6,0,129,0,0,0,0,1,0,0
0,5,0,9,1,0,0,0,0,1,1
0,1,0,7,0,0,0,1,3,0,0
0,2,0,0,0,0,0,1,0,0,0
1,5,0,70,0,0,0,0,0,0,0
0,6,0,54,0,0,0,0,1,0,0
0,6,0,119,0,0,0,0,0,0,0
0,5,0,87,0,0,0,0,1,0,0
1,4,1,411,0,0,0,0,0,1,1
1,5,0,174,0,0,0,0,0,0,0
0,6,0,183,0,0,0,0,0,1,1
0,6,0,113,0,0,0,0,0,1,1
0,6,0,26,0,0,0,0,0,1,1
0,4,0,11,0,0,0,0,0,0,0
0,5,0,60,0,0,0,0,0,0,0
0,5,1,301,0,0,0,0,0,1,1
0,6,0,16,0,0,0,0,4,0,1
0,6,0,130,0,0,0,2,1,0,0
0,4,1,277,0,0,0,0,0,1,1
0,6,0,10,0,0,0,1,1,0,0
0,6,0,142,0,0,0,2,1,0,0
0,6,0,214,0,0,0,2,1,0,0
0,6,0,63,0,0,0,0,0,1,1
1,6,0,158,0,0,0,0,0,0,0
0,6,0,181,0,0,0,0,1,0,0
0,6,0,52,0,0,0,0,2,0,0
0,6,0,312,0,0,0,0,1,0,0
0,6,0,107,0,0,0,0,0,1,0
1,3,0,0,0,0,0,0,0,1,0
1,6,0,0,0,0,0,0,0,0,0
0,3,0,171,0,0,0,0,0,1,0
0,5,0,75,0,0,0,0,0,0,0
0,6,0,289,0,0,0,0,2,0,1
1,6,0,0,0,0,0,0,1,0,0
0,5,0,12,0,0,0,0,0,0,0
1,6,0,80,0,0,0,0,1,0,1
0,6,0,210,0,0,0,0,1,0,0
1,6,0,138,0,0,0,1,0,1,0
0,5,1,33,1,0,0,0,0,1,1
0,6,0,27,0,0,0,0,2,0,0
1,6,0,48,0,0,0,0,2,0,0
0,3,0,30,0,0,0,0,0,0,1
0,5,0,131,0,0,0,0,0,0,1
1,5,0,187,0,0,0,0,0,1,0
1,4,0,0,0,0,0,1,0,1,0
1,6,0,158,0,0,0,4,3,0,0
1,2,0,7,0,12,0,1,0,0,0
0,4,1,286,1,0,0,0,0,1,1
1,6,0,43,0,0,0,0,1,1,0
0,6,0,22,0,0,0,0,2,0,0
1,6,0,57,0,0,0,0,1,0,0
1,6,0,5,0,1,0,0,1,0,0
0,5,0,3,0,0,0,0,0,0,0
0,6,0,40,0,0,0,0,1,0,0
1,4,0,292,0,0,0,1,1,0,0
0,6,0,1,0,0,0,0,0,0,0
1,5,0,216,2,0,0,0,1,1,1
0,5,0,257,0,0,0,1,0,0,0
0,6,0,27,0,0,0,0,0,1,1
0,6,0,30,0,0,0,0,1,0,0
1,2,0,37,0,0,0,2,0,0,0
0,6,0,73,0,0,0,0,0,1,1
0,6,0,13,0,0,0,0,1,0,0
0,5,0,140,0,0,0,0,1,0,0
1,6,0,125,0,0,0,2,1,0,0
1,6,0,57,0,0,0,0,1,0,0
0,6,0,18,0,0,0,0,1,0,0
0,4,1,419,0,0,0,0,0,1,1
0,6,0,308,0,0,0,0,2,1,0
0,5,0,418,0,0,223,0,0,0,0
0,1,0,3,0,0,0,0,1,0,0
0,5,1,74,0,0,0,0,0,1,1
0,2,0,5,0,0,0,0,0,1,0
0,3,0,2,0,0,0,0,1,0,0
0,6,0,43,0,0,0,0,0,0,1
0,6,0,84,0,0,0,0,1,0,0
0,4,0,97,0,0,0,0,0,1,0
1,6,0,81,0,0,0,0,2,1,1
1,6,0,0,0,0,0,0,2,0,0
0,2,0,11,0,0,0,0,0,0,0
0,5,0,39,0,0,0,1,0,0,0
1,6,0,94,0,0,0,0,0,1,0
0,6,0,102,0,0,0,0,0,1,1
0,3,0,7,0,0,0,0,1,0,0
0,6,0,142,0,0,0,0,0,1,1
0,5,1,182,1,0,50,0,0,1,1
1,3,0,3,0,0,0,0,1,0,0
0,4,1,48,0,0,0,0,0,1,1
0,6,0,14,0,0,0,0,2,0,0
1,5,1,195,0,0,0,1,0,0,1
1,6,0,275,0,0,0,0,0,1,1
1,5,0,103,0,0,0,0,1,1,0
0,3,0,0,0,0,0,0,0,1,0
0,5,0,141,0,0,0,0,0,0,0
1,3,0,19,0,0,0,0,0,1,0
0,4,1,350,0,0,0,0,0,1,1
0,3,0,0,0,0,0,1,0,0,0
0,4,1,297,1,0,0,0,0,1,1
0,6,0,56,0,0,0,0,1,0,0
0,6,0,2,0,0,0,0,1,0,0
0,6,0,22,0,0,0,0,2,0,0
1,6,0,141,0,0,0,0,2,1,0
0,4,0,288,0,0,236,0,0,1,0
0,6,0,147,0,0,0,0,1,0,0
0,5,0,64,0,0,0,0,0,0,0
0,6,0,5,0,0,0,0,2,0,0
0,6,0,67,0,0,0,1,3,0,0
0,5,1,210,0,0,0,0,0,1,1
0,5,0,155,0,0,0,0,1,0,0
0,6,0,30,0,0,0,0,1,1,0
1,6,0,53,0,0,0,0,1,1,0
1,6,0,114,0,0,0,0,1,0,1
1,5,0,199,0,0,0,1,1,0,0
0,4,0,434,0,0,0,0,1,0,0
1,6,0,67,0,0,0,0,1,0,0
0,2,0,0,0,0,0,0,0,0,0
0,6,0,332,0,0,0,0,1,0,1
1,3,0,66,0,0,0,1,2,0,0
0,4,0,38,0,0,0,0,0,0,1
0,6,0,185,0,0,0,0,1,0,0
1,4,0,124,0,0,0,1,0,1,1
0,4,1,372,0,0,0,0,0,1,1
0,2,0,1,1,4,0,0,0,0,0
0,6,0,195,0,0,0,0,0,1,1
0,4,1,372,0,0,0,0,0,1,1
1,3,0,17,0,1,0,0,0,0,0
0,6,0,17,0,0,0,0,1,0,0
1,4,1,385,0,0,0,0,0,1,1
0,6,0,36,0,0,0,0,1,0,0
0,5,0,29,0,0,0,0,0,1,0
0,6,0,5,0,0,0,0,2,0,0
1,5,0,163,0,0,0,0,1,0,0
0,5,1,273,0,0,0,0,0,1,1
0,6,0,15,0,0,0,0,1,1,0
0,6,0,34,0,0,0,0,1,1,0
1,4,0,168,0,0,0,1,0,0,0
0,4,1,377,1,0,0,0,0,1,1
1,6,0,3,0,0,0,1,1,0,0
0,4,0,297,0,0,236,0,0,0,0
0,6,0,130,0,0,0,0,2,1,1
0,5,1,146,0,0,50,0,0,1,1
0,6,0,34,0,0,0,0,0,1,1
0,6,0,56,0,0,0,0,0,1,1
1,3,0,2,0,0,0,1,0,0,0
0,4,0,72,0,0,0,2,0,0,0
1,3,0,0,0,0,0,0,0,0,0
0,6,0,104,0,0,0,0,1,1,0
0,4,1,179,0,0,0,0,0,1,1
0,4,0,75,0,0,0,0,2,0,0
0,3,0,74,0,0,0,0,0,0,0
0,6,0,74,0,0,0,0,3,0,0
1,3,0,37,0,0,0,0,0,0,0
0,6,0,46,0,0,0,2,0,1,0
1,6,0,197,0,0,0,2,0,1,1
0,6,0,118,0,0,0,0,1,0,0
0,6,0,0,0,0,0,1,0,0,0
1,5,0,239,0,0,0,0,0,0,0
0,3,0,3,0,0,0,1,0,0,0
0,6,0,165,0,0,0,0,1,0,0
1,3,0,15,0,0,0,0,1,0,0
0,6,0,95,0,0,0,0,0,1,1
1,5,0,88,0,0,0,1,0,0,0
1,3,0,30,0,0,0,0,3,0,0
0,6,0,7,0,0,0,1,2,0,0
1,5,0,9,0,0,0,0,0,0,0
0,1,0,0,0,0,0,0,0,0,0
1,5,0,3,0,0,0,0,1,0,0
0,6,0,200,0,0,0,0,4,0,1
1,3,0,3,0,0,0,1,0,0,0
0,5,0,127,0,0,0,0,0,0,0
0,5,0,479,0,0,0,0,1,0,0
0,5,0,86,0,0,0,2,0,0,0
0,5,0,140,0,0,0,0,0,1,1
0,6,0,16,0,0,0,0,1,0,0
1,5,0,288,0,0,0,0,0,0,0
1,3,0,67,0,0,0,0,2,0,0
0,6,0,54,0,0,0,0,2,0,0
1,5,0,1,0,0,0,0,0,0,0
0,4,1,175,0,0,0,0,0,1,1
0,3,0,14,0,0,0,0,0,0,0
0,0,0,5,0,0,0,0,0,0,0
0,1,0,1,0,0,0,0,1,0,0
1,6,0,33,0,0,0,0,0,0,1
0,4,0,330,1,0,0,0,0,1,1
0,4,0,59,0,0,0,0,0,1,0
1,4,0,123,0,0,0,0,0,0,0
0,3,0,0,0,0,0,0,0,0,0
0,6,0,93,0,0,0,0,3,0,0
1,5,0,128,0,0,0,0,0,1,0
0,6,0,91,0,0,0,0,1,0,0
1,6,0,208,0,0,0,3,2,0,0
1,6,0,274,0,0,0,1,1,0,0
0,6,0,16,0,0,0,0,0,1,1
0,5,0,55,0,0,0,0,0,0,0
0,6,0,78,0,0,0,0,1,0,0
0,6,0,158,0,0,0,0,3,0,0
0,6,0,55,0,0,0,0,1,1,0
0,4,1,175,0,0,0,0,0,1,1
0,5,1,443,0,0,0,0,0,1,1
1,6,0,19,1,0,0,0,0,1,1
1,6,0,262,0,0,0,0,2,1,1
0,3,0,0,0,0,0,1,0,0,0
0,4,1,175,0,0,0,0,0,1,1
0,4,1,552,0,0,0,0,0,1,1
0,6,0,82,0,0,0,0,0,1,1
0,6,0,287,0,0,0,0,0,1,1
0,5,0,101,0,0,0,0,1,0,0
0,6,0,56,0,0,0,0,1,1,0
1,4,0,31,0,0,0,0,0,0,0
0,6,0,327,0,0,0,0,2,1,1
0,6,0,156,0,0,0,0,0,1,1
0,4,1,92,0,0,0,0,0,1,1
0,3,0,1,0,0,0,0,0,0,0
0,6,0,76,0,0,0,0,0,1,0
1,5,0,70,0,0,0,0,0,0,0
0,6,0,6,0,0,0,1,2,0,0
1,4,1,78,0,0,0,0,0,1,1
0,3,0,0,0,0,0,0,0,0,0
0,6,0,15,0,0,0,0,1,0,0
0,5,1,150,0,0,0,0,0,1,1
0,4,1,130,1,0,10,0,0,1,1
0,2,0,12,0,0,0,2,0,0,0
0,3,0,44,0,0,0,1,0,0,0
0,5,0,219,0,0,0,1,0,0,0
0,6,0,214,0,0,0,2,1,0,0
1,4,1,92,1,0,0,0,0,1,1
0,6,0,70,0,0,0,1,1,1,0
0,1,0,71,0,0,0,0,1,1,1
1,6,0,108,0,0,0,1,1,0,0
0,3,0,185,0,0,0,0,1,0,0
0,4,0,290,1,0,0,0,0,1,1
1,6,0,88,0,0,0,0,1,0,0
0,5,1,301,1,0,0,0,0,1,1
1,2,0,5,0,0,0,0,0,1,0
0,1,0,0,0,0,0,1,0,0,0
0,6,0,22,0,0,0,0,2,0,0
0,6,0,357,0,0,0,0,0,1,1
0,6,0,142,0,0,0,0,0,1,1
0,3,0,174,0,0,0,0,0,0,0
1,3,0,0,0,0,0,0,0,0,0
1,4,0,185,0,0,0,0,0,1,0
0,5,1,44,0,0,3,0,0,1,1
0,6,0,90,0,0,0,0,0,0,0
0,6,0,40,0,0,0,2,2,0,0
0,6,0,54,0,0,0,0,2,0,0
1,6,0,60,0,0,0,0,1,0,0
1,5,0,194,0,0,0,0,0,0,0
0,6,0,1,0,0,0,0,0,1,0
0,6,0,55,0,0,0,0,1,0,0
1,3,0,112,0,0,0,0,0,1,0
1,6,0,270,0,0,0,0,2,0,0
1,5,0,38,0,0,0,0,0,0,0
1,6,0,1,0,0,0,0,1,0,0
0,6,0,123,0,0,0,0,0,1,1
0,4,1,293,1,0,0,0,0,1,1
0,6,0,0,0,0,0,0,0,0,0
1,2,0,12,0,0,0,0,0,1,0
0,5,0,4,0,0,0,0,0,0,0
0,6,0,90,0,0,0,1,0,0,0
0,1,0,1,0,0,0,0,0,0,0
0,6,0,308,0,0,0,0,2,0,0
0,6,0,25,0,0,0,0,4,0,0
0,5,0,102,0,0,0,0,0,0,0
0,6,0,4,0,0,0,0,0,1,0
0,5,0,80,0,0,0,0,0,1,0
0,6,0,121,0,0,0,0,1,0,0
0,6,0,90,0,0,0,0,1,0,0
0,6,0,115,0,0,0,2,1,0,0
0,5,0,135,0,0,0,0,0,0,0
0,5,1,93,0,0,0,0,0,1,1
0,6,0,83,0,0,0,0,0,1,1
0,2,0,2,0,0,0,0,0,0,0
1,2,0,0,1,2,0,0,0,0,0
0,5,0,147,0,0,0,0,0,1,0
1,2,0,3,0,0,0,0,0,0,0
0,6,0,21,0,0,0,0,1,0,0
1,3,0,4,0,0,0,1,1,0,0
1,5,0,221,0,0,0,0,1,0,0
1,6,0,10,0,0,0,0,1,0,0
0,6,0,306,0,0,0,0,2,1,1
1,3,0,0,0,0,0,0,0,0,0
1,3,0,147,0,0,0,1,0,0,0
1,4,1,93,0,0,0,0,0,1,1
1,3,0,5,0,0,0,0,0,0,0
1,3,0,4,0,0,0,1,1,0,0
1,3,0,65,0,0,0,0,0,1,1
0,2,1,6,1,0,0,0,0,1,1
1,5,0,167,0,0,0,0,2,0,0
0,4,0,97,0,0,0,0,1,0,0
0,6,0,0,0,0,0,0,1,0,0
0,6,0,186,0,0,0,0,0,0,1
0,4,0,48,0,0,0,0,1,0,0
0,5,0,7,0,0,0,0,0,0,0
0,4,1,447,0,0,0,0,0,1,1
1,4,0,225,0,0,0,0,0,1,0
0,6,0,92,0,0,0,0,1,1,0
0,6,0,131,0,0,0,0,0,1,1
0,3,0,18,0,0,0,0,0,0,1
0,5,0,103,0,0,0,0,0,0,0
1,6,0,157,0,0,0,0,2,0,1
0,4,1,489,0,0,0,0,0,1,1
0,1,0,4,2,7,0,0,1,0,0
0,3,0,1,0,0,0,1,0,0,0
1,5,0,75,0,0,0,0,0,0,0
0,5,0,33,0,0,0,0,1,0,0
0,6,0,7,0,0,0,0,0,1,0
1,5,0,98,0,0,0,0,1,0,0
0,6,0,66,0,0,0,0,0,0,1
1,6,0,4,0,0,0,0,1,0,0
0,4,0,16,0,0,0,0,0,0,0
0,6,0,45,0,0,0,0,1,1,0
0,5,1,317,0,0,0,0,0,1,1
1,6,0,167,0,0,0,1,0,0,0
1,6,0,1,0,0,0,0,1,0,0
0,6,0,117,0,0,0,0,1,0,0
0,6,0,256,0,0,0,0,0,0,0
1,6,0,248,0,0,0,0,1,1,0
0,4,0,282,0,0,48,0,0,1,1
1,6,0,150,0,0,0,1,2,0,0
0,6,0,55,0,0,0,0,1,1,0
1,6,0,18,0,0,0,0,0,1,1
0,4,1,115,1,0,22,0,0,1,1
0,6,0,45,0,0,0,1,1,0,0
0,6,0,109,0,0,0,0,0,0,1
0,6,0,54,0,0,0,0,1,1,0
1,6,0,210,0,0,0,0,0,1,1
0,5,0,423,0,0,0,0,0,1,1
1,2,0,73,0,0,0,0,0,0,0
0,3,0,10,0,0,0,0,0,0,0
0,6,0,44,0,0,0,0,1,0,0
0,6,0,108,0,0,0,0,0,1,0
1,6,0,108,0,0,0,0,0,0,1
1,3,0,12,0,0,0,0,1,0,0
1,2,0,12,0,1,0,0,0,0,0
1,5,0,92,0,0,0,1,1,0,0
0,2,0,5,1,12,0,1,1,0,0
0,4,0,98,0,0,0,0,0,1,0
0,4,0,176,0,0,0,0,1,0,0
0,2,0,3,0,0,0,1,0,0,0
0,2,0,0,0,0,0,0,0,0,0
0,1,0,1,4,11,0,0,3,1,1
0,6,0,58,0,0,0,0,1,0,0
0,6,0,0,0,0,0,0,0,0,0
0,4,1,89,0,0,0,0,0,1,1
0,4,1,251,0,0,93,0,0,1,1
0,3,0,189,0,0,0,0,0,0,0
0,6,0,0,0,0,0,0,0,0,0
0,6,0,171,0,0,0,1,1,0,0
0,6,0,171,0,0,0,0,2,1,0
0,4,1,605,0,0,0,0,0,1,1
0,6,0,108,0,0,0,0,0,0,0
0,6,0,99,0,0,0,0,3,0,0
0,4,0,34,0,0,0,1,0,0,0
1,5,0,159,0,0,0,1,0,0,0
0,4,0,448,0,0,0,0,1,0,0
1,6,0,305,0,0,0,0,1,1,1
0,6,0,320,0,0,0,0,1,0,1
0,4,1,135,0,0,0,0,0,1,1
0,6,0,127,0,0,0,0,1,0,0
0,3,0,86,0,0,0,0,0,1,0
1,3,0,27,0,0,0,0,3,0,0
0,6,0,29,0,0,0,0,1,1,0
0,6,0,209,0,0,0,0,1,1,0
1,4,0,156,0,0,0,0,0,0,0
0,6,0,58,0,0,0,1,0,0,1
1,6,0,2,0,0,0,0,1,0,0
0,5,0,0,0,0,0,0,1,1,0
0,2,0,0,0,1,0,2,0,0,0
1,6,0,7,0,0,0,0,1,1,0
0,6,0,99,0,0,0,0,0,1,1
0,5,1,199,1,0,0,0,0,1,1
0,6,0,7,0,0,0,0,1,0,0
0,4,1,386,0,0,0,0,0,1,1
1,6,0,5,0,0,0,0,1,0,0
1,6,0,3,0,0,0,0,0,0,0
0,6,0,40,0,0,0,0,2,0,0
0,6,0,126,0,0,0,0,0,1,1
0,6,0,63,0,0,0,0,1,1,0
0,6,0,73,0,0,0,2,1,0,0
0,3,0,25,0,0,0,1,1,0,0
0,4,1,92,0,0,0,0,0,1,1
0,6,0,140,0,0,0,3,1,0,0
0,6,0,6,0,0,0,0,3,0,0
0,2,0,29,0,0,0,0,0,0,0
0,5,0,53,0,0,0,0,0,0,0
1,4,0,225,0,0,0,2,0,0,0
0,6,0,226,1,0,0,0,1,1,1
0,6,0,40,0,0,0,0,0,0,1
0,3,0,1,1,3,0,1,2,0,0
1,3,0,4,0,0,0,0,0,1,0
1,2,0,1,0,0,0,0,0,0,0
0,3,0,8,0,0,0,0,2,0,0
1,6,0,142,0,0,0,0,1,1,0
0,4,1,283,0,0,0,0,0,1,1
0,6,0,12,0,0,0,2,0,1,0
0,5,0,97,0,0,0,0,0,0,0
0,5,0,220,0,0,0,1,0,0,0
0,6,0,174,0,0,0,0,0,0,1
1,5,0,179,0,0,0,0,3,0,0
0,4,1,419,0,0,0,0,0,1,1
0,5,1,93,0,0,0,0,0,1,1
1,6,0,24,0,0,0,0,4,0,0
1,6,0,41,0,0,0,0,1,0,0
1,6,0,0,0,0,0,0,0,0,0
0,6,0,39,0,0,0,0,2,0,0
1,5,0,58,0,0,0,3,1,0,0
0,5,0,95,0,0,0,0,0,0,0
0,4,1,186,0,0,0,0,0,1,1
0,6,0,52,0,0,0,0,1,1,0
0,6,0,5,0,0,0,0,2,0,0
0,6,0,118,0,0,0,0,0,1,1
0,6,0,88,0,0,0,0,2,0,0
0,6,0,43,0,0,0,0,1,0,0
0,3,0,40,0,0,0,0,0,0,0
0,6,0,75,0,0,0,0,2,0,0
0,5,0,22,0,0,0,0,0,0,0
0,6,0,66,0,0,0,0,0,1,1
1,5,0,30,0,0,0,0,0,1,1
0,4,1,54,0,0,0,0,0,1,1
0,5,0,151,0,0,63,2,0,0,0
0,6,0,14,0,1,0,0,1,0,0
0,6,0,59,0,0,0,0,0,1,1
1,6,0,15,0,0,0,0,2,0,0
0,6,0,20,0,0,0,0,2,0,0
0,6,0,237,0,0,0,0,0,1,1
0,2,0,10,0,0,0,0,0,0,0
0,6,0,2,0,0,0,0,1,0,0
1,6,0,52,0,0,0,0,1,0,0
0,5,0,46,0,0,0,0,0,0,0
0,4,1,379,0,0,0,0,0,1,1
1,3,0,1,0,0,0,1,0,0,0
0,4,0,48,0,0,0,0,1,0,0
1,6,0,126,0,0,0,0,1,1,0
1,2,0,43,0,0,0,0,0,1,0
1,6,0,117,0,0,0,0,2,1,0
1,3,0,153,0,0,0,0,1,0,0
1,4,0,258,0,0,0,1,1,0,0
0,6,0,73,0,0,0,1,1,0,0
0,6,0,0,0,0,0,0,2,0,0
0,6,0,223,0,0,0,1,1,0,0
0,3,0,200,0,0,0,0,1,0,0
0,4,0,16,0,0,0,0,0,1,0
1,6,0,99,0,0,0,1,2,0,0
1,6,0,46,0,0,0,0,0,1,1
0,4,0,145,0,0,0,0,0,1,1
1,6,0,56,0,0,0,0,3,0,0
0,3,0,2,0,0,0,4,1,0,0
0,5,1,176,1,0,0,0,0,1,1
0,6,0,117,0,0,0,0,0,0,1
0,6,0,161,0,0,0,0,0,0,1
0,5,0,247,0,0,0,0,0,0,0
1,2,0,0,0,1,0,0,0,0,0
1,6,0,232,0,0,0,1,2,0,1
0,5,0,296,0,0,0,0,1,0,0
1,5,1,275,26,0,0,0,0,1,1
1,3,2,0,0,0,0,0,0,0,0
0,1,0,0,0,0,0,0,0,0,0
0,6,0,118,0,0,0,0,0,1,1
0,4,1,158,0,0,31,0,0,1,1
1,6,0,114,0,0,0,0,2,1,1
0,4,0,25,0,0,0,0,0,0,1
0,5,0,239,0,0,0,2,0,0,0
0,6,0,79,0,0,0,0,2,1,0
0,6,0,7,0,0,0,0,0,0,0
1,6,0,31,0,0,0,0,2,0,0
1,6,0,30,0,0,0,0,1,0,0
0,3,0,2,0,0,0,0,1,0,0
1,6,0,91,0,0,0,0,1,1,0
1,4,1,259,1,0,0,0,0,1,1
1,5,0,73,0,0,0,0,0,0,0
0,5,0,41,0,0,0,0,0,0,0
0,6,0,39,0,0,0,0,1,0,0
1,5,0,102,0,0,0,0,0,0,0
0,6,0,200,0,0,0,0,1,1,0
1,6,0,31,0,0,0,0,1,0,0
0,5,0,177,0,0,0,0,0,1,1
1,5,0,11,0,0,0,0,1,0,0
0,3,0,60,0,0,0,0,1,0,0
1,2,0,0,0,0,0,0,0,0,0
1,4,0,11,0,0,0,0,1,0,0
0,6,0,78,0,0,0,0,0,1,1
1,6,0,1,0,0,0,0,0,0,0
0,3,0,29,0,0,0,1,1,0,0
1,6,0,2,0,0,0,0,1,0,0
1,6,0,113,0,0,0,0,0,1,1
0,5,1,285,0,0,24,0,0,1,1
0,6,0,3,0,0,0,1,2,0,0
0,4,0,11,0,0,0,0,0,0,0
0,6,0,61,0,0,0,0,0,1,1
0,6,0,95,0,0,0,0,1,0,0
0,1,0,94,0,1,0,1,4,0,0
0,4,0,36,0,0,0,1,1,0,0
1,6,0,125,0,0,0,0,1,1,0
1,4,1,102,0,0,0,0,0,1,1
1,6,0,23,0,0,0,0,1,0,0
0,2,0,13,1,11,0,0,1,0,0
0,6,0,29,0,0,0,0,0,0,1
0,6,0,0,0,0,0,0,2,0,0
0,6,0,157,0,0,0,0,1,0,0
0,6,0,53,0,0,0,1,1,0,0
0,5,0,220,0,0,0,1,2,0,0
1,6,0,255,0,0,0,0,2,1,1
1,6,0,77,0,0,0,0,0,1,1
0,5,1,105,0,0,0,0,0,1,1
1,4,0,40,0,0,0,1,0,1,0
1,3,0,0,0,0,0,0,0,0,0
1,6,0,157,0,0,0,0,1,0,0
1,6,0,124,0,0,0,0,2,0,0
0,6,0,3,0,0,0,0,0,1,0
0,3,0,55,0,0,0,0,2,0,0
0,4,1,309,0,0,0,0,0,1,1
0,5,0,301,0,0,0,0,1,0,0
0,6,0,145,0,0,0,0,0,1,0
0,6,0,41,0,0,0,0,0,1,1
0,6,0,85,0,0,0,0,0,0,1
0,5,0,98,0,0,0,0,0,0,0
1,3,0,22,0,0,0,1,3,0,0
1,5,0,180,0,0,0,0,1,0,0
1,5,0,214,0,0,0,0,0,0,0
0,6,0,17,0,0,0,2,1,0,1
0,6,0,251,0,0,0,0,2,1,1
0,6,0,238,0,0,0,0,1,1,1
1,6,0,65,0,0,0,0,1,0,0
0,6,0,35,0,0,0,0,1,0,0
1,3,0,4,0,0,0,0,0,0,0
1,5,0,220,0,0,0,0,0,0,0
0,6,0,3,11,4,0,0,1,0,0
0,3,0,189,0,0,0,0,0,0,0
1,4,0,253,0,0,0,2,0,0,0
0,5,1,26,0,0,0,0,0,1,1
1,3,0,4,0,0,0,0,0,0,0
0,6,0,88,0,0,0,1,0,1,1
1,6,0,50,0,0,0,0,1,1,0
0,4,0,136,0,0,0,0,0,0,0
1,3,0,17,0,0,0,0,0,0,0
1,4,0,31,0,0,0,1,0,0,0
0,5,0,457,0,0,0,2,1,0,0
0,4,1,304,1,0,0,0,0,1,1
0,1,0,0,0,0,0,2,1,0,0
0,5,0,0,0,0,0,0,0,0,0
1,3,0,127,0,1,0,2,1,0,0
1,5,0,131,0,0,0,0,0,1,1
0,6,0,7,0,0,0,0,1,1,0
1,6,0,226,0,0,0,0,0,0,0
0,4,1,128,0,0,0,0,0,1,1
0,6,0,118,0,0,0,0,1,1,0
1,5,0,0,0,0,0,0,0,0,0
0,6,0,129,0,0,0,2,2,1,1
0,4,0,65,0,0,0,0,0,0,0
1,6,0,15,0,0,0,0,0,0,0
0,6,0,37,0,0,0,0,1,0,0
0,2,1,38,0,0,0,0,0,1,1
0,6,0,222,0,0,0,0,2,0,0
0,2,0,22,0,0,0,0,0,0,0
1,4,0,336,0,0,0,1,0,0,0
0,4,0,258,1,0,0,0,0,1,1
1,2,0,4,0,0,0,0,1,0,0
1,6,0,154,0,0,0,0,0,1,1
0,5,1,521,0,0,0,0,0,1,1
0,6,0,0,0,0,0,0,1,0,0
0,3,0,17,0,0,0,2,0,0,0
0,6,0,45,0,0,0,0,2,0,0
1,5,0,23,0,0,0,0,0,0,0
0,4,1,279,0,0,0,0,0,1,1
0,5,0,46,0,0,0,0,0,0,0
0,6,0,135,1,0,0,0,2,1,1
0,5,1,205,0,0,0,0,0,1,1
0,6,0,81,0,0,0,1,1,0,0
0,6,0,63,0,0,0,0,2,0,0
0,6,0,187,0,0,0,0,1,0,1
1,6,0,32,0,0,0,0,1,0,0
1,6,0,67,0,0,0,0,1,1,0
0,6,0,9,1,0,0,0,1,1,1
0,3,0,2,0,0,0,0,0,0,0
1,6,0,2,0,0,0,0,0,0,0
1,6,0,34,0,0,0,0,0,1,1
1,6,0,0,0,0,0,0,1,0,0
0,4,0,272,1,0,0,0,0,1,1
1,6,0,7,0,0,0,0,2,0,0
0,6,0,100,0,0,0,0,1,0,0
1,3,0,0,0,0,0,0,0,0,0
1,3,0,107,0,0,0,0,0,1,0
1,6,0,79,0,0,0,1,1,0,0
0,5,1,134,0,0,91,0,0,1,1
1,6,0,211,0,0,0,0,0,1,1
0,4,0,269,1,0,0,0,0,1,1
1,4,0,144,0,0,0,1,0,1,1
0,5,1,245,0,0,0,0,0,1,1
1,4,0,199,0,0,0,0,0,1,0
1,3,0,0,0,0,0,0,0,0,0
0,5,0,89,0,0,0,0,1,1,0
1,6,0,7,0,0,0,2,2,0,0
1,6,0,181,0,1,0,1,2,0,0
1,6,0,295,0,0,0,0,2,0,0
1,5,0,39,0,0,0,1,0,0,0
0,5,1,317,0,0,0,0,0,1,1
1,6,0,130,0,0,0,1,1,0,0
0,5,0,80,0,0,50,0,0,0,0
0,6,0,10,0,0,0,0,1,0,0
0,6,0,144,0,0,0,1,1,1,1
0,4,1,28,0,0,0,0,0,1,1
0,5,0,257,0,0,0,1,0,0,0
0,4,1,28,0,0,0,0,0,1,1
0,6,0,83,0,0,0,0,0,1,1
1,4,0,154,0,0,0,0,0,0,0
0,3,0,47,0,0,0,0,0,0,0
1,4,0,185,0,0,0,0,0,0,0
0,5,0,221,0,0,147,0,1,0,0
1,6,0,108,0,0,0,1,0,1,0
1,6,0,31,0,0,0,0,1,1,0
0,6,0,41,0,1,0,0,2,0,0
1,6,0,29,0,0,0,1,1,1,0
0,3,0,310,0,0,0,0,0,1,1
0,4,0,18,0,0,0,0,1,0,0
1,6,0,203,0,0,0,0,0,0,1
0,3,0,37,0,0,0,0,0,1,0
1,6,0,3,0,0,0,0,3,0,0
0,5,0,247,0,0,0,0,1,0,0
0,3,0,2,0,0,0,0,0,1,0
0,5,0,176,0,0,0,0,0,0,0
0,5,0,27,0,0,0,0,0,0,0
0,5,0,55,0,0,0,0,0,0,0
0,6,0,36,0,0,0,0,2,0,0
0,6,0,2,0,0,0,0,0,0,0
0,4,1,156,0,0,0,0,0,1,1
0,5,1,204,0,0,96,0,0,1,1
0,5,0,0,0,0,0,0,0,0,0
0,3,0,2,0,0,0,0,0,1,0
0,6,0,229,0,0,0,0,1,0,0
0,4,1,68,1,0,0,0,0,1,1
0,6,0,230,0,0,0,0,4,0,1
0,6,0,5,0,0,0,0,1,0,0
1,3,0,2,0,0,0,0,0,0,0
1,5,0,22,0,0,0,0,0,0,0
0,3,0,0,0,0,0,0,0,0,0
0,6,0,156,0,0,0,0,1,0,0
0,6,0,257,0,0,0,0,0,1,1
1,6,0,2,0,0,0,0,1,0,0
1,6,0,0,0,0,0,0,0,0,0
1,3,0,26,0,2,0,0,1,0,0
0,6,0,240,0,0,0,1,2,0,0
0,4,1,91,0,0,20,0,0,1,1
0,3,0,3,0,0,0,0,2,0,0
0,5,0,322,0,0,0,0,1,0,0
0,5,0,195,1,0,0,0,0,1,1
0,6,0,175,0,0,0,0,0,1,1
0,6,0,142,0,0,0,0,1,0,0
1,4,0,40,0,0,0,0,0,0,0
0,6,0,18,0,0,0,0,0,0,1
0,4,0,208,0,0,0,0,0,0,0
0,3,0,100,0,0,0,0,1,0,0
0,4,1,297,1,0,0,0,0,1,1
0,6,0,31,0,0,0,1,2,0,0
0,2,0,5,0,0,0,0,0,1,0
1,5,0,86,0,0,0,0,0,0,0
0,6,0,21,0,0,0,0,0,1,1
1,6,0,107,0,0,0,0,2,0,0
0,6,0,16,0,0,0,0,1,0,0
1,4,0,21,0,0,0,0,0,0,0
1,6,0,12,0,0,0,2,0,0,0
0,3,0,37,0,0,0,0,3,0,0
1,2,0,70,0,0,0,0,0,0,1
1,3,0,0,0,0,0,3,0,0,0
0,6,0,3,0,0,0,0,2,0,0
0,3,0,101,0,0,0,0,0,0,0
0,6,0,260,0,0,0,0,2,0,0
0,5,1,259,0,0,60,0,0,1,1
0,5,0,8,0,0,0,0,0,0,0
0,6,0,11,0,0,0,0,1,1,0
0,3,0,107,0,0,0,0,2,0,0
0,4,0,132,0,0,0,0,0,0,0
1,3,0,0,0,0,0,0,0,0,0
1,5,0,39,0,0,0,0,1,0,0
0,3,0,0,0,0,0,0,0,0,0
0,3,0,6,0,0,0,0,1,0,0
1,5,0,53,0,0,0,0,0,0,0
0,6,0,1,0,0,0,1,0,0,0
1,6,0,399,1,0,0,0,0,1,1
1,6,0,46,0,0,0,0,0,0,1
1,6,0,105,0,0,0,1,0,1,1
1,6,0,33,0,0,0,0,1,0,0
0,2,1,153,0,0,0,0,0,1,1
0,6,0,143,0,0,0,0,2,0,0
0,6,0,19,0,0,0,0,0,1,1
0,5,0,1,0,0,0,0,0,1,0
0,4,1,8,1,0,0,0,0,1,1
0,2,0,88,0,0,0,7,1,0,0
1,4,0,9,0,0,0,0,0,0,1
0,4,1,496,0,0,0,0,0,1,1
1,6,0,56,0,0,0,0,0,1,1
1,3,0,170,0,0,0,0,2,0,0
0,6,0,87,0,0,0,0,1,0,0
0,5,0,52,0,0,0,0,0,1,0
0,2,0,4,1,6,0,1,0,0,0
0,2,0,18,0,7,0,0,0,0,0
1,6,0,28,0,0,0,0,2,0,0
1,6,0,99,0,0,0,0,0,0,0
0,2,1,153,0,0,0,0,0,1,1
1,6,0,216,0,0,0,0,1,0,1
0,4,0,44,0,0,0,1,1,0,0
0,6,0,36,0,0,0,0,0,1,1
0,5,0,24,0,0,0,0,1,0,0
0,6,0,28,0,0,0,0,0,0,1
1,3,0,20,0,0,0,2,1,1,0
1,6,0,158,0,0,0,0,3,0,0
0,5,0,133,0,0,0,0,1,0,0
1,6,0,118,0,0,0,0,2,0,1
0,5,1,183,0,0,0,0,0,1,1
0,4,0,44,0,0,0,1,0,0,0
0,6,0,38,0,0,0,0,0,1,1
0,6,0,350,0,0,0,0,0,1,1
0,6,0,103,0,0,0,0,1,0,0
1,4,0,287,0,0,0,1,0,0,0
0,4,1,545,0,0,0,0,0,1,1
0,5,1,315,0,0,0,0,0,1,1
1,6,0,202,0,0,0,0,1,1,0
0,6,0,76,0,0,0,0,0,1,0
1,3,0,2,0,0,0,0,1,0,0
0,6,0,48,0,0,0,0,0,0,0
1,6,0,21,0,0,0,0,1,1,0
0,5,0,120,0,0,0,0,0,0,0
1,5,0,7,0,0,0,0,0,0,0
0,6,0,202,0,0,0,0,0,0,1
0,4,1,61,0,0,0,0,0,1,1
0,6,0,16,0,0,0,1,0,0,0
0,3,0,207,0,0,0,2,0,1,0
0,3,0,66,0,0,0,0,0,0,0
0,4,0,48,0,0,0,0,0,0,1
1,6,0,156,0,0,0,0,1,0,0
0,5,0,11,0,0,0,0,0,0,0
0,6,0,71,0,0,0,0,0,1,1
1,6,0,33,0,0,0,0,0,1,1
0,5,0,291,0,1,44,0,0,0,0
0,6,0,164,0,0,0,0,1,1,0
0,4,0,70,0,0,0,0,0,0,0
1,5,0,38,0,0,0,0,1,0,0
0,4,1,162,0,0,0,0,0,1,1
0,3,0,2,0,0,0,0,1,0,0
0,2,0,12,0,0,0,0,0,0,0
0,5,0,111,0,0,0,2,0,1,0
0,2,0,10,0,0,0,0,0,0,0
0,6,0,1,0,0,0,0,0,0,0
1,6,0,210,0,0,0,2,1,1,0
1,3,0,0,0,0,0,0,0,0,0
1,5,0,219,0,0,0,0,0,0,1
1,5,0,84,0,0,0,0,1,0,0
0,1,0,0,0,0,0,0,0,0,0
0,6,0,93,0,0,0,0,1,0,0
1,6,0,154,0,0,0,0,1,0,1
0,4,1,28,0,0,0,0,0,1,1
0,6,0,28,0,0,0,0,4,1,0
0,6,0,36,0,0,0,0,1,1,0
0,5,1,161,0,0,101,0,0,1,1
1,5,0,55,0,0,0,0,1,0,1
0,4,0,40,0,0,0,0,0,0,1
1,5,0,66,0,0,0,2,1,0,0
0,6,0,16,0,0,0,0,0,0,1
1,5,0,177,1,0,0,0,2,1,1
0,6,0,5,0,0,0,0,3,0,0
0,2,0,41,0,0,0,0,0,0,0
0,2,0,68,0,0,0,0,1,1,1
0,5,0,181,0,0,0,0,0,0,0
0,6,0,210,0,0,0,0,1,1,0
1,3,0,5,0,0,0,0,0,0,0
1,4,0,185,0,0,0,0,0,0,0
0,6,0,0,0,0,0,0,0,0,0
1,6,0,63,0,0,0,0,1,0,0
0,6,0,24,0,0,0,0,2,0,0
1,6,0,69,0,0,0,0,0,0,1
0,4,1,189,0,0,0,0,0,1,1
0,6,0,4,0,0,0,0,1,0,0
0,5,0,40,0,0,40,0,0,0,0
1,2,0,6,0,4,0,1,0,0,0
0,6,0,7,0,0,0,0,1,1,0
1,5,0,99,0,0,0,0,0,1,0
1,6,0,149,0,0,0,0,1,0,1
0,5,1,102,0,0,0,0,0,1,1
0,6,0,3,0,0,0,0,2,0,0
0,3,0,48,0,0,0,0,0,0,0
0,6,0,58,0,0,0,0,0,1,1
1,6,0,50,0,0,0,0,1,0,0
0,6,0,106,0,0,0,0,0,1,1
0,5,0,122,0,0,0,0,0,0,0
0,3,0,116,0,0,0,0,0,0,1
0,6,0,30,0,0,0,0,0,1,1
0,4,0,50,0,0,0,0,0,0,0
0,6,0,21,0,0,0,0,1,1,0
0,6,0,21,0,0,0,0,1,0,0
0,5,1,193,0,0,39,0,0,1,1
0,6,0,227,0,0,0,2,2,1,0
0,6,0,249,0,0,0,0,1,0,0
0,6,0,19,0,0,0,0,2,0,0
0,5,0,39,0,0,0,0,0,1,1
1,3,0,286,0,0,0,0,0,0,0
0,6,0,278,0,0,0,0,1,1,1
0,4,1,468,0,0,0,0,0,1,1
0,5,1,178,1,0,46,0,0,1,1
0,6,0,31,0,0,0,0,2,0,0
0,4,0,0,0,0,0,0,0,0,0
0,5,0,124,0,0,0,0,0,1,0
0,6,0,152,0,0,0,0,2,0,0
0,6,0,143,0,0,0,0,0,1,1
1,5,0,119,0,0,0,0,0,0,0
0,4,0,36,0,0,0,0,0,0,0
0,5,0,97,0,0,0,0,0,0,0
0,5,0,91,0,0,0,0,1,0,0
0,3,0,8,0,0,0,0,0,0,0
1,6,0,97,0,0,0,0,1,0,0
0,6,0,217,0,0,0,0,3,0,1
0,3,0,11,0,0,0,0,1,0,0
1,6,0,14,0,0,0,0,0,1,0
0,5,1,250,0,0,0,0,0,1,1
0,5,1,166,0,0,0,0,0,1,1
1,2,0,2,1,8,0,0,2,0,0
0,6,0,65,0,0,0,0,1,0,0
1,6,0,15,0,0,0,0,1,0,0
0,5,1,221,1,0,15,0,0,1,1
0,6,0,28,0,0,0,0,0,0,1
0,6,0,3,0,0,0,0,0,0,0
1,6,0,18,0,0,0,0,1,1,0
1,5,0,27,0,0,0,0,1,0,0
0,4,0,191,13,1,31,0,0,1,1
1,2,0,53,0,0,0,0,1,1,0
0,6,0,101,0,0,0,0,1,0,0
0,5,0,1,0,0,0,0,0,0,0
1,5,0,159,0,0,0,0,1,0,0
0,4,1,393,0,0,0,0,0,1,1
0,6,0,94,0,0,0,0,0,1,1
0,4,1,137,1,0,45,0,0,1,1
1,3,0,8,0,0,0,0,0,0,0
0,6,0,63,0,0,0,0,1,0,0
1,6,0,97,0,0,0,0,1,1,0
1,6,0,27,0,1,0,0,2,0,0
1,2,0,86,0,0,0,1,0,0,0
1,6,0,87,0,0,0,0,0,0,1
1,5,0,145,0,0,0,0,1,1,1
0,4,1,88,0,0,0,0,0,1,1
0,2,0,13,0,0,0,0,0,1,0
0,6,0,112,0,0,0,0,2,1,0
0,3,0,1,0,0,0,0,0,0,0
1,6,0,231,0,0,0,0,2,1,0
0,4,1,419,0,0,0,0,0,1,1
1,3,0,189,0,0,0,1,1,0,0
0,6,0,19,0,0,0,0,1,0,0
0,6,0,146,0,0,0,0,1,0,0
0,6,0,3,0,0,0,0,0,0,0
1,5,0,204,0,0,0,0,1,0,0
0,4,0,93,0,0,0,0,0,0,0
1,3,0,0,0,0,0,0,0,0,0
1,2,0,1,0,0,0,0,0,0,0
1,4,0,236,0,0,0,0,0,0,1
1,4,0,41,0,0,0,1,0,0,0
1,2,0,9,0,0,0,1,0,0,0
1,6,0,53,0,0,0,0,3,0,1
1,6,0,7,0,4,0,0,1,0,0
0,1,0,2,0,0,0,1,0,0,0
1,5,0,55,0,0,0,0,2,0,0
0,6,0,58,0,0,0,4,2,0,0
0,3,0,0,0,0,0,2,0,0,0
1,5,0,114,0,0,0,0,2,0,0
0,5,1,134,0,0,0,0,0,1,1
0,3,0,1,0,0,0,1,2,0,0
0,5,0,5,0,0,0,0,0,0,0
1,4,0,241,0,0,0,0,0,0,0
0,6,0,45,0,0,0,0,0,0,1
1,6,0,86,0,0,0,0,1,0,0
0,5,0,170,0,0,0,0,0,0,0
0,3,0,44,0,0,0,0,2,0,0
1,4,1,245,1,0,0,0,0,1,1
0,2,0,0,0,0,0,0,0,0,0
0,6,0,0,0,0,0,0,1,0,0
0,5,0,127,0,0,0,0,0,0,0
0,5,1,213,0,0,62,0,0,1,1
0,6,0,155,0,0,0,0,2,1,0
0,2,0,0,0,16,0,0,1,0,0
0,5,1,302,1,0,0,0,0,1,1
0,6,0,3,0,0,0,0,0,0,0
1,5,0,224,0,0,0,0,0,0,0
0,5,0,3,0,0,0,0,1,0,0
0,6,0,87,0,0,0,0,0,1,1
0,2,0,9,0,1,0,1,1,0,0
0,4,0,214,0,0,0,1,0,0,0
1,2,0,4,1,3,0,0,0,1,1
0,5,0,41,0,0,0,0,0,0,0
0,6,0,122,1,0,0,1,1,1,1
1,3,0,57,0,0,0,0,0,0,0
1,4,0,162,0,0,0,0,0,0,0
1,4,0,287,0,0,0,0,0,0,0
0,5,0,31,0,0,0,0,0,0,0
0,6,0,33,0,0,0,0,1,1,0
0,5,0,18,0,0,0,0,0,0,0
1,6,0,254,1,2,0,0,1,1,1
0,6,0,69,0,0,0,0,2,0,0
1,3,0,386,0,0,0,1,2,1,0
0,6,0,10,0,0,0,1,0,0,0
0,3,0,87,0,0,0,0,2,0,0
1,2,0,6,0,0,0,1,0,0,0
0,6,0,6,0,0,0,0,1,0,0
0,5,0,32,1,0,0,0,0,1,1
0,6,0,38,0,0,0,0,0,0,1
0,5,0,7,0,0,0,0,0,0,0
0,5,1,444,1,0,39,0,0,1,1
0,6,0,260,0,0,0,0,0,1,1
0,4,1,181,0,0,0,0,0,1,1
0,4,1,153,1,0,0,0,0,1,1
0,5,1,80,0,0,0,0,0,1,1
0,6,0,81,0,0,0,0,0,1,1
1,5,0,95,0,0,0,1,0,0,0
1,4,0,181,0,0,0,0,0,1,1
1,6,0,9,0,0,0,0,1,0,0
0,6,0,51,0,0,0,0,1,0,0
0,6,0,73,0,0,0,0,1,1,0
1,4,0,286,0,0,0,1,0,0,0
0,4,0,248,0,0,0,0,1,0,0
0,6,0,30,0,0,0,2,0,0,0
1,6,0,28,0,0,0,0,1,1,0
0,6,0,137,0,0,0,0,1,0,0
0,6,0,23,0,0,0,0,2,0,0
1,6,0,0,0,0,0,3,0,0,0
1,3,0,113,0,0,0,1,0,0,0
0,6,0,16,0,0,0,0,0,1,1
0,5,0,21,0,0,0,1,0,0,0
1,2,0,2,0,0,0,0,0,0,0
0,6,0,17,0,0,0,0,0,1,0
0,6,0,30,0,0,0,0,0,0,1
0,6,0,5,0,0,0,0,1,0,0
1,6,0,0,0,0,0,1,0,0,0
1,6,0,45,0,0,0,1,0,0,0
1,6,0,19,0,0,0,0,0,0,0
1,5,0,96,0,0,0,0,1,0,1
0,4,1,419,0,0,0,0,0,1,1
1,2,0,6,0,0,0,0,0,0,0
0,6,0,62,0,0,0,0,0,0,1
0,6,0,60,0,0,0,0,0,1,1
0,6,0,96,0,0,0,0,1,0,0
0,3,0,6,0,0,0,0,0,0,0
0,6,0,170,0,0,0,0,0,1,1
0,6,0,4,0,0,0,0,0,0,0
1,6,0,229,0,0,0,0,0,1,0
0,6,0,35,0,0,0,0,1,0,0
1,3,0,0,0,0,0,0,0,0,0
0,5,0,85,0,0,0,0,1,0,0
0,4,0,65,0,0,0,0,0,1,0
0,5,0,118,0,0,0,1,0,0,0
1,6,0,34,0,0,0,0,2,0,0
0,5,0,96,0,0,0,0,1,0,0
0,5,0,2,0,0,0,0,0,0,0
1,6,0,16,0,1,0,0,1,0,0
0,4,1,309,0,0,0,0,0,1,1
0,4,1,37,0,0,0,0,0,1,1
1,6,0,40,0,0,0,0,1,0,0
0,6,0,57,0,0,0,0,1,0,0
0,6,0,144,0,0,0,0,0,1,1
1,2,0,19,0,5,0,0,1,0,0
0,6,0,123,0,0,0,1,1,0,0
0,6,0,129,0,0,0,0,2,0,0
1,6,0,0,0,0,0,0,2,0,0
0,5,1,304,0,0,0,0,0,1,1
0,5,1,56,0,0,0,0,0,1,1
0,3,0,0,0,0,0,1,0,0,0
0,5,0,63,0,0,0,0,0,1,0
0,6,0,151,0,0,0,1,2,0,0
0,6,0,231,0,0,0,0,1,0,0
1,5,0,3,0,0,0,0,0,0,0
0,6,0,1,0,0,0,0,1,0,0
0,6,0,89,0,0,0,0,0,1,1
1,6,0,123,0,0,0,0,0,1,1
0,6,0,88,0,0,0,0,1,0,0
0,6,0,110,0,0,0,0,1,1,0
1,4,1,148,0,0,0,0,0,1,1
1,6,0,10,0,0,0,0,1,0,0
0,6,0,35,0,0,0,0,0,0,1
1,5,0,67,0,0,0,0,0,0,0
0,6,0,224,0,0,0,0,1,0,0
0,6,0,44,0,0,0,0,0,1,1
0,4,0,189,0,0,0,0,1,0,0
1,4,0,251,0,0,0,0,1,0,0
0,6,0,38,0,0,0,0,3,1,0
1,6,0,236,0,0,0,0,2,0,0
0,5,1,259,0,0,60,0,0,1,1
0,6,0,46,0,0,0,0,2,0,0
0,4,0,48,0,0,0,0,1,0,0
0,6,0,23,0,0,0,0,1,1,0
0,6,0,1,0,0,0,0,2,0,0
0,5,0,44,0,0,0,0,1,0,0
0,1,0,0,0,0,0,0,1,0,0
0,4,1,277,0,0,0,0,0,1,1
0,6,0,20,0,0,0,0,1,0,0
1,5,0,38,0,0,0,0,1,0,0
1,6,0,46,0,0,0,0,2,0,1
1,2,0,0,0,2,0,1,0,0,0
0,4,1,148,0,0,0,0,0,1,1
0,6,0,2,0,0,0,0,1,0,0
0,3,0,21,0,0,0,0,0,0,0
0,2,0,88,0,0,0,0,0,0,0
1,5,0,11,1,0,0,0,0,1,1
1,3,0,14,0,0,0,0,2,0,0
1,6,0,7,0,0,0,0,1,1,0
1,6,0,130,0,0,0,0,0,0,1
0,6,0,94,0,0,0,0,0,1,1
1,3,0,50,0,0,0,0,2,0,0
1,2,0,0,0,0,0,1,0,0,0
0,2,0,13,0,0,0,1,2,0,0
0,5,0,4,0,0,0,0,0,1,0
0,6,0,19,0,0,0,0,0,1,1
0,4,1,332,1,0,0,0,0,1,1
0,6,0,117,0,0,0,1,0,1,0
0,5,1,213,0,0,62,0,0,1,1
0,6,0,144,0,0,0,2,0,0,0
0,6,0,21,0,0,0,0,1,0,0
0,6,0,8,0,0,0,0,2,0,0
0,2,0,0,0,6,0,0,0,0,0
1,6,0,151,0,0,0,0,1,1,1
0,6,0,156,0,0,0,0,0,0,1
0,4,1,158,0,0,31,0,0,1,1
0,5,0,396,0,0,0,0,1,0,0
0,2,0,1,0,1,0,0,0,0,0
0,6,0,89,0,0,0,0,2,1,0
1,5,0,134,0,0,0,3,0,0,0
0,4,0,72,0,0,58,0,1,0,0
0,6,0,194,0,0,0,0,0,0,1
0,6,0,91,0,0,0,0,0,1,1
0,6,0,54,0,0,0,0,1,0,0
1,5,0,111,0,0,0,0,0,0,0
1,4,0,383,0,2,0,0,0,0,0
1,4,1,393,0,0,0,0,0,1,1
0,4,1,300,0,0,0,0,0,1,1
0,5,1,211,0,0,111,0,0,1,1
0,5,0,149,0,0,0,0,0,0,0
0,4,1,101,0,0,0,0,0,1,1
1,6,0,58,0,0,0,0,2,0,0
0,6,0,151,0,0,0,0,2,0,0
0,6,0,128,0,0,0,0,2,0,0
0,4,1,277,0,0,0,0,0,1,1
1,4,1,168,0,0,0,0,0,1,1
0,6,0,64,0,0,0,0,0,0,1
1,3,0,39,0,0,0,0,0,0,0
0,4,1,68,1,0,0,0,0,1,1
0,6,0,29,0,0,0,0,0,1,1
1,5,0,14,0,0,0,1,0,0,0
0,6,0,153,0,0,0,0,1,0,0
0,5,1,301,1,0,0,0,0,1,1
0,4,1,386,0,0,0,0,0,1,1
1,6,0,0,0,0,0,0,2,0,0
0,6,0,1,0,0,0,0,2,0,0
0,6,0,38,0,0,0,1,1,0,0
1,6,0,81,0,0,0,0,1,0,0
0,5,0,423,0,0,0,0,1,0,0
0,6,0,93,0,0,0,0,0,0,1
1,4,0,76,0,0,0,0,0,1,1
0,6,0,103,0,0,0,0,1,1,0
0,6,0,105,0,0,0,0,1,1,0
1,6,0,43,0,0,0,0,2,0,0
0,6,0,3,0,0,0,1,1,0,0
0,6,0,48,0,0,0,0,0,0,0
0,6,0,18,0,0,0,0,0,0,1
0,4,0,46,0,0,0,0,0,0,1
0,6,0,1,0,0,0,2,2,0,0
1,3,0,229,0,0,0,4,1,0,0
0,4,1,302,0,0,0,0,0,1,1
0,5,0,32,1,0,0,0,0,1,1
0,2,0,0,0,0,0,0,1,0,0
0,6,0,54,0,0,0,0,0,1,1
1,6,0,222,0,0,0,0,2,0,0
0,4,0,17,0,0,0,1,0,0,0
0,5,0,22,0,0,0,0,0,0,0
0,3,0,180,0,0,0,0,0,1,0
0,6,0,31,0,0,0,0,1,1,0
0,6,0,212,0,0,0,0,4,0,0
0,6,0,20,0,0,0,1,0,0,0
1,6,0,52,0,0,0,0,0,1,1
0,6,0,14,0,0,0,0,2,0,0
1,3,0,13,0,0,0,0,0,0,0
1,4,1,197,0,0,0,0,0,1,1
0,6,0,2,0,0,0,0,0,0,0
0,6,0,131,0,0,0,0,1,0,0
1,4,0,202,0,0,0,1,1,0,0
0,5,0,191,0,0,0,0,0,0,0
1,4,0,112,0,0,0,0,0,0,0
0,6,0,17,0,0,0,0,0,1,0
0,6,0,108,0,0,0,0,1,0,0
0,5,0,145,0,0,0,0,0,0,0
0,6,0,258,0,0,0,0,0,1,1
1,4,0,10,0,0,0,0,0,0,0
0,6,0,18,0,0,0,0,1,1,0
0,6,0,158,0,0,0,0,1,0,0
0,5,1,74,0,0,0,0,0,1,1
1,5,0,11,0,0,0,0,0,0,0
0,4,1,104,0,0,0,0,0,1,1
0,6,0,22,0,0,0,0,0,1,1
1,3,0,1,0,0,0,0,0,0,0
0,2,0,1,0,0,0,0,0,0,0
0,5,1,280,0,0,35,0,0,1,1
0,4,0,55,0,0,0,0,0,1,0
0,6,0,120,0,0,0,1,5,0,0
1,5,0,5,0,0,0,0,0,0,0
1,6,0,85,0,0,0,0,2,0,0
1,6,0,106,0,0,0,0,1,0,0
1,6,0,143,0,0,0,0,0,1,1
1,3,0,0,0,0,0,0,0,0,0
1,6,0,160,0,0,0,0,1,1,0
0,6,0,131,0,0,0,0,0,1,1
0,6,0,315,0,0,0,3,2,1,0
0,4,0,66,0,0,0,0,1,0,0
0,6,0,27,0,0,0,0,0,0,1
0,6,0,23,0,0,0,0,2,0,0
0,6,0,86,0,0,0,0,1,0,0
1,5,0,236,0,0,0,0,0,0,0
0,6,0,211,0,0,0,0,0,1,1
0,6,0,230,0,0,0,0,1,1,0
1,6,0,25,0,0,0,0,1,0,0
0,4,1,92,0,0,0,0,0,1,1
0,6,0,21,0,0,0,0,2,0,0
1,3,0,35,0,0,0,0,2,1,0
0,5,0,67,0,0,0,0,0,0,0
0,4,1,503,0,0,0,0,0,1,1
0,5,0,32,0,0,0,0,1,0,0
0,6,0,153,0,0,0,0,0,0,0
0,5,1,113,0,0,0,0,0,1,1
0,6,0,14,0,0,0,0,1,0,0
0,4,0,56,0,0,0,1,0,0,0
1,6,0,133,0,0,0,0,1,1,0
0,6,0,128,1,0,0,0,1,1,1
0,5,0,115,0,0,0,1,0,0,0
1,6,0,70,0,0,0,0,0,1,0
0,5,0,189,0,0,0,0,0,0,0
0,6,0,161,0,0,0,1,1,1,1
1,2,0,2,0,0,0,0,0,0,0
1,4,0,36,0,0,0,0,0,0,0
1,5,0,92,0,0,0,0,0,0,0
1,6,0,53,0,0,0,0,1,0,0
0,5,1,183,0,0,0,0,0,1,1
1,3,0,5,0,0,0,0,1,0,0
0,6,0,18,0,0,0,0,0,1,1
0,6,0,64,0,0,0,2,1,0,0
1,6,0,49,0,0,0,0,1,1,0
0,4,0,69,0,0,58,0,0,0,0
0,4,1,50,0,0,0,0,0,1,1
0,6,0,89,0,0,0,0,0,0,1
0,5,1,137,0,0,0,0,0,1,1
1,2,0,16,0,5,0,1,0,0,0
1,6,0,34,0,0,0,1,3,0,0
0,5,0,14,0,0,0,0,0,0,0
0,3,0,189,0,0,0,2,0,0,0
1,3,0,0,0,0,0,1,0,0,0
1,3,0,23,0,0,0,0,0,1,0
0,4,0,290,1,0,0,0,0,1,1
0,3,0,26,0,0,0,0,0,1,0
0,6,0,38,0,0,0,0,1,0,0
1,2,0,6,0,4,0,0,0,0,0
0,5,0,56,0,0,0,0,0,1,0
0,6,0,67,0,0,0,0,0,1,1
0,6,0,260,0,0,0,0,1,1,0
0,5,0,320,0,0,0,1,0,0,0
1,6,0,322,0,0,0,0,1,0,1
1,4,1,124,0,0,0,1,0,1,1
0,6,0,7,0,0,0,0,2,0,0
0,5,0,153,0,0,0,0,0,0,0
0,6,0,3,0,0,0,0,1,0,0
0,5,0,90,0,0,0,0,0,1,0
1,6,0,82,0,0,0,0,1,0,0
0,2,0,15,0,0,0,0,0,0,0
0,3,0,214,0,0,0,0,2,0,0
0,6,0,348,0,0,0,0,2,0,0
1,6,0,21,0,0,0,0,1,0,0
0,6,0,0,0,0,0,0,0,0,0
0,6,0,116,0,0,0,0,1,0,0
0,6,0,16,0,0,0,0,1,0,0
0,6,0,6,0,0,0,0,1,0,0
1,5,0,174,0,0,0,0,0,0,0
0,6,0,58,0,0,0,0,0,1,1
0,6,0,43,0,0,0,0,1,0,0
0,5,1,178,1,0,46,0,0,1,1
0,3,0,65,0,0,0,2,0,1,1
0,4,1,97,0,0,0,0,0,1,1
1,6,0,13,0,0,0,0,2,0,0
0,5,0,145,0,0,0,0,0,1,0
0,3,0,206,0,0,0,1,1,0,0
0,6,0,110,0,0,0,0,1,1,0
0,6,0,195,0,0,0,5,0,1,1
1,6,0,54,0,0,0,1,0,0,0
0,2,0,0,0,1,0,1,0,0,0
0,6,0,2,0,0,0,1,0,0,0
0,4,1,391,0,0,0,0,0,1,1
1,3,0,32,0,0,0,1,2,0,0
1,6,0,41,0,0,0,0,1,0,0
0,6,0,37,0,0,0,1,0,1,0
0,6,0,19,0,0,0,0,0,1,1
0,6,0,93,0,0,0,0,2,1,1
0,6,0,38,0,0,0,1,3,0,0
0,6,0,4,0,0,0,0,2,0,0
0,6,0,25,0,0,0,0,0,0,0
0,6,0,6,0,0,0,0,1,0,0
0,2,0,0,0,0,0,0,0,0,0
1,5,0,1,0,0,0,0,0,0,0
0,6,0,0,0,0,0,0,0,0,0
0,3,0,121,0,0,0,0,0,0,0
1,6,0,72,0,0,0,2,0,1,0
0,6,0,52,0,0,0,0,0,1,1
0,6,0,33,0,0,0,0,1,0,0
0,6,0,179,0,0,0,0,2,1,0
1,5,0,223,0,0,0,0,0,0,0
0,6,0,118,0,0,0,0,1,0,0
0,3,0,64,0,0,0,0,1,1,0
0,6,0,34,0,0,0,0,1,0,0
0,3,0,213,0,0,0,0,1,1,0
0,6,0,73,0,0,0,0,0,1,1
0,6,0,52,0,0,0,0,0,1,1
0,6,0,150,0,0,0,0,1,0,0
1,4,0,40,0,0,0,0,0,0,0
0,5,0,457,0,0,0,1,1,0,0
0,4,1,28,0,0,0,0,0,1,1
0,6,0,104,0,0,0,0,0,1,1
1,6,0,83,0,0,0,0,3,1,0
1,6,0,184,0,0,0,1,2,1,0
0,5,0,3,0,0,0,1,0,1,0
1,3,0,0,1,2,0,0,0,0,1
0,6,0,177,0,0,0,0,0,1,1
1,6,0,18,0,0,0,0,3,0,1
0,6,0,1,0,0,0,0,1,0,0
1,4,1,171,0,0,0,0,0,0,0
0,5,0,163,0,0,0,0,0,0,0
0,6,0,20,0,0,0,1,0,0,0
0,6,0,241,0,0,0,0,0,0,1
0,6,0,2,0,0,0,0,1,0,0
1,2,0,31,0,0,0,0,0,1,1
1,6,0,87,0,0,0,0,0,0,1
0,6,0,90,0,0,0,0,2,0,0
0,4,1,37,0,0,0,0,0,1,1
0,6,0,198,0,0,0,0,1,0,0
1,6,0,136,0,0,0,0,1,0,0
0,3,0,0,0,0,0,0,1,0,0
0,6,0,2,0,0,0,0,1,0,0
0,6,0,127,0,0,0,0,1,1,0
1,6,0,108,0,0,0,0,1,1,0
1,6,0,20,0,0,0,0,2,0,0
0,6,0,64,0,0,0,0,3,1,0
0,4,0,134,0,0,0,0,0,1,0
0,5,0,1,0,0,0,0,2,0,0
0,3,0,11,0,0,0,2,1,0,0
1,4,0,156,0,0,0,3,1,0,0
0,6,0,84,0,0,0,0,1,1,0
0,6,0,6,0,0,0,0,0,1,0
1,6,0,2,0,0,0,0,1,0,0
0,2,0,99,1,0,0,0,0,1,1
1,2,0,28,0,1,0,0,0,0,0
0,5,0,32,0,0,0,0,0,0,0
0,4,0,409,0,0,0,0,2,0,0
1,3,0,13,0,0,0,0,0,0,0
0,6,0,134,0,0,0,0,2,1,0
0,6,0,157,0,0,0,0,1,0,0
0,6,0,1,0,0,0,0,0,0,0
0,2,0,2,0,2,0,0,2,0,0
1,2,0,3,0,1,0,0,0,0,0
0,3,0,0,0,0,0,0,0,1,0
0,6,0,15,0,0,0,0,2,1,0
1,1,0,6,0,0,0,0,0,0,0
1,4,1,393,0,0,0,0,0,1,1
0,6,0,12,0,0,0,0,0,0,1
0,3,0,9,0,0,0,0,0,0,0
1,6,0,68,0,0,0,0,1,0,0
0,5,0,110,0,0,0,0,1,0,0
0,6,0,1,0,0,0,0,2,0,0
0,6,0,1,0,0,0,1,1,0,0
1,6,0,117,0,0,0,0,1,0,0
1,6,0,26,0,0,0,0,1,1,0
0,6,0,192,0,0,0,0,1,0,0
1,6,0,1,0,0,0,0,1,0,0
1,5,0,65,0,0,0,0,0,0,0
1,6,0,25,0,0,0,0,1,1,0
0,6,0,72,0,0,0,0,1,1,0
1,6,0,4,0,0,0,0,0,0,0
0,5,0,56,0,0,0,0,0,0,0
0,6,0,26,0,0,0,0,0,1,1
1,3,0,2,0,0,0,1,0,0,0
0,6,0,113,0,0,0,0,0,1,1
0,6,0,199,0,0,0,1,0,1,1
0,5,1,169,0,0,0,0,0,1,1
0,6,0,1,0,0,0,0,0,0,0
0,4,1,156,0,0,0,0,0,1,1
1,4,1,155,0,0,0,0,0,1,1
0,6,0,239,0,0,0,0,1,0,0
0,4,1,351,0,0,0,0,0,1,1
0,3,0,15,0,0,0,1,0,0,0
1,4,0,224,0,0,0,3,0,0,0
1,6,0,93,0,0,0,0,0,1,1
0,5,0,15,0,0,0,0,0,0,0
1,2,0,37,0,0,0,1,0,0,0
1,3,0,0,0,0,0,0,0,0,0
0,6,0,16,0,0,0,0,1,0,0
1,6,0,3,0,0,0,0,0,1,0
0,6,0,131,0,0,0,0,0,1,1
0,6,0,15,0,0,0,1,0,0,0
0,5,1,108,0,0,28,0,0,1,1
0,4,0,315,0,0,38,0,0,1,1
0,5,1,34,1,0,0,0,0,1,1
1,6,0,239,0,0,0,0,0,1,1
1,5,0,67,0,0,0,0,0,0,0
1,3,0,204,0,0,0,0,1,0,0
0,6,0,216,0,0,0,0,2,0,0
1,1,0,3,0,0,0,1,0,0,0
1,6,0,265,0,0,0,0,1,0,0
0,6,0,9,0,0,0,2,0,1,0
0,6,0,199,0,0,0,1,1,1,0
1,5,0,186,0,0,0,0,1,0,0
0,6,0,33,0,0,0,0,1,1,0
0,6,0,2,0,0,0,1,1,1,0
1,6,0,57,0,0,0,0,2,0,0
0,6,0,205,0,0,0,0,2,1,0
0,6,0,23,0,0,0,0,1,0,0
0,4,1,300,0,0,0,0,0,1,1
0,6,0,20,0,0,0,1,0,0,0
0,6,0,237,0,0,0,0,0,0,1
0,5,0,0,0,0,0,0,0,0,0
0,5,0,4,0,0,0,0,1,0,0
0,4,1,89,0,0,0,0,0,1,1
1,4,0,155,0,0,0,0,1,0,0
1,6,0,2,0,0,0,0,0,1,0
1,6,0,31,0,0,0,0,0,0,1
0,5,0,125,0,0,0,0,2,0,0
0,6,0,51,0,0,0,0,1,1,0
0,6,0,35,0,0,0,0,0,1,1
0,6,0,136,0,0,0,0,0,1,0
1,6,0,40,0,0,0,1,0,0,0
1,4,0,234,0,0,0,0,1,0,0
0,6,0,66,0,0,0,2,0,0,1
1,6,0,16,0,0,0,0,2,0,0
0,5,0,145,0,0,0,0,0,0,0
0,4,0,190,11,25,31,0,0,1,1
0,6,0,94,0,0,0,0,1,0,0
0,5,0,68,0,0,0,1,1,0,0
0,4,1,426,0,0,0,0,0,1,1
0,5,0,457,0,0,0,1,1,0,0
1,6,0,104,0,0,0,0,1,1,0
1,5,0,52,0,0,0,2,2,0,0
1,1,0,0,0,0,0,2,1,0,0
1,3,0,0,0,0,0,0,0,0,0
0,5,1,372,0,0,0,0,0,1,1
0,3,0,166,0,0,0,0,0,0,0
0,6,0,18,0,0,0,0,0,0,1
1,3,0,59,0,0,0,1,0,0,1
1,6,0,65,0,0,0,0,0,1,1
0,6,0,90,0,0,0,0,2,0,0
0,2,0,0,0,0,0,0,0,0,0
1,6,0,126,0,0,0,0,2,1,0
1,5,0,0,0,0,0,0,0,0,0
0,5,0,479,0,0,0,0,1,0,0
1,3,0,94,0,0,0,2,0,1,0
1,6,0,40,0,0,0,0,2,0,0
1,6,0,182,0,0,0,0,1,1,0
0,5,0,143,0,0,0,0,0,0,0
0,5,0,62,0,0,0,0,1,0,0
1,4,0,388,0,0,0,0,0,0,0
1,6,0,6,0,0,0,0,2,0,0
0,6,0,15,0,0,0,0,1,1,0
1,3,0,0,0,0,0,0,0,0,0
0,6,0,5,0,0,0,0,1,1,0
0,6,0,108,0,0,0,0,1,1,0
0,3,0,36,0,0,0,0,0,0,0
1,5,0,45,0,0,0,0,0,0,0
0,2,0,40,0,1,0,1,0,0,0
0,4,1,243,0,0,0,0,0,1,1
0,4,1,223,1,0,40,0,0,1,1
0,4,0,59,0,0,0,0,0,0,0
1,5,0,214,0,0,0,0,0,0,0
0,4,0,215,0,0,0,0,0,0,0
0,3,0,67,0,0,0,5,2,0,0
0,4,1,286,0,0,75,0,0,1,1
1,5,0,93,0,0,0,0,0,0,0
0,2,0,0,0,0,0,0,0,0,0
0,6,0,4,0,0,0,0,1,0,0
0,6,0,190,0,0,0,0,0,1,1
0,6,0,28,0,0,0,0,1,0,0
0,6,0,60,0,0,0,0,0,0,1
0,5,0,118,0,0,0,0,0,1,0
1,6,0,41,0,0,0,2,2,0,0
0,6,0,70,0,0,0,0,0,1,1
1,5,0,30,0,0,0,1,0,0,0
1,6,0,37,0,0,0,0,1,0,0
0,5,0,120,0,0,0,0,0,0,0
0,5,0,60,0,0,0,0,0,1,0
0,6,0,40,0,0,0,0,0,1,1
0,6,0,64,0,0,0,0,1,0,0
1,2,0,1,0,1,0,0,0,0,0
0,6,0,188,0,0,0,0,1,0,0
0,4,1,82,1,0,21,0,0,1,1
1,5,0,0,0,0,0,0,0,0,0
1,6,0,160,0,0,0,0,0,1,1
1,6,0,10,0,0,0,0,1,0,0
0,4,0,0,0,0,0,0,0,0,0
0,5,1,258,0,0,0,0,0,1,1
1,3,0,0,0,0,0,0,0,0,0
0,6,0,21,0,0,0,0,0,1,1
0,4,1,56,0,0,0,0,0,1,1
1,6,0,55,0,0,0,0,2,0,0
0,6,0,141,0,0,0,0,1,0,0
1,5,0,5,0,0,0,0,0,0,0
0,4,1,179,0,0,0,0,0,1,1
1,4,0,32,0,0,0,0,0,0,0
0,6,0,5,0,0,0,0,2,0,0
0,6,0,6,0,0,0,0,0,1,0
0,5,0,219,0,0,0,0,0,0,0
0,4,1,295,0,0,0,0,0,1,1
1,4,0,276,0,0,0,1,0,0,0
0,6,0,120,0,0,0,0,1,0,0
1,4,0,66,0,0,0,0,0,1,0
0,6,0,93,0,0,0,0,1,0,0
1,4,1,259,1,0,0,0,0,1,1
0,6,0,10,0,0,0,0,0,1,1
0,6,0,107,0,0,0,0,0,0,0
0,6,0,8,0,0,0,0,0,0,0
0,5,0,141,0,0,0,0,0,0,0
1,6,0,10,0,0,0,0,0,0,0
0,6,0,14,0,0,0,0,0,1,1
0,6,0,51,0,0,0,5,2,1,1
1,6,0,16,0,0,0,0,1,0,0
0,6,0,112,0,0,0,0,2,0,0
1,5,1,275,26,0,0,0,0,1,1
1,4,1,393,0,0,0,0,0,1,1
0,4,0,34,0,0,0,2,0,0,0
0,5,0,301,0,0,0,0,1,0,0
0,6,0,62,0,0,0,0,1,1,0
0,6,0,149,0,0,0,0,0,1,1
0,2,0,15,0,0,0,0,0,0,0
0,6,0,14,0,0,0,0,0,1,1
1,3,0,13,0,0,0,0,0,1,0
0,4,1,148,0,0,0,0,0,1,1
0,6,0,27,0,0,0,0,0,1,1
0,6,0,200,0,0,0,0,1,0,0
0,5,0,199,1,0,0,0,0,1,1
0,5,0,31,0,0,0,0,0,0,0
0,6,0,33,0,0,0,0,1,0,0
1,4,0,8,0,0,0,2,0,1,0
0,3,0,0,0,0,0,1,0,0,0
0,5,0,180,0,0,0,1,0,0,0
1,4,0,41,0,0,0,1,0,1,0
1,6,0,275,0,0,0,0,2,1,0
0,6,0,211,0,0,0,0,0,1,1
1,6,0,115,0,0,0,0,0,0,1
1,5,0,143,0,0,0,0,0,0,0
0,6,0,24,0,0,0,0,0,0,1
0,6,0,10,0,0,0,0,2,0,0
0,6,0,309,0,0,0,0,3,0,0
0,6,0,2,0,0,0,1,0,0,0
0,5,1,301,1,0,0,0,0,1,1
0,6,0,119,0,0,0,0,0,1,0
0,6,0,34,0,0,0,1,2,0,0
0,4,0,330,1,0,0,0,0,1,1
0,6,0,205,0,0,0,0,1,0,1
0,4,0,57,0,0,0,0,1,0,0
0,6,0,108,0,0,0,0,0,1,0
0,6,0,50,0,0,0,0,1,0,0
0,6,0,36,0,0,0,0,0,1,1
0,6,0,22,0,0,0,0,1,1,0
1,6,0,200,0,0,0,0,1,1,1
0,6,0,41,0,0,0,1,0,0,0
1,6,0,268,0,0,0,0,0,1,0
0,5,0,152,0,0,0,0,1,0,0
0,6,0,91,0,0,0,0,2,1,0
0,6,0,6,0,0,0,0,1,0,0
1,6,0,12,0,0,0,0,2,0,0
0,4,0,198,0,0,98,0,0,0,0
0,5,0,78,0,0,0,0,0,0,0
0,4,0,29,0,0,0,0,0,1,0
0,4,0,267,1,0,0,0,0,1,1
0,6,0,32,0,0,0,0,1,0,0
0,2,0,14,1,3,0,0,0,0,0
0,6,0,16,0,0,0,0,0,0,1
0,5,0,133,0,0,0,0,0,0,0
0,6,0,0,0,0,0,0,0,0,0
0,4,1,201,0,0,0,0,0,1,1
0,6,0,176,1,0,0,0,1,1,1
0,6,0,50,0,0,0,0,0,0,1
1,3,0,37,1,4,0,0,0,0,1
0,6,0,253,0,0,0,0,1,0,0
0,6,0,159,1,0,0,0,1,1,1
0,6,0,126,0,0,0,0,0,1,1
1,6,0,27,0,0,0,1,1,0,1
0,5,0,81,0,0,4,0,0,0,1
0,6,0,206,0,0,0,0,3,1,1
0,6,0,89,0,0,0,5,2,0,0
1,5,0,11,0,0,0,0,1,0,0
0,4,0,99,0,0,0,2,0,0,0
0,5,0,69,0,0,0,0,1,0,0
1,5,0,40,0,0,0,0,0,0,0
1,6,0,48,0,0,0,0,1,0,0
0,6,0,153,0,0,0,0,1,0,0
0,6,0,123,0,0,0,0,0,1,1
1,6,0,77,0,0,0,0,0,1,1
1,3,0,141,0,0,0,2,0,0,1
0,5,1,305,0,0,0,0,0,1,1
0,6,0,29,0,0,0,0,1,0,0
1,5,0,247,0,0,0,0,0,0,0
0,3,0,112,0,0,0,0,1,0,0
0,5,1,102,0,0,0,0,0,1,1
0,6,0,58,0,0,0,0,1,0,0
0,3,0,26,0,0,0,0,0,1,0
0,5,0,265,0,0,0,0,1,0,0
0,3,0,0,0,0,0,0,1,0,0
0,5,0,68,0,0,0,2,0,0,0
0,4,1,91,0,0,20,0,0,1,1
1,6,0,247,0,0,0,0,1,0,1
0,6,0,122,0,0,0,0,0,1,0
1,6,0,62,0,0,0,0,2,0,0
0,4,1,559,0,0,0,0,0,1,1
0,4,1,186,0,0,0,0,0,1,1
1,5,0,203,1,0,0,0,1,1,1
0,5,0,74,0,0,0,0,1,1,1
0,4,1,143,0,0,0,0,0,1,1
1,6,0,0,0,0,0,0,0,0,0
1,5,0,77,0,0,0,0,0,0,0
0,3,0,24,0,0,0,1,1,0,0
1,3,0,1,0,0,0,0,1,0,0
1,6,0,93,0,0,0,0,0,1,1
1,6,0,158,0,3,0,0,2,0,0
1,5,0,207,0,0,0,0,0,0,0
0,2,0,8,1,6,0,0,0,0,0
1,5,0,34,0,0,0,2,0,0,0
0,4,1,88,0,0,0,0,0,1,1
0,6,0,89,0,0,0,0,2,0,0
0,4,0,316,0,0,0,0,0,0,0
0,5,0,192,0,0,0,0,0,0,0
0,5,0,20,0,0,0,0,0,1,0
0,6,0,134,0,0,0,0,1,1,0
0,6,0,47,0,0,0,0,2,0,0
0,4,1,229,0,0,0,0,0,1,1
0,6,0,25,0,0,0,3,0,1,1
0,6,0,9,0,0,0,0,1,0,0
1,5,0,47,0,0,0,0,1,0,0
0,6,0,101,0,0,0,0,0,0,1
1,6,0,59,0,0,0,0,1,0,0
0,3,0,170,0,0,0,1,0,1,0
1,3,0,17,0,0,0,0,0,0,0
0,6,0,34,0,0,0,0,1,1,0
0,6,0,42,0,0,0,0,2,0,0
0,3,0,5,0,1,0,0,0,0,0
0,4,0,328,0,0,38,0,1,0,0
0,6,0,186,0,0,0,0,2,0,0
0,4,0,315,0,0,38,0,1,0,0
0,6,0,0,0,0,0,0,1,0,0
0,6,0,30,0,0,0,1,2,0,0
0,6,0,67,0,0,0,0,1,1,0
0,6,0,64,0,0,0,0,1,0,0
1,6,0,247,0,0,0,0,0,1,1
1,2,0,15,0,0,0,1,0,0,0
0,6,0,40,0,0,0,0,1,1,0
0,5,0,191,0,0,0,1,0,0,0
0,2,0,23,0,0,0,0,0,1,0
0,4,1,328,1,0,0,0,0,1,1
0,6,0,176,0,0,0,0,0,1,1
1,6,0,221,0,0,0,0,2,1,0
0,6,0,8,0,0,0,0,0,0,0
1,5,0,93,0,0,0,1,0,0,0
0,6,0,13,0,0,0,0,1,0,0
1,3,0,55,0,0,0,0,0,0,0
0,5,1,433,0,0,0,0,0,1,1
1,4,0,22,0,0,0,0,0,0,0
0,6,0,69,0,0,0,0,1,1,0
0,4,1,358,1,0,0,0,0,1,1
0,4,1,28,0,0,0,0,0,1,1
1,6,0,0,0,0,0,0,2,0,0
0,5,0,26,0,0,0,0,0,1,0
1,5,0,99,0,0,0,0,1,0,0
0,5,1,166,0,0,0,0,0,1,1
1,6,0,14,0,0,0,0,1,0,0
0,5,0,116,0,0,0,1,0,1,0
1,3,0,42,0,0,0,0,0,0,0
0,2,0,0,6,72,0,0,2,0,0
0,6,0,183,0,0,0,0,2,0,1
0,4,1,365,0,0,0,0,0,1,1
0,6,0,1,0,0,0,0,1,0,0
0,5,1,168,0,0,77,0,0,1,1
0,6,0,228,0,0,0,0,0,0,0
0,6,0,0,0,0,0,0,0,0,0
0,6,0,17,0,0,0,0,2,0,0
0,5,0,3,0,0,0,0,0,0,0
0,6,0,22,0,0,0,0,1,0,0
0,6,0,115,0,0,0,0,2,0,0
1,6,0,44,0,0,0,0,1,1,1
1,6,0,39,0,0,0,0,2,1,0
0,6,0,156,0,0,0,0,2,0,0
0,6,0,138,0,0,0,0,1,1,0
0,3,0,35,0,0,0,1,0,0,0
1,5,0,20,0,0,0,0,0,0,0
0,6,0,42,0,0,0,0,1,0,0
0,6,0,81,0,0,0,0,1,0,0
0,5,0,39,0,0,0,1,0,0,0
1,4,0,96,0,0,0,0,0,0,0
1,5,0,20,0,0,0,0,0,0,0
1,4,1,304,0,0,0,0,0,1,1
1,5,0,117,0,0,0,0,1,0,0
0,6,0,158,0,0,0,0,1,0,0
0,6,0,36,0,0,0,0,1,0,0
1,5,0,5,0,0,0,0,0,0,0
0,6,0,60,0,0,0,0,1,0,0
0,6,0,58,0,0,0,0,1,0,0
0,6,0,46,0,0,0,1,1,0,0
0,6,0,182,0,0,0,1,2,0,0
0,6,0,167,0,0,0,0,0,1,1
1,4,0,82,0,0,0,0,0,0,0
1,6,0,191,0,0,0,2,0,0,1
1,4,0,112,0,0,0,0,0,1,0
0,5,0,14,1,0,0,0,0,1,1
1,5,0,311,0,0,0,0,1,0,0
0,2,0,4,0,13,0,0,1,0,0
1,4,0,196,0,0,0,1,0,0,0
0,6,0,183,0,0,0,0,0,1,1
0,5,1,301,1,0,0,0,0,1,1
1,4,0,159,0,0,0,0,0,0,0
0,6,0,93,0,0,0,0,0,0,1
0,6,0,81,0,0,0,0,1,1,0
1,3,0,0,0,0,0,0,0,0,0
1,3,0,176,0,0,0,0,1,0,0
0,1,0,0,0,0,0,3,0,0,0
0,5,1,201,0,0,34,0,0,1,1
1,5,0,125,0,0,0,0,0,0,0
0,5,0,14,0,0,0,0,0,0,0
0,5,0,39,0,0,0,0,0,1,1
1,4,0,2,0,0,0,0,0,0,1
1,6,0,38,0,0,0,0,2,0,1
0,5,0,191,0,0,0,1,0,0,0
0,5,0,479,0,0,0,0,1,0,0
1,4,1,393,0,0,0,0,0,1,1
0,4,1,67,0,0,0,0,0,1,1
0,5,0,22,0,0,0,0,0,0,0
0,6,0,109,0,0,0,0,0,1,1
0,6,0,57,0,0,0,0,0,1,1
0,6,0,243,0,0,0,0,0,1,1
0,6,0,40,0,0,0,0,0,1,1
0,6,0,95,0,0,0,0,0,0,1
0,6,0,8,0,0,0,0,0,0,0
1,5,0,21,0,0,0,0,1,1,1
0,4,1,226,0,0,0,0,0,1,1
0,5,0,423,0,0,0,0,1,0,0
0,6,0,10,0,0,0,0,2,1,0
1,3,0,0,0,0,0,0,0,0,0
1,5,0,5,0,0,0,0,2,0,0
0,6,0,17,0,0,0,0,1,0,0
0,2,0,7,0,5,0,0,1,0,0
0,4,0,28,0,0,0,0,0,1,1
0,3,0,0,0,0,0,2,0,0,0
1,6,0,30,0,0,0,0,0,0,1
0,6,0,140,0,0,0,0,0,0,1
0,6,0,42,0,0,0,0,0,1,1
0,3,0,4,0,0,0,1,0,0,0
1,5,0,100,0,0,0,0,0,1,0
0,5,0,84,0,0,0,0,0,1,0
1,6,0,2,0,7,0,0,1,0,0
1,5,0,178,0,0,0,0,0,0,0
1,3,0,1,0,2,0,0,0,0,0
0,6,0,84,0,0,0,0,0,0,1
0,6,0,153,0,0,0,0,1,0,0
0,6,0,163,0,0,0,0,1,1,0
0,6,0,37,0,0,0,0,2,1,0
1,5,0,109,0,0,0,0,0,0,0
1,3,0,38,0,0,0,1,0,0,0
0,4,0,414,0,0,0,0,1,0,0
0,5,1,304,0,0,0,0,0,1,1
0,6,0,69,0,0,0,1,1,1,0
1,5,0,232,0,0,0,0,0,0,0
0,4,1,356,1,0,0,0,0,1,1
1,6,0,25,0,0,0,0,1,1,0
1,2,0,114,0,10,0,0,0,0,0
0,6,0,32,0,0,0,0,0,0,1
1,6,0,58,0,0,0,0,0,0,1
0,6,0,94,0,0,0,1,1,1,0
0,5,0,4,0,0,0,1,0,0,0
0,6,0,89,0,0,0,0,1,0,0
0,5,0,37,0,0,0,0,0,1,1
1,6,0,7,0,0,0,1,1,0,0
0,3,0,1,0,0,0,0,2,0,0
0,6,0,238,0,0,0,0,0,1,1
0,1,0,0,0,12,0,0,2,0,0
0,6,0,91,0,0,0,0,1,0,0
0,5,0,76,0,0,0,0,0,0,1
0,4,1,88,0,0,0,0,0,1,1
0,6,0,2,0,0,0,0,2,0,0
1,6,0,25,0,0,0,0,1,0,0
0,6,0,41,0,0,0,0,0,0,1
0,5,1,56,0,0,0,0,0,1,1
1,5,0,92,0,0,0,0,2,0,0
1,3,0,1,0,0,0,0,0,0,0
0,4,0,81,0,0,0,0,1,0,0
0,6,0,3,0,0,0,0,3,0,0
0,5,0,198,0,0,0,0,0,0,0
0,5,0,51,0,0,0,0,0,0,0
1,6,0,34,0,0,0,0,2,0,0
1,6,0,33,0,0,0,1,0,0,0
0,3,0,117,0,0,0,0,0,1,0
0,5,0,31,0,0,0,0,0,0,0
1,6,0,70,0,0,0,0,1,0,0
0,6,0,77,0,0,0,0,1,0,0
0,1,0,6,0,0,0,1,0,0,0
0,6,0,19,0,0,0,1,1,0,0
1,5,0,117,0,0,0,0,1,1,0
1,4,0,196,0,0,0,0,0,1,0
0,5,1,102,0,0,0,0,0,1,1
0,5,1,30,0,0,0,0,0,1,1
0,6,0,36,0,0,0,0,0,0,1
0,6,0,81,0,0,0,0,1,1,0
0,6,0,113,0,0,0,0,0,0,1
0,3,0,136,0,0,0,0,0,0,0
1,5,0,268,0,0,0,0,1,0,0
1,6,0,175,0,0,0,0,1,0,1
0,2,0,47,0,0,0,0,0,0,0
0,6,0,176,0,0,0,0,3,0,0
0,1,0,3,0,0,0,0,0,0,0
0,6,0,11,0,0,0,0,1,0,0
0,3,0,15,0,0,0,0,2,0,0
1,6,0,191,0,0,0,0,1,0,0
1,6,0,14,0,0,0,0,2,0,0
0,6,0,54,0,0,0,3,2,1,1
0,6,0,137,0,0,0,0,0,1,1
1,2,0,6,0,0,0,0,0,0,0
0,6,0,139,0,0,0,0,0,0,1
0,4,0,55,0,0,0,0,0,0,0
0,5,0,133,0,0,0,0,0,1,0
0,6,0,23,0,0,0,0,2,0,0
1,2,0,5,0,0,0,0,0,0,0
1,6,0,123,0,0,0,1,2,0,1
1,1,0,1,0,0,0,0,2,0,0
1,4,0,45,0,0,0,0,0,1,1
0,6,0,64,0,0,0,1,2,0,0
1,5,0,152,0,0,0,0,0,0,0
0,2,0,105,0,0,0,0,0,0,0
1,6,0,235,0,0,0,0,0,1,1
0,5,0,349,0,0,162,0,0,0,1
0,6,0,17,0,0,0,0,0,0,0
0,5,1,301,0,0,0,0,0,1,1
1,3,0,61,0,0,0,0,0,0,0
1,2,0,0,0,2,0,0,0,0,0
1,6,0,20,0,0,0,0,1,0,0
0,2,0,26,0,0,0,0,0,0,1
0,5,0,93,0,0,0,0,1,0,0
0,6,0,45,0,0,0,0,1,0,0
0,5,0,291,0,1,44,1,0,0,0
0,6,0,64,0,0,0,0,2,0,0
0,6,0,89,0,0,0,0,1,1,0
0,6,0,16,0,0,0,0,1,0,0
0,6,0,22,0,0,0,0,1,0,0
0,5,0,33,0,0,0,0,0,0,0
0,6,0,50,0,0,0,0,0,1,1
0,4,1,277,0,0,0,0,0,1,1
0,5,0,276,0,0,178,0,0,0,0
0,6,0,107,0,0,0,0,0,1,0
0,6,0,138,0,0,0,0,0,1,1
0,6,0,135,0,0,0,0,0,1,1
0,6,0,67,0,0,0,0,0,1,1
1,6,0,0,0,0,0,0,1,0,0
1,5,0,222,0,0,0,1,0,0,0
0,4,1,85,0,0,60,0,0,1,1
1,6,0,6,0,0,0,0,0,0,0
0,5,0,6,0,0,0,0,0,0,0
0,5,0,67,0,0,0,0,0,0,0
0,6,0,50,0,0,0,0,2,0,0
1,6,0,0,0,0,0,0,0,0,0
0,3,0,0,0,0,0,2,0,0,0
0,4,0,134,0,0,0,0,0,1,0
1,3,0,48,0,0,0,0,0,0,0
0,4,1,67,0,0,0,0,0,1,1
0,4,0,423,0,0,0,0,1,0,0
0,5,1,145,0,0,85,0,0,1,1
0,4,0,198,0,0,98,1,0,1,1
1,4,0,283,0,0,0,0,0,0,0
0,4,0,107,0,0,0,0,0,0,0
0,5,0,4,0,0,0,0,0,0,0
0,6,0,12,0,0,0,0,1,0,0
0,6,0,68,0,0,0,2,1,0,0
0,6,0,47,0,0,0,0,1,1,0
1,5,0,6,0,0,0,0,1,0,0
1,4,1,102,0,0,0,0,0,1,1
1,6,0,85,0,0,0,2,1,0,0
1,4,0,197,0,0,0,0,0,0,0
0,6,0,18,0,0,0,0,2,0,0
0,3,0,9,0,0,0,0,0,0,0
1,6,0,73,0,0,0,5,0,0,0
0,5,1,145,0,0,85,0,0,1,1
1,6,0,3,0,0,0,1,2,0,0
0,4,1,143,0,0,0,0,0,1,1
0,5,0,89,0,0,0,0,0,0,1
0,6,0,45,0,0,0,0,0,1,1
0,3,0,254,0,0,0,0,1,0,0
0,2,0,3,0,0,0,0,0,1,0
1,5,0,259,0,0,0,0,0,0,0
0,6,0,80,0,0,0,1,1,0,0
0,5,1,161,0,0,101,0,0,1,1
1,6,0,52,0,0,0,2,2,1,0
0,4,1,351,0,0,0,0,0,1,1
0,6,0,9,0,0,0,0,0,0,1
1,5,0,159,0,0,0,0,0,0,0
1,6,0,80,0,0,0,0,1,1,1
0,6,0,3,0,0,0,0,0,1,0
0,6,0,46,0,0,0,0,1,1,0
1,4,0,152,0,0,0,2,0,0,0
0,6,0,1,0,0,0,0,0,0,0
1,5,0,204,0,0,0,0,0,0,0
0,4,0,328,0,0,38,0,1,0,0
0,6,0,3,0,0,0,0,1,0,0
0,2,1,38,0,0,0,0,0,1,1
0,5,0,90,0,0,0,1,3,0,0
1,6,0,189,0,0,0,1,0,0,0
0,3,0,9,0,0,0,1,0,0,0
0,6,0,19,0,0,0,0,1,1,0
0,6,0,20,0,0,0,0,1,0,0
0,6,0,31,0,0,0,0,1,0,0
1,2,0,18,0,0,0,0,0,0,0
0,6,0,5,0,0,0,0,0,0,0
0,4,0,4,0,0,0,0,0,0,0
0,6,0,29,0,0,0,0,0,1,1
0,4,0,136,1,0,0,0,0,1,1
0,6,0,18,0,0,0,0,2,1,0
1,6,0,256,0,0,0,0,1,0,1
0,6,0,9,0,0,0,0,0,0,1
0,4,0,48,0,0,0,0,1,0,0
0,6,0,244,0,0,0,1,1,0,0
0,5,1,169,0,0,0,0,0,1,1
1,4,1,106,0,0,0,0,0,1,1
0,6,0,38,0,0,0,0,1,1,0
0,6,0,51,0,0,0,0,1,0,0
1,6,0,17,0,0,0,0,0,1,1
0,1,0,0,0,0,0,0,0,0,0
0,3,0,75,0,0,0,0,2,0,1
0,4,1,137,1,0,45,0,0,1,1
0,4,1,524,0,0,0,0,0,1,1
0,3,0,59,0,0,0,1,0,0,0
0,4,1,367,1,0,0,0,0,1,1
1,6,0,115,0,0,0,0,1,1,0
1,4,0,185,0,0,0,0,0,1,0
1,5,0,149,0,0,0,4,1,0,0
1,2,0,4,2,8,0,0,0,0,0
1,6,0,183,0,0,0,0,2,0,0
0,4,1,468,0,0,0,0,0,1,1
0,6,0,308,0,0,0,0,0,1,1
1,3,0,0,0,0,0,2,0,0,0
0,6,0,244,0,0,0,0,0,1,1
0,6,0,25,0,0,0,0,0,1,0
0,5,1,132,0,0,0,0,0,1,1
0,6,0,35,0,0,0,0,0,1,1
0,5,0,191,0,0,0,0,0,0,0
0,4,0,262,1,0,0,0,0,1,1
0,6,0,100,0,0,0,0,0,1,1
0,5,0,423,0,0,0,1,2,0,0
0,5,1,113,1,0,44,0,0,1,1
1,5,0,296,0,0,0,0,0,0,1
0,5,1,182,1,0,50,0,0,1,1
1,6,0,98,0,0,0,1,1,0,1
0,4,0,11,0,0,0,0,0,0,0
1,6,0,36,0,0,0,0,2,0,1
0,5,0,405,0,0,0,0,0,0,0
1,4,0,47,0,0,0,0,0,0,0
0,3,0,61,0,0,0,0,3,0,0
0,4,0,168,0,0,0,0,0,0,0
0,4,0,316,0,0,0,0,0,0,0
0,5,1,113,0,0,0,0,0,1,1
1,6,0,34,0,0,0,0,2,0,0
0,6,0,16,0,0,0,0,0,1,1
0,6,0,71,0,0,0,0,2,1,0
0,6,0,91,0,0,0,0,0,1,1
0,6,0,53,0,0,0,0,1,0,0
0,4,1,356,1,0,0,0,0,1,1
0,6,0,104,0,0,0,0,0,0,1
1,6,0,11,0,0,0,0,1,0,0
1,3,0,0,0,0,0,0,0,0,0
1,6,0,16,0,0,0,0,1,1,0
0,3,0,0,0,0,0,0,0,0,0
0,6,0,219,0,0,0,0,0,1,1
1,2,0,30,2,14,0,2,1,1,0
0,3,0,0,0,0,0,0,0,0,0
0,5,0,28,0,0,0,0,0,0,0
0,4,0,111,0,0,0,0,1,0,0
0,3,0,16,0,0,0,0,0,0,0
0,3,0,6,0,0,0,1,0,0,0
0,6,0,184,0,0,0,0,1,0,0
0,6,0,84,0,0,0,0,2,0,0
0,4,0,50,0,0,0,0,0,0,0
1,5,0,9,0,0,0,0,1,0,0
0,6,0,8,0,0,0,0,0,0,0
0,4,0,34,0,0,0,0,0,1,0
1,5,0,230,0,0,0,1,0,0,0
1,6,0,3,0,0,0,0,3,0,0
0,6,0,0,0,1,0,0,1,0,0
0,6,0,122,0,0,0,0,2,1,0
0,6,0,116,0,0,0,0,3,1,0
1,6,0,62,0,0,0,0,1,0,0
0,6,0,183,0,0,0,0,0,1,1
0,5,0,73,0,1,0,2,0,0,0
0,6,0,31,0,0,0,0,0,1,1
0,5,0,150,0,0,0,0,1,0,0
1,6,0,101,0,0,0,0,0,1,0
0,4,1,56,0,0,0,0,0,1,1
0,6,0,2,0,0,0,0,1,0,0
1,5,0,130,0,0,0,0,1,0,1
1,4,0,30,0,0,0,0,0,0,0
1,4,1,238,0,0,0,0,0,1,1
0,6,0,111,0,0,0,0,1,1,0
0,5,1,45,1,0,0,0,0,1,1
1,6,0,7,0,0,0,0,1,0,0
0,5,0,88,0,0,77,0,0,0,0
0,4,0,337,1,0,0,0,0,1,1
0,4,1,205,0,0,0,0,0,1,1
0,6,0,64,0,0,0,0,2,0,0
1,5,0,146,0,0,0,0,0,0,0
0,6,0,43,0,0,0,0,2,0,0
0,5,0,177,0,0,0,0,0,1,1
0,5,0,105,0,0,0,0,0,0,0
1,6,0,125,0,0,0,0,1,0,0
0,6,0,112,0,0,0,0,0,0,1
